[Licensing::Module] Trying to connect to existing licensing client channel...
Built from '6000.3/staging' branch; Version is '6000.3.7f1 (696ec25a53d1) revision 6909634'; Using compiler version '194234433'; Build Type 'Release'
OS: 'Windows 11  (10.0.26200) CoreSingleLanguage' Language: 'en' Physical Memory: 23370 MB
[Licensing::IpcConnector] Successfully connected to: "LicenseClient-phung" at "2026-05-08T11:30:21.1622413Z"
BatchMode: 1, IsHumanControllingUs: 0, StartBugReporterOnCrash: 0, Is64bit: 1
System  architecture: x64
Process architecture: x64
Date: 2026-05-08T11:30:21Z

COMMAND LINE ARGUMENTS:
C:\Program Files\Unity\Hub\Editor\6000.3.7f1\Editor\Unity.exe
-adb2
-batchMode
-noUpm
-name
AssetImportWorker0
-projectPath
D:/University/Game_Application_Development/Darkling-Quest
-logFile
Logs/AssetImportWorker0.log
-srvPort
64882
-licensingIpc
LicenseClient-phung
-job-worker-count
7
-background-job-worker-count
8
-gc-helper-count
1
-name
AssetImport
Successfully changed project path to: D:/University/Game_Application_Development/Darkling-Quest
D:/University/Game_Application_Development/Darkling-Quest
[UnityMemory] Configuration Parameters - Can be set up in boot.config
    "memorysetup-temp-allocator-size-nav-mesh-worker=65536"
    "memorysetup-temp-allocator-size-audio-worker=65536"
    "memorysetup-temp-allocator-size-gfx=262144"
    "memorysetup-allocator-temp-initial-block-size-main=262144"
    "memorysetup-allocator-temp-initial-block-size-worker=262144"
    "memorysetup-temp-allocator-size-background-worker=32768"
    "memorysetup-temp-allocator-size-job-worker=262144"
    "memorysetup-temp-allocator-size-preload-manager=33554432"
    "memorysetup-temp-allocator-size-gi-baking-worker=262144"
    "memorysetup-temp-allocator-size-gi-baking-worker=262144"
    "memorysetup-temp-allocator-size-gi-baking-worker=262144"
    "memorysetup-temp-allocator-size-gi-baking-worker=262144"
    "memorysetup-temp-allocator-size-gi-baking-worker=262144"
    "memorysetup-bucket-allocator-granularity=16"
    "memorysetup-bucket-allocator-bucket-count=8"
    "memorysetup-bucket-allocator-block-size=33554432"
    "memorysetup-bucket-allocator-block-count=8"
    "memorysetup-main-allocator-block-size=16777216"
    "memorysetup-thread-allocator-block-size=16777216"
    "memorysetup-gfx-main-allocator-block-size=16777216"
    "memorysetup-gfx-thread-allocator-block-size=16777216"
    "memorysetup-cache-allocator-block-size=4194304"
    "memorysetup-typetree-allocator-block-size=2097152"
    "memorysetup-profiler-bucket-allocator-granularity=16"
    "memorysetup-profiler-bucket-allocator-bucket-count=8"
    "memorysetup-profiler-bucket-allocator-block-size=33554432"
    "memorysetup-profiler-bucket-allocator-block-count=8"
    "memorysetup-profiler-allocator-block-size=16777216"
    "memorysetup-profiler-editor-allocator-block-size=1048576"
    "memorysetup-temp-allocator-size-main=16777216"
    "memorysetup-job-temp-allocator-block-size=2097152"
    "memorysetup-job-temp-allocator-block-size-background=1048576"
    "memorysetup-job-temp-allocator-reduction-small-platforms=262144"
    "memorysetup-temp-allocator-size-cloud-worker=32768"
Player connection [21256]  Target information:

Player connection [21256]  * "[IP] 10.10.59.37 [Port] 0 [Flags] 2 [Guid] 2546106501 [EditorId] 2546106501 [Version] 1048832 [Id] WindowsEditor(7,HubertPhung) [Debug] 1 [PackageName] WindowsEditor [ProjectName] Editor" 

Player connection [21256] Host joined multi-casting on [225.0.0.222:54997]...
Player connection [21256] Host joined alternative multi-casting on [225.0.0.222:34997]...
JobSystem: Creating JobQueue using job-worker-count value 7
Input System module state changed to: Initialized.
[Physics::Module] Initialized fallback backend.
[Physics::Module] Id: 0xdecafbad
Library Redirect Path: Library/
[Physics::Module] Selected backend.
[Physics::Module] Name: PhysX
[Physics::Module] Id: 0xf2b8ea05
[Physics::Module] SDK Version: 4.1.2
[Physics::Module] Integration Version: 1.0.0
[Physics::Module] Threading Mode: Multi-Threaded
Refreshing native plugins compatible for Editor in 13.05 ms, found 4 plugins.
Preloading 0 native plugins for Editor in 0.00 ms.
Initialize engine version: 6000.3.7f1 (696ec25a53d1)
[Subsystems] Discovering subsystems at path C:/Program Files/Unity/Hub/Editor/6000.3.7f1/Editor/Data/Resources/UnitySubsystems
[Subsystems] Discovering subsystems at path D:/University/Game_Application_Development/Darkling-Quest/Assets
GfxDevice: creating device client; kGfxThreadingModeNonThreaded
Direct3D:
    Version:  Direct3D 11.0 [level 11.1]
    Renderer: AMD Radeon(TM) Graphics (ID=0x164c)
    Vendor:   ATI
    VRAM:     11685 MB
    Driver:   31.0.21923.13006
Initialize mono
Mono path[0] = 'C:/Program Files/Unity/Hub/Editor/6000.3.7f1/Editor/Data/Managed'
Mono path[1] = 'C:/Program Files/Unity/Hub/Editor/6000.3.7f1/Editor/Data/MonoBleedingEdge/lib/mono/unityjit-win32'
Mono config path = 'C:/Program Files/Unity/Hub/Editor/6000.3.7f1/Editor/Data/MonoBleedingEdge/etc'
Using monoOptions --debugger-agent=transport=dt_socket,embedding=1,server=y,suspend=n,address=127.0.0.1:56588
Begin MonoManager ReloadAssembly
Registering precompiled unity dll's ...
Register platform support module: C:/Program Files/Unity/Hub/Editor/6000.3.7f1/Editor/Data/PlaybackEngines/WindowsStandaloneSupport/UnityEditor.WindowsStandalone.Extensions.dll
Registered in 0.005383 seconds.
- Loaded All Assemblies, in  1.362 seconds
Native extension for WindowsStandalone target not found
ScheduleIndexationOnStartup MainProcess:False IndexOnStartup:True
Mono: successfully reloaded assembly
- Finished resetting the current domain, in  1.479 seconds
Domain Reload Profiling: 2836ms
	BeginReloadAssembly (414ms)
		ExecutionOrderSort (0ms)
		DisableScriptedObjects (0ms)
		BackupInstance (0ms)
		ReleaseScriptingObjects (0ms)
		CreateAndSetChildDomain (2ms)
	RebuildCommonClasses (128ms)
	RebuildNativeTypeToScriptingClass (47ms)
	initialDomainReloadingComplete (155ms)
	LoadAllAssembliesAndSetupDomain (613ms)
		LoadAssemblies (404ms)
		RebuildTransferFunctionScriptingTraits (0ms)
		AnalyzeDomain (604ms)
			TypeCache.Refresh (600ms)
				TypeCache.ScanAssembly (562ms)
			BuildScriptInfoCaches (0ms)
			ResolveRequiredComponents (1ms)
	FinalizeReload (1480ms)
		ReleaseScriptCaches (0ms)
		RebuildScriptCaches (0ms)
		SetupLoadedEditorAssemblies (1343ms)
			LogAssemblyErrors (0ms)
			InitializePlatformSupportModulesInManaged (162ms)
			SetLoadedEditorAssemblies (13ms)
			BeforeProcessingInitializeOnLoad (380ms)
			ProcessInitializeOnLoadAttributes (558ms)
			ProcessInitializeOnLoadMethodAttributes (229ms)
			AfterProcessingInitializeOnLoad (0ms)
			EditorAssembliesLoaded (0ms)
		ExecutionOrderSort2 (0ms)
		AwakeInstancesAfterBackupRestoration (0ms)
========================================================================
Worker process is ready to serve import requests
Import Worker Mode flag is 0x00
Begin MonoManager ReloadAssembly
[Licensing::Module] Licensing is not yet initialized.
[Licensing::Client] Handshaking with LicensingClient:
  Version:                 1.17.4+4293ba1
  Session Id:              2cf92311d23042b892a41ae68eb4597d
  Correlation Id:          d314afb8028188622af5b5e3a6cef862
  External correlation Id: 2529018551057016365
  Machine Id:              zymwo4JgznGPzT08Hn+2l3330oU=
[Licensing::Module] Successfully connected to LicensingClient on channel: "LicenseClient-phung" (connect: 0.00s, validation: 0.00s, handshake: 6.07s)
[Licensing::IpcConnector] Successfully connected to: "LicenseClient-phung-notifications" at "2026-05-08T11:30:27.232477Z"
[Licensing::Module] Licensing Background thread has ended after 6.07s
[Licensing::Module] Licensing is initialized (took 1.04s).
[Licensing::Client] Successfully resolved entitlement details
[Licensing::Module] License group:
  Id: 18967844823795-UnityPersXXXX
  Product: Unity Personal
  Type: Assigned
  Expiration: Unlimited
- Loaded All Assemblies, in  3.036 seconds
Refreshing native plugins compatible for Editor in 2.77 ms, found 4 plugins.
Native extension for WindowsStandalone target not found
Package Manager log level set to [2]
[Package Manager] Failed to launch server process. Reason: Unity was launched with the -noUpm command-line argument
[Package Manager] Unable to send message (not connected to server process).
[Package Manager] Cannot connect to Unity Package Manager local server
ScheduleIndexationOnStartup MainProcess:False IndexOnStartup:True
Mono: successfully reloaded assembly
- Finished resetting the current domain, in  2.244 seconds
Domain Reload Profiling: 5274ms
	BeginReloadAssembly (1464ms)
		ExecutionOrderSort (0ms)
		DisableScriptedObjects (19ms)
		BackupInstance (0ms)
		ReleaseScriptingObjects (0ms)
		CreateAndSetChildDomain (84ms)
	RebuildCommonClasses (100ms)
	RebuildNativeTypeToScriptingClass (34ms)
	initialDomainReloadingComplete (95ms)
	LoadAllAssembliesAndSetupDomain (1335ms)
		LoadAssemblies (1006ms)
		RebuildTransferFunctionScriptingTraits (0ms)
		AnalyzeDomain (548ms)
			TypeCache.Refresh (407ms)
				TypeCache.ScanAssembly (380ms)
			BuildScriptInfoCaches (120ms)
			ResolveRequiredComponents (14ms)
	FinalizeReload (2246ms)
		ReleaseScriptCaches (0ms)
		RebuildScriptCaches (0ms)
		SetupLoadedEditorAssemblies (1875ms)
			LogAssemblyErrors (0ms)
			InitializePlatformSupportModulesInManaged (5ms)
			SetLoadedEditorAssemblies (10ms)
			BeforeProcessingInitializeOnLoad (537ms)
			ProcessInitializeOnLoadAttributes (1096ms)
			ProcessInitializeOnLoadMethodAttributes (210ms)
			AfterProcessingInitializeOnLoad (16ms)
			EditorAssembliesLoaded (1ms)
		ExecutionOrderSort2 (0ms)
		AwakeInstancesAfterBackupRestoration (20ms)
Launched and connected shader compiler UnityShaderCompiler.exe after 0.04 seconds
Refreshing native plugins compatible for Editor in 6.35 ms, found 4 plugins.
Preloading 0 native plugins for Editor in 0.00 ms.
Unloading 1 Unused Serialized files (Serialized files now loaded: 0)
Unloading 4947 unused Assets / (1.8 MB). Loaded Objects now: 5546.
Memory consumption went from 102.4 MB to 100.6 MB.
Total: 27.497000 ms (FindLiveObjects: 1.476300 ms CreateObjectMapping: 2.587300 ms MarkObjects: 18.012500 ms  DeleteObjects: 5.417200 ms)

========================================================================
Received Import Request.
  Time since last request: 5708.724715 seconds.
  path: Assets/Sprites/castle.png
  artifactKey: Guid(91d582da296b2054abd88f1efcf00f66) Importer(2089858483,b0f066a214c2f5e87bad3c948f4d605d)
Start importing Assets/Sprites/castle.png using Guid(91d582da296b2054abd88f1efcf00f66) Importer(2089858483,b0f066a214c2f5e87bad3c948f4d605d) (ScriptedImporter) -> (artifact id: '5f6cc0cf4a49b01f59ddadf3c507e17a') in 0.5127083 seconds
Number of updated asset objects reloaded before import = 0Number of asset objects unloaded after import = 4

========================================================================
Received Import Request.
  Time since last request: 0.000053 seconds.
  path: Assets/Sounds/Jump.wav
  artifactKey: Guid(6efd68c935ed7c04b987bcf45c2eef40) Importer(2089858483,b0f066a214c2f5e87bad3c948f4d605d)
Start importing Assets/Sounds/Jump.wav using Guid(6efd68c935ed7c04b987bcf45c2eef40) Importer(2089858483,b0f066a214c2f5e87bad3c948f4d605d) (ScriptedImporter) -> (artifact id: 'bbb6cbd6bf20625b8f514d20231efeda') in 0.1196387 seconds
Number of updated asset objects reloaded before import = 0Number of asset objects unloaded after import = 1

========================================================================
Received Import Request.
  Time since last request: 0.000242 seconds.
  path: Assets/Sprites/bg2.png
  artifactKey: Guid(0c1e32ba831250b4fa5aa04499b61094) Importer(2089858483,b0f066a214c2f5e87bad3c948f4d605d)
Start importing Assets/Sprites/bg2.png using Guid(0c1e32ba831250b4fa5aa04499b61094) Importer(2089858483,b0f066a214c2f5e87bad3c948f4d605d) (ScriptedImporter) -> (artifact id: 'bbae721b3f76b5b3afe568d0204311d7') in 0.0469661 seconds
Number of updated asset objects reloaded before import = 0Number of asset objects unloaded after import = 3

========================================================================
Received Import Request.
  Time since last request: 0.000070 seconds.
  path: Assets/Sprites/clouds04.png
  artifactKey: Guid(79825995c82908e4ca17e8a885884d4f) Importer(2089858483,b0f066a214c2f5e87bad3c948f4d605d)
Start importing Assets/Sprites/clouds04.png using Guid(79825995c82908e4ca17e8a885884d4f) Importer(2089858483,b0f066a214c2f5e87bad3c948f4d605d) (ScriptedImporter) -> (artifact id: 'b9629fa1bfb174e028e6357b66b1e2a4') in 0.0780229 seconds
Number of updated asset objects reloaded before import = 0Number of asset objects unloaded after import = 8

========================================================================
Received Import Request.
  Time since last request: 0.000073 seconds.
  path: Assets/Prefabs/Character (86).prefab
  artifactKey: Guid(978c988d91ce9c744abbdd49c485a140) Importer(2089858483,b0f066a214c2f5e87bad3c948f4d605d)
Start importing Assets/Prefabs/Character (86).prefab using Guid(978c988d91ce9c744abbdd49c485a140) Importer(2089858483,b0f066a214c2f5e87bad3c948f4d605d) (ScriptedImporter) -> (artifact id: 'c02c6f18e08f572995114edd26855d97') in 0.3265953 seconds
Number of updated asset objects reloaded before import = 0Number of asset objects unloaded after import = 43

========================================================================
Received Import Request.
  Time since last request: 0.000062 seconds.
  path: Assets/Prefabs/Blood_Effect.prefab
  artifactKey: Guid(3953ecce040279b49bc8cac1da75ce49) Importer(2089858483,b0f066a214c2f5e87bad3c948f4d605d)
Start importing Assets/Prefabs/Blood_Effect.prefab using Guid(3953ecce040279b49bc8cac1da75ce49) Importer(2089858483,b0f066a214c2f5e87bad3c948f4d605d) (ScriptedImporter) -> (artifact id: 'fbad53e891b9ccc8944722c50ab16c9a') in 0.3130432 seconds
Number of updated asset objects reloaded before import = 0Number of asset objects unloaded after import = 7

========================================================================
Received Import Request.
  Time since last request: 0.000074 seconds.
  path: Assets/Sprites/levelSelection.png
  artifactKey: Guid(bb089dba5b42fae47b19d96359ece463) Importer(2089858483,b0f066a214c2f5e87bad3c948f4d605d)
Start importing Assets/Sprites/levelSelection.png using Guid(bb089dba5b42fae47b19d96359ece463) Importer(2089858483,b0f066a214c2f5e87bad3c948f4d605d) (ScriptedImporter) -> (artifact id: 'eefe03e21879a7bfa257bdd4a2c540e8') in 0.0348797 seconds
Number of updated asset objects reloaded before import = 0Number of asset objects unloaded after import = 3

========================================================================
Received Import Request.
  Time since last request: 0.000043 seconds.
  path: Assets/Sprites/bg3.png
  artifactKey: Guid(8f5eb49254b2c4747a0745886f82fcc5) Importer(2089858483,b0f066a214c2f5e87bad3c948f4d605d)
Start importing Assets/Sprites/bg3.png using Guid(8f5eb49254b2c4747a0745886f82fcc5) Importer(2089858483,b0f066a214c2f5e87bad3c948f4d605d) (ScriptedImporter) -> (artifact id: 'd4fa071b72775b119829147b0dade28e') in 0.0271222 seconds
Number of updated asset objects reloaded before import = 0Number of asset objects unloaded after import = 3

========================================================================
Received Import Request.
  Time since last request: 0.000056 seconds.
  path: Assets/Animations/Character Anims (4)/attack.anim
  artifactKey: Guid(d5978c9b159e36f4f816b553aa1417f5) Importer(2089858483,b0f066a214c2f5e87bad3c948f4d605d)
Start importing Assets/Animations/Character Anims (4)/attack.anim using Guid(d5978c9b159e36f4f816b553aa1417f5) Importer(2089858483,b0f066a214c2f5e87bad3c948f4d605d) (ScriptedImporter) -> (artifact id: '1c0467c315acbf7fb771095701a5c1c5') in 0.0324331 seconds
Number of updated asset objects reloaded before import = 0Number of asset objects unloaded after import = 1

========================================================================
Received Import Request.
  Time since last request: 0.000216 seconds.
  path: Assets/Animations/Character Anims (3)/attack.anim
  artifactKey: Guid(dc4f86a2f10e7ae4cbaad27f8cbb7b1c) Importer(2089858483,b0f066a214c2f5e87bad3c948f4d605d)
Start importing Assets/Animations/Character Anims (3)/attack.anim using Guid(dc4f86a2f10e7ae4cbaad27f8cbb7b1c) Importer(2089858483,b0f066a214c2f5e87bad3c948f4d605d) (ScriptedImporter) -> (artifact id: '6df06b96e98fd820c9fe4fa57f5178b0') in 0.0114735 seconds
Number of updated asset objects reloaded before import = 0Number of asset objects unloaded after import = 1

========================================================================
Received Import Request.
  Time since last request: 0.000152 seconds.
  path: Assets/Animations/Character Anims (10)/attack.anim
  artifactKey: Guid(9bdeb3306528d114aacff6d9169d1915) Importer(2089858483,b0f066a214c2f5e87bad3c948f4d605d)
Start importing Assets/Animations/Character Anims (10)/attack.anim using Guid(9bdeb3306528d114aacff6d9169d1915) Importer(2089858483,b0f066a214c2f5e87bad3c948f4d605d) (ScriptedImporter) -> (artifact id: '3af7362df095e98f3dc06fff92f456f7') in 0.0129188 seconds
Number of updated asset objects reloaded before import = 0Number of asset objects unloaded after import = 1

========================================================================
Received Import Request.
  Time since last request: 0.000331 seconds.
  path: Assets/Sprites/circle.png
  artifactKey: Guid(b0c3e267907ca7642a5d5777dc3a8289) Importer(2089858483,b0f066a214c2f5e87bad3c948f4d605d)
Start importing Assets/Sprites/circle.png using Guid(b0c3e267907ca7642a5d5777dc3a8289) Importer(2089858483,b0f066a214c2f5e87bad3c948f4d605d) (ScriptedImporter) -> (artifact id: '5527e2e618f706fe925ca45d7cb5dfd0') in 0.0293074 seconds
Number of updated asset objects reloaded before import = 0Number of asset objects unloaded after import = 3

========================================================================
Received Import Request.
  Time since last request: 0.000073 seconds.
  path: Assets/Prefabs/Setting menu.prefab
  artifactKey: Guid(21fa7c0614e796e4faee102650f01617) Importer(2089858483,b0f066a214c2f5e87bad3c948f4d605d)
Start importing Assets/Prefabs/Setting menu.prefab using Guid(21fa7c0614e796e4faee102650f01617) Importer(2089858483,b0f066a214c2f5e87bad3c948f4d605d) (ScriptedImporter) -> (artifact id: 'de9b2f4e6f6f6caddf33d0237ce36da4') in 0.1956578 seconds
Number of updated asset objects reloaded before import = 0Number of asset objects unloaded after import = 163

========================================================================
Received Import Request.
  Time since last request: 0.000084 seconds.
  path: Assets/Sprites/enemy2.png
  artifactKey: Guid(9ee618e531f072f40b67c09925421455) Importer(2089858483,b0f066a214c2f5e87bad3c948f4d605d)
Start importing Assets/Sprites/enemy2.png using Guid(9ee618e531f072f40b67c09925421455) Importer(2089858483,b0f066a214c2f5e87bad3c948f4d605d) (ScriptedImporter) -> (artifact id: 'f97b2645914d61ff9cba893c885accb4') in 0.0351447 seconds
Number of updated asset objects reloaded before import = 0Number of asset objects unloaded after import = 8

========================================================================
Received Import Request.
  Time since last request: 0.000062 seconds.
  path: Assets/Scripts/Flag.cs
  artifactKey: Guid(a9fdce9e75695dd4a8af2688a9e9ba69) Importer(2089858483,b0f066a214c2f5e87bad3c948f4d605d)
Start importing Assets/Scripts/Flag.cs using Guid(a9fdce9e75695dd4a8af2688a9e9ba69) Importer(2089858483,b0f066a214c2f5e87bad3c948f4d605d) (ScriptedImporter) -> (artifact id: '602ecdf7ba4b1b6e546426614eb2222c') in 0.0098129 seconds
Number of updated asset objects reloaded before import = 0Number of asset objects unloaded after import = 0

========================================================================
Received Import Request.
  Time since last request: 0.000419 seconds.
  path: Assets/Prefabs/Fireball_Player.prefab
  artifactKey: Guid(216e5475a01a68f41aeec1c39e3fdb59) Importer(2089858483,b0f066a214c2f5e87bad3c948f4d605d)
Start importing Assets/Prefabs/Fireball_Player.prefab using Guid(216e5475a01a68f41aeec1c39e3fdb59) Importer(2089858483,b0f066a214c2f5e87bad3c948f4d605d) (ScriptedImporter) -> (artifact id: 'b7d9281f6bee8d31973400045ddbc03c') in 0.0193363 seconds
Number of updated asset objects reloaded before import = 0Number of asset objects unloaded after import = 8

========================================================================
Received Import Request.
  Time since last request: 0.000044 seconds.
  path: Assets/Materials/PlayerMaterial.physicsMaterial2D
  artifactKey: Guid(7f698e6a4b5edcb4186a54c9b64d6079) Importer(2089858483,b0f066a214c2f5e87bad3c948f4d605d)
Start importing Assets/Materials/PlayerMaterial.physicsMaterial2D using Guid(7f698e6a4b5edcb4186a54c9b64d6079) Importer(2089858483,b0f066a214c2f5e87bad3c948f4d605d) (ScriptedImporter) -> (artifact id: 'a0e287459d2168dde7d88867ddc16940') in 0.012706 seconds
Number of updated asset objects reloaded before import = 0Number of asset objects unloaded after import = 1

========================================================================
Received Import Request.
  Time since last request: 0.000246 seconds.
  path: Assets/Prefabs/Palm_Tree.prefab
  artifactKey: Guid(c6b7fb383a3534b039692b5485b6e739) Importer(2089858483,b0f066a214c2f5e87bad3c948f4d605d)
Start importing Assets/Prefabs/Palm_Tree.prefab using Guid(c6b7fb383a3534b039692b5485b6e739) Importer(2089858483,b0f066a214c2f5e87bad3c948f4d605d) (ScriptedImporter) -> (artifact id: 'bfc26fed58b3b91c36dfce78d8d050f6') in 0.0370137 seconds
Number of updated asset objects reloaded before import = 0Number of asset objects unloaded after import = 8

========================================================================
Received Import Request.
  Time since last request: 0.000059 seconds.
  path: Assets/Sprites/weapons.png
  artifactKey: Guid(73586e7059261ba4683b8611c1a619b3) Importer(2089858483,b0f066a214c2f5e87bad3c948f4d605d)
Start importing Assets/Sprites/weapons.png using Guid(73586e7059261ba4683b8611c1a619b3) Importer(2089858483,b0f066a214c2f5e87bad3c948f4d605d) (ScriptedImporter) -> (artifact id: '112fa644db44f2a7bdfc1c0dbd1b045e') in 0.0387569 seconds
Number of updated asset objects reloaded before import = 0Number of asset objects unloaded after import = 6

========================================================================
Received Import Request.
  Time since last request: 0.000044 seconds.
  path: Assets/Scenes/Level1.unity
  artifactKey: Guid(2cda990e2423bbf4892e6590ba056729) Importer(2089858483,b0f066a214c2f5e87bad3c948f4d605d)
Start importing Assets/Scenes/Level1.unity using Guid(2cda990e2423bbf4892e6590ba056729) Importer(2089858483,b0f066a214c2f5e87bad3c948f4d605d) (ScriptedImporter) -> (artifact id: '5f68fa2524e261bf74d99d2a506158d9') in 0.0231275 seconds
Number of updated asset objects reloaded before import = 0Number of asset objects unloaded after import = 1

========================================================================
Received Import Request.
  Time since last request: 0.000148 seconds.
  path: Assets/Prefabs/Character (92).prefab
  artifactKey: Guid(3a8b732b869882f45be1f166e655306d) Importer(2089858483,b0f066a214c2f5e87bad3c948f4d605d)
Start importing Assets/Prefabs/Character (92).prefab using Guid(3a8b732b869882f45be1f166e655306d) Importer(2089858483,b0f066a214c2f5e87bad3c948f4d605d) (ScriptedImporter) -> (artifact id: 'aacd6da2dabbb30f2d47621fa3a63ec4') in 0.1071722 seconds
Number of updated asset objects reloaded before import = 0Number of asset objects unloaded after import = 36

========================================================================
Received Import Request.
  Time since last request: 0.000069 seconds.
  path: Assets/Sprites/platforms5.png
  artifactKey: Guid(fb7a8e00671cc924d910360f9c9a9d6b) Importer(2089858483,b0f066a214c2f5e87bad3c948f4d605d)
Start importing Assets/Sprites/platforms5.png using Guid(fb7a8e00671cc924d910360f9c9a9d6b) Importer(2089858483,b0f066a214c2f5e87bad3c948f4d605d) (ScriptedImporter) -> (artifact id: 'c6fc2d3cab6ce68ea0f732c9a4aa3061') in 0.0382206 seconds
Number of updated asset objects reloaded before import = 0Number of asset objects unloaded after import = 5

========================================================================
Received Import Request.
  Time since last request: 0.000070 seconds.
  path: Assets/Animations/Enemy1/idle.anim
  artifactKey: Guid(2520a018b0b19aa42be6923dd2ffea30) Importer(2089858483,b0f066a214c2f5e87bad3c948f4d605d)
Start importing Assets/Animations/Enemy1/idle.anim using Guid(2520a018b0b19aa42be6923dd2ffea30) Importer(2089858483,b0f066a214c2f5e87bad3c948f4d605d) (ScriptedImporter) -> (artifact id: '8ed5a6e620fb36117a139e46c1492bfa') in 0.0127131 seconds
Number of updated asset objects reloaded before import = 0Number of asset objects unloaded after import = 1

========================================================================
Received Import Request.
  Time since last request: 0.000277 seconds.
  path: Assets/Animations/Character Anims (4)/move.anim
  artifactKey: Guid(d05eede545bd5cf4d990bfb068b620c5) Importer(2089858483,b0f066a214c2f5e87bad3c948f4d605d)
Start importing Assets/Animations/Character Anims (4)/move.anim using Guid(d05eede545bd5cf4d990bfb068b620c5) Importer(2089858483,b0f066a214c2f5e87bad3c948f4d605d) (ScriptedImporter) -> (artifact id: '104b94610a592c45a808a67c9c3ec87e') in 0.0138572 seconds
Number of updated asset objects reloaded before import = 0Number of asset objects unloaded after import = 1

========================================================================
Received Import Request.
  Time since last request: 0.000084 seconds.
  path: Assets/Animations/Character Anims (9)/idle.anim
  artifactKey: Guid(0b30b89d82532fd4eb1ed6f46d04f697) Importer(2089858483,b0f066a214c2f5e87bad3c948f4d605d)
Start importing Assets/Animations/Character Anims (9)/idle.anim using Guid(0b30b89d82532fd4eb1ed6f46d04f697) Importer(2089858483,b0f066a214c2f5e87bad3c948f4d605d) (ScriptedImporter) -> (artifact id: 'a8ee8db0651b0fd6931c53f80e3aa1ff') in 0.0145101 seconds
Number of updated asset objects reloaded before import = 0Number of asset objects unloaded after import = 1

========================================================================
Received Import Request.
  Time since last request: 0.000225 seconds.
  path: Assets/Animations/Player/idle.anim
  artifactKey: Guid(67b0c82c75606224bbe6cdc08bc3eba1) Importer(2089858483,b0f066a214c2f5e87bad3c948f4d605d)
Start importing Assets/Animations/Player/idle.anim using Guid(67b0c82c75606224bbe6cdc08bc3eba1) Importer(2089858483,b0f066a214c2f5e87bad3c948f4d605d) (ScriptedImporter) -> (artifact id: 'fe8b62c1c3393889579068503fabb627') in 0.0134767 seconds
Number of updated asset objects reloaded before import = 0Number of asset objects unloaded after import = 1

========================================================================
Received Import Request.
  Time since last request: 0.000165 seconds.
  path: Assets/AstarPathfindingProject/Core/AstarPath.cs
  artifactKey: Guid(78396926cbbfc4ac3b48fc5fc34a87d1) Importer(2089858483,b0f066a214c2f5e87bad3c948f4d605d)
Start importing Assets/AstarPathfindingProject/Core/AstarPath.cs using Guid(78396926cbbfc4ac3b48fc5fc34a87d1) Importer(2089858483,b0f066a214c2f5e87bad3c948f4d605d) (ScriptedImporter) -> (artifact id: '2e389938844aae8743bd11466442050d') in 0.0089855 seconds
Number of updated asset objects reloaded before import = 0Number of asset objects unloaded after import = 0

========================================================================
Received Import Request.
  Time since last request: 0.000240 seconds.
  path: Assets/AstarPathfindingProject/Core/GraphUpdateScene.cs
  artifactKey: Guid(efee954c69f0d421086729bb8df1137f) Importer(2089858483,b0f066a214c2f5e87bad3c948f4d605d)
Start importing Assets/AstarPathfindingProject/Core/GraphUpdateScene.cs using Guid(efee954c69f0d421086729bb8df1137f) Importer(2089858483,b0f066a214c2f5e87bad3c948f4d605d) (ScriptedImporter) -> (artifact id: '3bfcb3cada3cfebd0f96543ea707e5ec') in 0.0084235 seconds
Number of updated asset objects reloaded before import = 0Number of asset objects unloaded after import = 0

========================================================================
Received Import Request.
  Time since last request: 0.000320 seconds.
  path: Assets/Animations/Character Anims (5)/move.anim
  artifactKey: Guid(682b6baf335926241bb32253ef3d7372) Importer(2089858483,b0f066a214c2f5e87bad3c948f4d605d)
Start importing Assets/Animations/Character Anims (5)/move.anim using Guid(682b6baf335926241bb32253ef3d7372) Importer(2089858483,b0f066a214c2f5e87bad3c948f4d605d) (ScriptedImporter) -> (artifact id: '4f106807df581a6038cbf0e023b2da75') in 0.0128723 seconds
Number of updated asset objects reloaded before import = 0Number of asset objects unloaded after import = 1

========================================================================
Received Import Request.
  Time since last request: 0.000183 seconds.
  path: Assets/Animations/FadeIn/Panel.controller
  artifactKey: Guid(3b375ae8865349042928215b39939e6e) Importer(2089858483,b0f066a214c2f5e87bad3c948f4d605d)
Start importing Assets/Animations/FadeIn/Panel.controller using Guid(3b375ae8865349042928215b39939e6e) Importer(2089858483,b0f066a214c2f5e87bad3c948f4d605d) (ScriptedImporter) -> (artifact id: '180a6b43eb893398bcdf7961d66963c6') in 0.0106165 seconds
Number of updated asset objects reloaded before import = 0Number of asset objects unloaded after import = 4

========================================================================
Received Import Request.
  Time since last request: 0.000063 seconds.
  path: Assets/Animations/Shake/Virtual Camera.controller
  artifactKey: Guid(cb7c3adecf04d3c48ba0d1c5957b1724) Importer(2089858483,b0f066a214c2f5e87bad3c948f4d605d)
Start importing Assets/Animations/Shake/Virtual Camera.controller using Guid(cb7c3adecf04d3c48ba0d1c5957b1724) Importer(2089858483,b0f066a214c2f5e87bad3c948f4d605d) (ScriptedImporter) -> (artifact id: '19dde916a223552435905491543931aa') in 0.0125877 seconds
Number of updated asset objects reloaded before import = 0Number of asset objects unloaded after import = 8

========================================================================
Received Import Request.
  Time since last request: 0.000039 seconds.
  path: Assets/Animations/FadeIn/fadeIn.anim
  artifactKey: Guid(067fbc10dc1774d449cf0c5d4d060da4) Importer(2089858483,b0f066a214c2f5e87bad3c948f4d605d)
Start importing Assets/Animations/FadeIn/fadeIn.anim using Guid(067fbc10dc1774d449cf0c5d4d060da4) Importer(2089858483,b0f066a214c2f5e87bad3c948f4d605d) (ScriptedImporter) -> (artifact id: 'cd8a0d20da282ab017f52dff18f186d1') in 0.0112907 seconds
Number of updated asset objects reloaded before import = 0Number of asset objects unloaded after import = 1

========================================================================
Received Import Request.
  Time since last request: 0.000098 seconds.
  path: Assets/Animations/Player/attack.anim
  artifactKey: Guid(e2f8b43d8700a934d9bf3f6caa2374e5) Importer(2089858483,b0f066a214c2f5e87bad3c948f4d605d)
Start importing Assets/Animations/Player/attack.anim using Guid(e2f8b43d8700a934d9bf3f6caa2374e5) Importer(2089858483,b0f066a214c2f5e87bad3c948f4d605d) (ScriptedImporter) -> (artifact id: 'b18287e6ad92b3ee128ab8874fc43ffe') in 0.014863 seconds
Number of updated asset objects reloaded before import = 0Number of asset objects unloaded after import = 1

========================================================================
Received Import Request.
  Time since last request: 0.000044 seconds.
  path: Assets/Animations/Warlock/Warlock.controller
  artifactKey: Guid(1334cf4846d0d294498fb650a2a042ff) Importer(2089858483,b0f066a214c2f5e87bad3c948f4d605d)
Start importing Assets/Animations/Warlock/Warlock.controller using Guid(1334cf4846d0d294498fb650a2a042ff) Importer(2089858483,b0f066a214c2f5e87bad3c948f4d605d) (ScriptedImporter) -> (artifact id: '598fa491efd2409340bd028d53f95293') in 0.0102173 seconds
Number of updated asset objects reloaded before import = 0Number of asset objects unloaded after import = 4

========================================================================
Received Import Request.
  Time since last request: 0.000043 seconds.
  path: Assets/Sprites/MainMenu 1.png
  artifactKey: Guid(6cd75cad57f32fc4a811b50ba74947c4) Importer(2089858483,b0f066a214c2f5e87bad3c948f4d605d)
Start importing Assets/Sprites/MainMenu 1.png using Guid(6cd75cad57f32fc4a811b50ba74947c4) Importer(2089858483,b0f066a214c2f5e87bad3c948f4d605d) (ScriptedImporter) -> (artifact id: '28a472b54f46466dee33b2ac3d1275aa') in 0.0280425 seconds
Number of updated asset objects reloaded before import = 0Number of asset objects unloaded after import = 4

========================================================================
Received Import Request.
  Time since last request: 0.000045 seconds.
  path: Assets/Prefabs/Warlock.prefab
  artifactKey: Guid(18edeaf785148804b857b1b45b548b5e) Importer(2089858483,b0f066a214c2f5e87bad3c948f4d605d)
Start importing Assets/Prefabs/Warlock.prefab using Guid(18edeaf785148804b857b1b45b548b5e) Importer(2089858483,b0f066a214c2f5e87bad3c948f4d605d) (ScriptedImporter) -> (artifact id: 'baece7a48f53179c599d3406b937ccee') in 0.0267519 seconds
Number of updated asset objects reloaded before import = 0Number of asset objects unloaded after import = 29

========================================================================
Received Import Request.
  Time since last request: 0.000061 seconds.
  path: Assets/Prefabs/Character (19).prefab
  artifactKey: Guid(4417795f22e79254a890defe8ebcdabb) Importer(2089858483,b0f066a214c2f5e87bad3c948f4d605d)
Start importing Assets/Prefabs/Character (19).prefab using Guid(4417795f22e79254a890defe8ebcdabb) Importer(2089858483,b0f066a214c2f5e87bad3c948f4d605d) (ScriptedImporter) -> (artifact id: '4c2269026609c8cbdf53d6605fff3b77') in 0.0788847 seconds
Number of updated asset objects reloaded before import = 0Number of asset objects unloaded after import = 28

========================================================================
Received Import Request.
  Time since last request: 0.000070 seconds.
  path: Assets/Scenes/LevelSelection.unity
  artifactKey: Guid(c980447114d12aa48b6fe786f54e5fc5) Importer(2089858483,b0f066a214c2f5e87bad3c948f4d605d)
Start importing Assets/Scenes/LevelSelection.unity using Guid(c980447114d12aa48b6fe786f54e5fc5) Importer(2089858483,b0f066a214c2f5e87bad3c948f4d605d) (ScriptedImporter) -> (artifact id: 'a3e6aa6a8b310d1ede12039cf5623cd1') in 0.0108773 seconds
Number of updated asset objects reloaded before import = 0Number of asset objects unloaded after import = 1

========================================================================
Received Import Request.
  Time since last request: 0.000251 seconds.
  path: Assets/Prefabs/Post Processing.prefab
  artifactKey: Guid(5e5839c2775da324cb9920999e864e1c) Importer(2089858483,b0f066a214c2f5e87bad3c948f4d605d)
Start importing Assets/Prefabs/Post Processing.prefab using Guid(5e5839c2775da324cb9920999e864e1c) Importer(2089858483,b0f066a214c2f5e87bad3c948f4d605d) (ScriptedImporter) -> (artifact id: 'be8fb7ca1f7307ec2cb1a65983c8bdec') in 0.0084324 seconds
Number of updated asset objects reloaded before import = 0Number of asset objects unloaded after import = 5

========================================================================
Received Import Request.
  Time since last request: 0.000105 seconds.
  path: Assets/Scripts/Patrol.cs
  artifactKey: Guid(62cefad715cea45478f016cd05f24557) Importer(2089858483,b0f066a214c2f5e87bad3c948f4d605d)
Start importing Assets/Scripts/Patrol.cs using Guid(62cefad715cea45478f016cd05f24557) Importer(2089858483,b0f066a214c2f5e87bad3c948f4d605d) (ScriptedImporter) -> (artifact id: '7140b404bca8fb3902addd1b3422406e') in 0.0080334 seconds
Number of updated asset objects reloaded before import = 0Number of asset objects unloaded after import = 0

========================================================================
Received Import Request.
  Time since last request: 0.000215 seconds.
  path: Assets/Animations/Goblin/Goblin.controller
  artifactKey: Guid(dce8ccff383151845bfdcb261035eae1) Importer(2089858483,b0f066a214c2f5e87bad3c948f4d605d)
Start importing Assets/Animations/Goblin/Goblin.controller using Guid(dce8ccff383151845bfdcb261035eae1) Importer(2089858483,b0f066a214c2f5e87bad3c948f4d605d) (ScriptedImporter) -> (artifact id: '67ec2f3df9172f4f89319495348e52d8') in 0.0131769 seconds
Number of updated asset objects reloaded before import = 0Number of asset objects unloaded after import = 8

========================================================================
Received Import Request.
  Time since last request: 0.000027 seconds.
  path: Assets/Sounds/PlayerHurt.wav
  artifactKey: Guid(f86aa61368e9dc848b908003bb4ba3ee) Importer(2089858483,b0f066a214c2f5e87bad3c948f4d605d)
Start importing Assets/Sounds/PlayerHurt.wav using Guid(f86aa61368e9dc848b908003bb4ba3ee) Importer(2089858483,b0f066a214c2f5e87bad3c948f4d605d) (ScriptedImporter) -> (artifact id: 'b62f77a688435db0437f0d3b4162bb3b') in 0.0675485 seconds
Number of updated asset objects reloaded before import = 0Number of asset objects unloaded after import = 1

========================================================================
Received Import Request.
  Time since last request: 0.000155 seconds.
  path: Assets/Sounds/NewAudioMixer.mixer
  artifactKey: Guid(f421c8bd4d8166b4d8d4330ade1883e1) Importer(2089858483,b0f066a214c2f5e87bad3c948f4d605d)
Start importing Assets/Sounds/NewAudioMixer.mixer using Guid(f421c8bd4d8166b4d8d4330ade1883e1) Importer(2089858483,b0f066a214c2f5e87bad3c948f4d605d) (ScriptedImporter)Refreshing native plugins compatible for Editor in 4.17 ms, found 4 plugins.
Preloading 0 native plugins for Editor in 0.00 ms.
 -> (artifact id: '04bd1095311a69c1f7739624ca2a3f94') in 0.0308628 seconds
Number of updated asset objects reloaded before import = 0Number of asset objects unloaded after import = 9

========================================================================
Received Import Request.
  Time since last request: 0.000041 seconds.
  path: Assets/Scripts/Obstance.cs
  artifactKey: Guid(2b2d2f800db440a4383845a569fed536) Importer(2089858483,b0f066a214c2f5e87bad3c948f4d605d)
Start importing Assets/Scripts/Obstance.cs using Guid(2b2d2f800db440a4383845a569fed536) Importer(2089858483,b0f066a214c2f5e87bad3c948f4d605d) (ScriptedImporter) -> (artifact id: 'aa3156bd299568a97665130774466105') in 0.0068356 seconds
Number of updated asset objects reloaded before import = 0Number of asset objects unloaded after import = 0

========================================================================
Received Import Request.
  Time since last request: 0.000195 seconds.
  path: Assets/Animations/Character Anims (2)/Character (11).controller
  artifactKey: Guid(0930c9d76bc25f8419ffd13590f52c2e) Importer(2089858483,b0f066a214c2f5e87bad3c948f4d605d)
Start importing Assets/Animations/Character Anims (2)/Character (11).controller using Guid(0930c9d76bc25f8419ffd13590f52c2e) Importer(2089858483,b0f066a214c2f5e87bad3c948f4d605d) (ScriptedImporter) -> (artifact id: '7920a4d2c1a227b3daf67f861a6517ae') in 0.014783 seconds
Number of updated asset objects reloaded before import = 0Number of asset objects unloaded after import = 13

========================================================================
Received Import Request.
  Time since last request: 0.000046 seconds.
  path: Assets/Animations/Enemy_orange/Enemy_orange.controller
  artifactKey: Guid(1be480533bcd0f74391dc3f13e4b3cc2) Importer(2089858483,b0f066a214c2f5e87bad3c948f4d605d)
Start importing Assets/Animations/Enemy_orange/Enemy_orange.controller using Guid(1be480533bcd0f74391dc3f13e4b3cc2) Importer(2089858483,b0f066a214c2f5e87bad3c948f4d605d) (ScriptedImporter) -> (artifact id: '7a77b300a70db4d32c44fe82d9c13cc5') in 0.0106537 seconds
Number of updated asset objects reloaded before import = 0Number of asset objects unloaded after import = 8

========================================================================
Received Import Request.
  Time since last request: 0.000041 seconds.
  path: Assets/Animations/Character Anims (5)/Character (41).controller
  artifactKey: Guid(2ba1ed6fbbb035f4a8fd10c7cd0f65fa) Importer(2089858483,b0f066a214c2f5e87bad3c948f4d605d)
Start importing Assets/Animations/Character Anims (5)/Character (41).controller using Guid(2ba1ed6fbbb035f4a8fd10c7cd0f65fa) Importer(2089858483,b0f066a214c2f5e87bad3c948f4d605d) (ScriptedImporter) -> (artifact id: '87570033540bb2bd1b83301cda013f2e') in 0.0138386 seconds
Number of updated asset objects reloaded before import = 0Number of asset objects unloaded after import = 13

========================================================================
Received Import Request.
  Time since last request: 0.000121 seconds.
  path: Assets/Sprites/bg (2).png
  artifactKey: Guid(593c4e66a791a774489aaa71fdcbfe38) Importer(2089858483,b0f066a214c2f5e87bad3c948f4d605d)
Start importing Assets/Sprites/bg (2).png using Guid(593c4e66a791a774489aaa71fdcbfe38) Importer(2089858483,b0f066a214c2f5e87bad3c948f4d605d) (ScriptedImporter) -> (artifact id: '65abae1b2366d8749736fce38a59d41c') in 0.0465463 seconds
Number of updated asset objects reloaded before import = 0Number of asset objects unloaded after import = 6

========================================================================
Received Import Request.
  Time since last request: 0.000160 seconds.
  path: Assets/Animations/Character Anims (8)/move.anim
  artifactKey: Guid(c853ac49e39992a498386d5106d6238b) Importer(2089858483,b0f066a214c2f5e87bad3c948f4d605d)
Start importing Assets/Animations/Character Anims (8)/move.anim using Guid(c853ac49e39992a498386d5106d6238b) Importer(2089858483,b0f066a214c2f5e87bad3c948f4d605d) (ScriptedImporter) -> (artifact id: '3a97e83b48ec0350cdcad1476f198a0a') in 0.0115617 seconds
Number of updated asset objects reloaded before import = 0Number of asset objects unloaded after import = 1

========================================================================
Received Import Request.
  Time since last request: 0.000174 seconds.
  path: Assets/AstarPathfindingProject/Modifiers/RaycastModifier.cs
  artifactKey: Guid(b090bec917bbe4c3bbc612ef13f7c4a1) Importer(2089858483,b0f066a214c2f5e87bad3c948f4d605d)
Start importing Assets/AstarPathfindingProject/Modifiers/RaycastModifier.cs using Guid(b090bec917bbe4c3bbc612ef13f7c4a1) Importer(2089858483,b0f066a214c2f5e87bad3c948f4d605d) (ScriptedImporter) -> (artifact id: 'dce4fe2b82c6ed223aaa9ae7ff2c2f44') in 0.0073756 seconds
Number of updated asset objects reloaded before import = 0Number of asset objects unloaded after import = 0

========================================================================
Received Import Request.
  Time since last request: 0.000195 seconds.
  path: Assets/TextMesh Pro/Shaders/TMP_SDF-Surface.shader
  artifactKey: Guid(f7ada0af4f174f0694ca6a487b8f543d) Importer(2089858483,b0f066a214c2f5e87bad3c948f4d605d)
Start importing Assets/TextMesh Pro/Shaders/TMP_SDF-Surface.shader using Guid(f7ada0af4f174f0694ca6a487b8f543d) Importer(2089858483,b0f066a214c2f5e87bad3c948f4d605d) (ScriptedImporter) -> (artifact id: '6636005352b1565a09074fc1b758e185') in 0.0227201 seconds
Number of updated asset objects reloaded before import = 0Number of asset objects unloaded after import = 1

========================================================================
Received Import Request.
  Time since last request: 0.000152 seconds.
  path: Assets/AstarPathfindingProject/Editor/AILerpEditor.cs
  artifactKey: Guid(e9e1d37b65158413c85aad4706d94ff0) Importer(2089858483,b0f066a214c2f5e87bad3c948f4d605d)
Start importing Assets/AstarPathfindingProject/Editor/AILerpEditor.cs using Guid(e9e1d37b65158413c85aad4706d94ff0) Importer(2089858483,b0f066a214c2f5e87bad3c948f4d605d) (ScriptedImporter) -> (artifact id: '8c297ce33e247145305875850a7a849e') in 0.008435 seconds
Number of updated asset objects reloaded before import = 0Number of asset objects unloaded after import = 0

========================================================================
Received Import Request.
  Time since last request: 0.000152 seconds.
  path: Assets/AstarPathfindingProject/Editor/AstarPathfindingProjectEditor.asmdef
  artifactKey: Guid(865575785c1524f888e47306de0c1246) Importer(2089858483,b0f066a214c2f5e87bad3c948f4d605d)
Start importing Assets/AstarPathfindingProject/Editor/AstarPathfindingProjectEditor.asmdef using Guid(865575785c1524f888e47306de0c1246) Importer(2089858483,b0f066a214c2f5e87bad3c948f4d605d) (ScriptedImporter) -> (artifact id: '6298e3ea594d14e7b97e3906da065e7e') in 0.0081501 seconds
Number of updated asset objects reloaded before import = 0Number of asset objects unloaded after import = 1

========================================================================
Received Import Request.
  Time since last request: 0.000233 seconds.
  path: Assets/TextMesh Pro/Shaders/TMPro_Properties.cginc
  artifactKey: Guid(3997e2241185407d80309a82f9148466) Importer(2089858483,b0f066a214c2f5e87bad3c948f4d605d)
Start importing Assets/TextMesh Pro/Shaders/TMPro_Properties.cginc using Guid(3997e2241185407d80309a82f9148466) Importer(2089858483,b0f066a214c2f5e87bad3c948f4d605d) (ScriptedImporter) -> (artifact id: '4f43bf89756c3dcb801e9aa72e90b725') in 0.0075247 seconds
Number of updated asset objects reloaded before import = 0Number of asset objects unloaded after import = 1

========================================================================
Received Import Request.
  Time since last request: 0.000380 seconds.
  path: Assets/AstarPathfindingProject/PackageTools/VersionedMonoBehaviour.cs
  artifactKey: Guid(6cce6945a1cc843b997a7abeb3a5013e) Importer(2089858483,b0f066a214c2f5e87bad3c948f4d605d)
Start importing Assets/AstarPathfindingProject/PackageTools/VersionedMonoBehaviour.cs using Guid(6cce6945a1cc843b997a7abeb3a5013e) Importer(2089858483,b0f066a214c2f5e87bad3c948f4d605d) (ScriptedImporter) -> (artifact id: '3e4c280bd9f3247211c0949a33d1faa2') in 0.006821 seconds
Number of updated asset objects reloaded before import = 0Number of asset objects unloaded after import = 0

========================================================================
Received Import Request.
  Time since last request: 0.000165 seconds.
  path: Assets/AstarPathfindingProject/Core/AI/AILerp.cs
  artifactKey: Guid(847a14d4dc9cc43679ab34fc78e0182f) Importer(2089858483,b0f066a214c2f5e87bad3c948f4d605d)
Start importing Assets/AstarPathfindingProject/Core/AI/AILerp.cs using Guid(847a14d4dc9cc43679ab34fc78e0182f) Importer(2089858483,b0f066a214c2f5e87bad3c948f4d605d) (ScriptedImporter) -> (artifact id: '239a19e1771e26427e823ff9e9953721') in 0.0059141 seconds
Number of updated asset objects reloaded before import = 0Number of asset objects unloaded after import = 0

========================================================================
Received Import Request.
  Time since last request: 0.000143 seconds.
  path: Assets/TextMesh Pro/Shaders/TMPro_Surface.cginc
  artifactKey: Guid(d930090c0cd643c7b55f19a38538c162) Importer(2089858483,b0f066a214c2f5e87bad3c948f4d605d)
Start importing Assets/TextMesh Pro/Shaders/TMPro_Surface.cginc using Guid(d930090c0cd643c7b55f19a38538c162) Importer(2089858483,b0f066a214c2f5e87bad3c948f4d605d) (ScriptedImporter) -> (artifact id: '848d66124aa6c9fd6e2b23f0aaafa26e') in 0.0073803 seconds
Number of updated asset objects reloaded before import = 0Number of asset objects unloaded after import = 1

========================================================================
Received Import Request.
  Time since last request: 0.000141 seconds.
  path: Assets/AstarPathfindingProject/Editor/AnimationLinkEditor.cs
  artifactKey: Guid(535448c66b9354b64b6b52fff9e39099) Importer(2089858483,b0f066a214c2f5e87bad3c948f4d605d)
Start importing Assets/AstarPathfindingProject/Editor/AnimationLinkEditor.cs using Guid(535448c66b9354b64b6b52fff9e39099) Importer(2089858483,b0f066a214c2f5e87bad3c948f4d605d) (ScriptedImporter) -> (artifact id: 'b412c63f2a1891c3684933755684c425') in 0.0089042 seconds
Number of updated asset objects reloaded before import = 0Number of asset objects unloaded after import = 0

========================================================================
Received Import Request.
  Time since last request: 0.000191 seconds.
  path: Assets/AstarPathfindingProject/Legacy/MiscLegacy.cs
  artifactKey: Guid(8caf3dccb5aae46daa9684e513307841) Importer(2089858483,b0f066a214c2f5e87bad3c948f4d605d)
Start importing Assets/AstarPathfindingProject/Legacy/MiscLegacy.cs using Guid(8caf3dccb5aae46daa9684e513307841) Importer(2089858483,b0f066a214c2f5e87bad3c948f4d605d) (ScriptedImporter) -> (artifact id: 'e37cfc592f1a5fac5ecaa3f595a14f9c') in 0.0071832 seconds
Number of updated asset objects reloaded before import = 0Number of asset objects unloaded after import = 0

========================================================================
Received Import Request.
  Time since last request: 0.000236 seconds.
  path: Assets/AstarPathfindingProject/Editor/AIBaseEditor.cs
  artifactKey: Guid(ab4eeab9df88a4d069163baf60aad496) Importer(2089858483,b0f066a214c2f5e87bad3c948f4d605d)
Start importing Assets/AstarPathfindingProject/Editor/AIBaseEditor.cs using Guid(ab4eeab9df88a4d069163baf60aad496) Importer(2089858483,b0f066a214c2f5e87bad3c948f4d605d) (ScriptedImporter) -> (artifact id: '3a0c3d43ab462b3472ef54df5619f528') in 0.0084164 seconds
Number of updated asset objects reloaded before import = 0Number of asset objects unloaded after import = 0

========================================================================
Received Import Request.
  Time since last request: 0.000185 seconds.
  path: Assets/AstarPathfindingProject/TurnBased/BlockManager.cs
  artifactKey: Guid(df8c077ca577944689559bb9e97f9576) Importer(2089858483,b0f066a214c2f5e87bad3c948f4d605d)
Start importing Assets/AstarPathfindingProject/TurnBased/BlockManager.cs using Guid(df8c077ca577944689559bb9e97f9576) Importer(2089858483,b0f066a214c2f5e87bad3c948f4d605d) (ScriptedImporter) -> (artifact id: '070cd2c73a3b935a09a19cadca811c13') in 0.0089222 seconds
Number of updated asset objects reloaded before import = 0Number of asset objects unloaded after import = 0

========================================================================
Received Import Request.
  Time since last request: 0.000227 seconds.
  path: Assets/AstarPathfindingProject/Generators/PointGenerator.cs
  artifactKey: Guid(f7458b5480c614cebb219a8f7f5df111) Importer(2089858483,b0f066a214c2f5e87bad3c948f4d605d)
Start importing Assets/AstarPathfindingProject/Generators/PointGenerator.cs using Guid(f7458b5480c614cebb219a8f7f5df111) Importer(2089858483,b0f066a214c2f5e87bad3c948f4d605d) (ScriptedImporter) -> (artifact id: '417d3f028ec64ffc688372e284beba40') in 0.0081982 seconds
Number of updated asset objects reloaded before import = 0Number of asset objects unloaded after import = 0

========================================================================
Received Import Request.
  Time since last request: 0.000298 seconds.
  path: Assets/AstarPathfindingProject/Core/AI/IAstarAI.cs
  artifactKey: Guid(b7438f3f6b9404f05ab7f584f92aa7d5) Importer(2089858483,b0f066a214c2f5e87bad3c948f4d605d)
Start importing Assets/AstarPathfindingProject/Core/AI/IAstarAI.cs using Guid(b7438f3f6b9404f05ab7f584f92aa7d5) Importer(2089858483,b0f066a214c2f5e87bad3c948f4d605d) (ScriptedImporter) -> (artifact id: '85db349fd83d1a93648cdb0428f7ef20') in 0.0072041 seconds
Number of updated asset objects reloaded before import = 0Number of asset objects unloaded after import = 0

========================================================================
Received Import Request.
  Time since last request: 0.000216 seconds.
  path: Assets/AstarPathfindingProject/Core/Misc/AstarDebugger.cs
  artifactKey: Guid(5103795af2d504ea693528e938005441) Importer(2089858483,b0f066a214c2f5e87bad3c948f4d605d)
Start importing Assets/AstarPathfindingProject/Core/Misc/AstarDebugger.cs using Guid(5103795af2d504ea693528e938005441) Importer(2089858483,b0f066a214c2f5e87bad3c948f4d605d) (ScriptedImporter) -> (artifact id: '4d49d011b1a9930cf8fda22aab278c4c') in 0.0083707 seconds
Number of updated asset objects reloaded before import = 0Number of asset objects unloaded after import = 0

========================================================================
Received Import Request.
  Time since last request: 0.000282 seconds.
  path: Assets/AstarPathfindingProject/Utilities/GraphUpdateUtilities.cs
  artifactKey: Guid(b5818f65b5e1449c1ae6f20de9f75ff5) Importer(2089858483,b0f066a214c2f5e87bad3c948f4d605d)
Start importing Assets/AstarPathfindingProject/Utilities/GraphUpdateUtilities.cs using Guid(b5818f65b5e1449c1ae6f20de9f75ff5) Importer(2089858483,b0f066a214c2f5e87bad3c948f4d605d) (ScriptedImporter) -> (artifact id: '45d2b48b9aef6a3c9c718ec27abb2879') in 0.0092176 seconds
Number of updated asset objects reloaded before import = 0Number of asset objects unloaded after import = 0

========================================================================
Received Import Request.
  Time since last request: 0.000259 seconds.
  path: Assets/AstarPathfindingProject/Generators/NavMeshGenerator.cs
  artifactKey: Guid(ffae751ca240c466185a168f4a9836cb) Importer(2089858483,b0f066a214c2f5e87bad3c948f4d605d)
Start importing Assets/AstarPathfindingProject/Generators/NavMeshGenerator.cs using Guid(ffae751ca240c466185a168f4a9836cb) Importer(2089858483,b0f066a214c2f5e87bad3c948f4d605d) (ScriptedImporter) -> (artifact id: 'd6043edb7cb7ac87ce48eacffba732b1') in 0.0072338 seconds
Number of updated asset objects reloaded before import = 0Number of asset objects unloaded after import = 0

========================================================================
Received Import Request.
  Time since last request: 0.000132 seconds.
  path: Assets/Free_Trees/Meshes/Poplar_Tree.fbx
  artifactKey: Guid(186ad8f063dbf430da4d56ebc0cb14e0) Importer(2089858483,b0f066a214c2f5e87bad3c948f4d605d)
Start importing Assets/Free_Trees/Meshes/Poplar_Tree.fbx using Guid(186ad8f063dbf430da4d56ebc0cb14e0) Importer(2089858483,b0f066a214c2f5e87bad3c948f4d605d) (ScriptedImporter) -> (artifact id: '7b653be4c95cc049adebd22291271f1b') in 0.0791937 seconds
Number of updated asset objects reloaded before import = 0Number of asset objects unloaded after import = 8

========================================================================
Received Import Request.
  Time since last request: 0.000051 seconds.
  path: Assets/TextMesh Pro/Shaders/TMP_SDF SSD.shader
  artifactKey: Guid(14eb328de4b8eb245bb7cea29e4ac00b) Importer(2089858483,b0f066a214c2f5e87bad3c948f4d605d)
Start importing Assets/TextMesh Pro/Shaders/TMP_SDF SSD.shader using Guid(14eb328de4b8eb245bb7cea29e4ac00b) Importer(2089858483,b0f066a214c2f5e87bad3c948f4d605d) (ScriptedImporter) -> (artifact id: '4624eeed3c221bf0ba58fb45b5193a5e') in 0.0112719 seconds
Number of updated asset objects reloaded before import = 0Number of asset objects unloaded after import = 1

========================================================================
Received Import Request.
  Time since last request: 0.000144 seconds.
  path: Assets/AstarPathfindingProject/PackageTools/EnumFlagAttribute.cs
  artifactKey: Guid(e1a464aa9d87d439d9b54e2ed9027f5f) Importer(2089858483,b0f066a214c2f5e87bad3c948f4d605d)
Start importing Assets/AstarPathfindingProject/PackageTools/EnumFlagAttribute.cs using Guid(e1a464aa9d87d439d9b54e2ed9027f5f) Importer(2089858483,b0f066a214c2f5e87bad3c948f4d605d) (ScriptedImporter) -> (artifact id: '9f36378e20421e906f370b8804d84f9b') in 0.007037 seconds
Number of updated asset objects reloaded before import = 0Number of asset objects unloaded after import = 0

========================================================================
Received Import Request.
  Time since last request: 0.000190 seconds.
  path: Assets/AstarPathfindingProject/Utilities/UnityReferenceHelper.cs
  artifactKey: Guid(632ae7eb1d4ce49d38a1e38ee7efe7c5) Importer(2089858483,b0f066a214c2f5e87bad3c948f4d605d)
Start importing Assets/AstarPathfindingProject/Utilities/UnityReferenceHelper.cs using Guid(632ae7eb1d4ce49d38a1e38ee7efe7c5) Importer(2089858483,b0f066a214c2f5e87bad3c948f4d605d) (ScriptedImporter) -> (artifact id: 'a66cf4de9fab6f3ecf108b656c2d8c83') in 0.0083858 seconds
Number of updated asset objects reloaded before import = 0Number of asset objects unloaded after import = 0

========================================================================
Received Import Request.
  Time since last request: 0.000182 seconds.
  path: Assets/Free_Trees/Meshes/Oak_Tree.fbx
  artifactKey: Guid(6d58037af810b4021ac921a71033e575) Importer(2089858483,b0f066a214c2f5e87bad3c948f4d605d)
Start importing Assets/Free_Trees/Meshes/Oak_Tree.fbx using Guid(6d58037af810b4021ac921a71033e575) Importer(2089858483,b0f066a214c2f5e87bad3c948f4d605d) (ScriptedImporter) -> (artifact id: '63756f7b680dcf1d342a59ba4f795ebc') in 0.0245982 seconds
Number of updated asset objects reloaded before import = 0Number of asset objects unloaded after import = 8

========================================================================
Received Import Request.
  Time since last request: 0.000051 seconds.
  path: Assets/AstarPathfindingProject/Utilities/AstarMemory.cs
  artifactKey: Guid(9bdecddfdfec947eb8ed96282e4b1fe1) Importer(2089858483,b0f066a214c2f5e87bad3c948f4d605d)
Start importing Assets/AstarPathfindingProject/Utilities/AstarMemory.cs using Guid(9bdecddfdfec947eb8ed96282e4b1fe1) Importer(2089858483,b0f066a214c2f5e87bad3c948f4d605d) (ScriptedImporter) -> (artifact id: 'ccb54245cf6b4df94c77b2fb691eb2b0') in 0.0112551 seconds
Number of updated asset objects reloaded before import = 0Number of asset objects unloaded after import = 0

========================================================================
Received Import Request.
  Time since last request: 0.000182 seconds.
  path: Assets/AstarPathfindingProject/Core/AI/Seeker.cs
  artifactKey: Guid(373b52eb9bf8c40f785bb6947a1aee66) Importer(2089858483,b0f066a214c2f5e87bad3c948f4d605d)
Start importing Assets/AstarPathfindingProject/Core/AI/Seeker.cs using Guid(373b52eb9bf8c40f785bb6947a1aee66) Importer(2089858483,b0f066a214c2f5e87bad3c948f4d605d) (ScriptedImporter) -> (artifact id: '3e7f9b5834e1f6c6d76c3cecb179fc9d') in 0.0085202 seconds
Number of updated asset objects reloaded before import = 0Number of asset objects unloaded after import = 0

========================================================================
Received Import Request.
  Time since last request: 0.000218 seconds.
  path: Assets/TextMesh Pro/Sprites/EmojiOne.png
  artifactKey: Guid(dffef66376be4fa480fb02b19edbe903) Importer(2089858483,b0f066a214c2f5e87bad3c948f4d605d)
Start importing Assets/TextMesh Pro/Sprites/EmojiOne.png using Guid(dffef66376be4fa480fb02b19edbe903) Importer(2089858483,b0f066a214c2f5e87bad3c948f4d605d) (ScriptedImporter) -> (artifact id: '9fd7cfc9737c97595fda8492b038954c') in 0.0279773 seconds
Number of updated asset objects reloaded before import = 0Number of asset objects unloaded after import = 1

========================================================================
Received Import Request.
  Time since last request: 0.136752 seconds.
  path: Assets/AstarPathfindingProject/Core/Misc/Draw.cs
  artifactKey: Guid(506739df886ce4ebb9b14b16d86b5e13) Importer(2089858483,b0f066a214c2f5e87bad3c948f4d605d)
Start importing Assets/AstarPathfindingProject/Core/Misc/Draw.cs using Guid(506739df886ce4ebb9b14b16d86b5e13) Importer(2089858483,b0f066a214c2f5e87bad3c948f4d605d) (ScriptedImporter) -> (artifact id: '3155641aafaa11007dfa7269076e3363') in 0.0318431 seconds
Number of updated asset objects reloaded before import = 0Number of asset objects unloaded after import = 0

========================================================================
Received Import Request.
  Time since last request: 0.000268 seconds.
  path: Assets/AstarPathfindingProject/Core/Misc/WindowsStoreCompatibility.cs
  artifactKey: Guid(810a4e97f5ccb4b5184c4c3206492974) Importer(2089858483,b0f066a214c2f5e87bad3c948f4d605d)
Start importing Assets/AstarPathfindingProject/Core/Misc/WindowsStoreCompatibility.cs using Guid(810a4e97f5ccb4b5184c4c3206492974) Importer(2089858483,b0f066a214c2f5e87bad3c948f4d605d) (ScriptedImporter) -> (artifact id: 'cf61ce5c4980c5fce1b36f2eec568743') in 0.0111389 seconds
Number of updated asset objects reloaded before import = 0Number of asset objects unloaded after import = 0

========================================================================
Received Import Request.
  Time since last request: 0.000318 seconds.
  path: Assets/AstarPathfindingProject/Core/Misc/PathProcessor.cs
  artifactKey: Guid(f1b519f8b6e2c450aaae5cb2df6c73be) Importer(2089858483,b0f066a214c2f5e87bad3c948f4d605d)
Start importing Assets/AstarPathfindingProject/Core/Misc/PathProcessor.cs using Guid(f1b519f8b6e2c450aaae5cb2df6c73be) Importer(2089858483,b0f066a214c2f5e87bad3c948f4d605d) (ScriptedImporter) -> (artifact id: 'd2aeb2b4511a86086548877ddcaf1c8b') in 0.008924 seconds
Number of updated asset objects reloaded before import = 0Number of asset objects unloaded after import = 0

========================================================================
Received Import Request.
  Time since last request: 0.000231 seconds.
  path: Assets/AstarPathfindingProject/Editor/GraphEditors/NavMeshGeneratorEditor.cs
  artifactKey: Guid(c4ad80e9395de47c78e55cbaae437660) Importer(2089858483,b0f066a214c2f5e87bad3c948f4d605d)
Start importing Assets/AstarPathfindingProject/Editor/GraphEditors/NavMeshGeneratorEditor.cs using Guid(c4ad80e9395de47c78e55cbaae437660) Importer(2089858483,b0f066a214c2f5e87bad3c948f4d605d) (ScriptedImporter) -> (artifact id: 'f76a25be568f2390baa44f21e5e6acc4') in 0.008372 seconds
Number of updated asset objects reloaded before import = 0Number of asset objects unloaded after import = 0

========================================================================
Received Import Request.
  Time since last request: 0.000165 seconds.
  path: Assets/AstarPathfindingProject/ExampleScenes/Example2_Terrain/checkerGround.psd
  artifactKey: Guid(ee2523340e7944c4297a80937a51484c) Importer(2089858483,b0f066a214c2f5e87bad3c948f4d605d)
Start importing Assets/AstarPathfindingProject/ExampleScenes/Example2_Terrain/checkerGround.psd using Guid(ee2523340e7944c4297a80937a51484c) Importer(2089858483,b0f066a214c2f5e87bad3c948f4d605d) (ScriptedImporter) -> (artifact id: '690a0b8e72545057f812df209081bd22') in 0.0193299 seconds
Number of updated asset objects reloaded before import = 0Number of asset objects unloaded after import = 1

========================================================================
Received Import Request.
  Time since last request: 0.000159 seconds.
  path: Assets/AstarPathfindingProject/ExampleScenes/Example2_Terrain/Pathfinding_Terrain.asset
  artifactKey: Guid(ce970816794dc4a6c8b5acdbc5953551) Importer(2089858483,b0f066a214c2f5e87bad3c948f4d605d)
Start importing Assets/AstarPathfindingProject/ExampleScenes/Example2_Terrain/Pathfinding_Terrain.asset using Guid(ce970816794dc4a6c8b5acdbc5953551) Importer(2089858483,b0f066a214c2f5e87bad3c948f4d605d) (ScriptedImporter) -> (artifact id: '8cb8c4d344c15066f4d9d77dbac65c4a') in 0.0344345 seconds
Number of updated asset objects reloaded before import = 0Number of asset objects unloaded after import = 2

========================================================================
Received Import Request.
  Time since last request: 0.000042 seconds.
  path: Assets/AstarPathfindingProject/Editor/Legacy/LegacyEditorHelper2.cs
  artifactKey: Guid(a97cec2d4f06c4d0eb0068c24cb47ca1) Importer(2089858483,b0f066a214c2f5e87bad3c948f4d605d)
Start importing Assets/AstarPathfindingProject/Editor/Legacy/LegacyEditorHelper2.cs using Guid(a97cec2d4f06c4d0eb0068c24cb47ca1) Importer(2089858483,b0f066a214c2f5e87bad3c948f4d605d) (ScriptedImporter) -> (artifact id: 'ff512bc8362bada5793060fecd1d7b78') in 0.0073014 seconds
Number of updated asset objects reloaded before import = 0Number of asset objects unloaded after import = 0

========================================================================
Received Import Request.
  Time since last request: 0.000292 seconds.
  path: Assets/AstarPathfindingProject/ExampleScenes/ExampleScripts/TargetMover.cs
  artifactKey: Guid(f903c2eb621d8418d88f8dad81b13dc6) Importer(2089858483,b0f066a214c2f5e87bad3c948f4d605d)
Start importing Assets/AstarPathfindingProject/ExampleScenes/ExampleScripts/TargetMover.cs using Guid(f903c2eb621d8418d88f8dad81b13dc6) Importer(2089858483,b0f066a214c2f5e87bad3c948f4d605d) (ScriptedImporter) -> (artifact id: '5a32c1d585ad1c883ef4722109cbccf7') in 0.0083139 seconds
Number of updated asset objects reloaded before import = 0Number of asset objects unloaded after import = 0

========================================================================
Received Import Request.
  Time since last request: 0.000229 seconds.
  path: Assets/AstarPathfindingProject/ExampleScenes/Prefabs/SomeBox.prefab
  artifactKey: Guid(b1a1bb6d1bcc546df826488cc72438c3) Importer(2089858483,b0f066a214c2f5e87bad3c948f4d605d)
Start importing Assets/AstarPathfindingProject/ExampleScenes/Prefabs/SomeBox.prefab using Guid(b1a1bb6d1bcc546df826488cc72438c3) Importer(2089858483,b0f066a214c2f5e87bad3c948f4d605d) (ScriptedImporter) -> (artifact id: '267ed8a210e8c2339e7eb4e23811eee1') in 0.0311338 seconds
Number of updated asset objects reloaded before import = 0Number of asset objects unloaded after import = 8

========================================================================
Received Import Request.
  Time since last request: 0.000067 seconds.
  path: Assets/AstarPathfindingProject/ExampleScenes/Materials/Projector Light.shader
  artifactKey: Guid(2bec400a4eb5244d5b08b2425411bc8b) Importer(2089858483,b0f066a214c2f5e87bad3c948f4d605d)
Start importing Assets/AstarPathfindingProject/ExampleScenes/Materials/Projector Light.shader using Guid(2bec400a4eb5244d5b08b2425411bc8b) Importer(2089858483,b0f066a214c2f5e87bad3c948f4d605d) (ScriptedImporter) -> (artifact id: '52c336358618cad89370700dfabf2e86') in 0.0092015 seconds
Number of updated asset objects reloaded before import = 0Number of asset objects unloaded after import = 1

========================================================================
Received Import Request.
  Time since last request: 0.000127 seconds.
  path: Assets/AstarPathfindingProject/ExampleScenes/Example12_Procedural/ProceduralGround.prefab
  artifactKey: Guid(61432558c555740a38a88fa99d358883) Importer(2089858483,b0f066a214c2f5e87bad3c948f4d605d)
Start importing Assets/AstarPathfindingProject/ExampleScenes/Example12_Procedural/ProceduralGround.prefab using Guid(61432558c555740a38a88fa99d358883) Importer(2089858483,b0f066a214c2f5e87bad3c948f4d605d) (ScriptedImporter) -> (artifact id: 'd0237077c46cd77e3b60b18cee5708a3') in 0.0190426 seconds
Number of updated asset objects reloaded before import = 0Number of asset objects unloaded after import = 8

========================================================================
Received Import Request.
  Time since last request: 0.000044 seconds.
  path: Assets/AstarPathfindingProject/Editor/EditorAssets/tooltips.tsv
  artifactKey: Guid(f7de039468f254a4bb73a3460bf98a52) Importer(2089858483,b0f066a214c2f5e87bad3c948f4d605d)
Start importing Assets/AstarPathfindingProject/Editor/EditorAssets/tooltips.tsv using Guid(f7de039468f254a4bb73a3460bf98a52) Importer(2089858483,b0f066a214c2f5e87bad3c948f4d605d) (ScriptedImporter) -> (artifact id: '67b875dcf577ebeee8a4825df4957112') in 0.0074797 seconds
Number of updated asset objects reloaded before import = 0Number of asset objects unloaded after import = 1

========================================================================
Received Import Request.
  Time since last request: 0.000135 seconds.
  path: Assets/AstarPathfindingProject/Editor/EditorAssets/linkButton_normal.png
  artifactKey: Guid(53ee29e7cbeb545bcb1ca238a2736fb8) Importer(2089858483,b0f066a214c2f5e87bad3c948f4d605d)
Start importing Assets/AstarPathfindingProject/Editor/EditorAssets/linkButton_normal.png using Guid(53ee29e7cbeb545bcb1ca238a2736fb8) Importer(2089858483,b0f066a214c2f5e87bad3c948f4d605d) (ScriptedImporter) -> (artifact id: '773c429f0d5445b201aab19cb6963321') in 0.0241001 seconds
Number of updated asset objects reloaded before import = 0Number of asset objects unloaded after import = 1

========================================================================
Received Import Request.
  Time since last request: 0.000147 seconds.
  path: Assets/AstarPathfindingProject/Generators/NodeClasses/TriangleMeshNode.cs
  artifactKey: Guid(54908f58720324c048a5b475a27077fa) Importer(2089858483,b0f066a214c2f5e87bad3c948f4d605d)
Start importing Assets/AstarPathfindingProject/Generators/NodeClasses/TriangleMeshNode.cs using Guid(54908f58720324c048a5b475a27077fa) Importer(2089858483,b0f066a214c2f5e87bad3c948f4d605d) (ScriptedImporter) -> (artifact id: '02bd562c5f140c09adeb07145ee0ac65') in 0.0086959 seconds
Number of updated asset objects reloaded before import = 0Number of asset objects unloaded after import = 0

========================================================================
Received Import Request.
  Time since last request: 0.000231 seconds.
  path: Assets/AstarPathfindingProject/Core/Misc/StackPool.cs
  artifactKey: Guid(de467bbbb1ff84668ae8262caad00941) Importer(2089858483,b0f066a214c2f5e87bad3c948f4d605d)
Start importing Assets/AstarPathfindingProject/Core/Misc/StackPool.cs using Guid(de467bbbb1ff84668ae8262caad00941) Importer(2089858483,b0f066a214c2f5e87bad3c948f4d605d) (ScriptedImporter) -> (artifact id: '50a6ff2a9db13dd27029a506e44c76fc') in 0.0075465 seconds
Number of updated asset objects reloaded before import = 0Number of asset objects unloaded after import = 0

========================================================================
Received Import Request.
  Time since last request: 0.000199 seconds.
  path: Assets/AstarPathfindingProject/ExampleScenes/Materials/OrangeGround.mat
  artifactKey: Guid(20e84239fa93246fe8f7f753e8ee4ef2) Importer(2089858483,b0f066a214c2f5e87bad3c948f4d605d)
Start importing Assets/AstarPathfindingProject/ExampleScenes/Materials/OrangeGround.mat using Guid(20e84239fa93246fe8f7f753e8ee4ef2) Importer(2089858483,b0f066a214c2f5e87bad3c948f4d605d) (ScriptedImporter) -> (artifact id: '70a5aaaf21ebb0f14bebb307305a9f8c') in 0.1021986 seconds
Number of updated asset objects reloaded before import = 0Number of asset objects unloaded after import = 1

========================================================================
Received Import Request.
  Time since last request: 0.000284 seconds.
  path: Assets/AstarPathfindingProject/ExampleScenes/Materials/BlueBox.mat
  artifactKey: Guid(99dbb3f3abc3c4845a9b650ff678e7c1) Importer(2089858483,b0f066a214c2f5e87bad3c948f4d605d)
Start importing Assets/AstarPathfindingProject/ExampleScenes/Materials/BlueBox.mat using Guid(99dbb3f3abc3c4845a9b650ff678e7c1) Importer(2089858483,b0f066a214c2f5e87bad3c948f4d605d) (ScriptedImporter) -> (artifact id: 'fe2efb70ba334e473cbf1802ef6774bb') in 0.0116747 seconds
Number of updated asset objects reloaded before import = 0Number of asset objects unloaded after import = 1

========================================================================
Received Import Request.
  Time since last request: 0.000135 seconds.
  path: Assets/AstarPathfindingProject/ExampleScenes/Materials/Wall.mat
  artifactKey: Guid(cf1ecd0b49db547c4b565a629c69a256) Importer(2089858483,b0f066a214c2f5e87bad3c948f4d605d)
Start importing Assets/AstarPathfindingProject/ExampleScenes/Materials/Wall.mat using Guid(cf1ecd0b49db547c4b565a629c69a256) Importer(2089858483,b0f066a214c2f5e87bad3c948f4d605d) (ScriptedImporter) -> (artifact id: '146dc8d30d381bc7989119764f30b0c1') in 0.0092362 seconds
Number of updated asset objects reloaded before import = 0Number of asset objects unloaded after import = 1

========================================================================
Received Import Request.
  Time since last request: 0.000191 seconds.
  path: Assets/AstarPathfindingProject/Editor/ModifierEditors/SmoothModifierEditor.cs
  artifactKey: Guid(1b6748a8c87024ddd9cc5f3c5e19ab60) Importer(2089858483,b0f066a214c2f5e87bad3c948f4d605d)
Start importing Assets/AstarPathfindingProject/Editor/ModifierEditors/SmoothModifierEditor.cs using Guid(1b6748a8c87024ddd9cc5f3c5e19ab60) Importer(2089858483,b0f066a214c2f5e87bad3c948f4d605d) (ScriptedImporter) -> (artifact id: 'b57375e5c8bdfdcd682d4fad51f34a02') in 0.0087072 seconds
Number of updated asset objects reloaded before import = 0Number of asset objects unloaded after import = 0

========================================================================
Received Import Request.
  Time since last request: 0.000210 seconds.
  path: Assets/AstarPathfindingProject/Core/Misc/PathInterpolator.cs
  artifactKey: Guid(9c0392dbc5e744ee28e7b9ee81aea1e2) Importer(2089858483,b0f066a214c2f5e87bad3c948f4d605d)
Start importing Assets/AstarPathfindingProject/Core/Misc/PathInterpolator.cs using Guid(9c0392dbc5e744ee28e7b9ee81aea1e2) Importer(2089858483,b0f066a214c2f5e87bad3c948f4d605d) (ScriptedImporter) -> (artifact id: 'b4ab6432c1e51992b062bf5d7fa52a40') in 0.0088547 seconds
Number of updated asset objects reloaded before import = 0Number of asset objects unloaded after import = 0

========================================================================
Received Import Request.
  Time since last request: 0.000246 seconds.
  path: Assets/AstarPathfindingProject/ExampleScenes/Example12_Procedural/ProceduralPrefab3.prefab
  artifactKey: Guid(18cb121974c6b4be387c66d4e1ce5bf8) Importer(2089858483,b0f066a214c2f5e87bad3c948f4d605d)
Start importing Assets/AstarPathfindingProject/ExampleScenes/Example12_Procedural/ProceduralPrefab3.prefab using Guid(18cb121974c6b4be387c66d4e1ce5bf8) Importer(2089858483,b0f066a214c2f5e87bad3c948f4d605d) (ScriptedImporter) -> (artifact id: '66e9c69d6951cd7675eb279bbf226c63') in 0.0110211 seconds
Number of updated asset objects reloaded before import = 0Number of asset objects unloaded after import = 24

========================================================================
Received Import Request.
  Time since last request: 0.000044 seconds.
  path: Assets/AstarPathfindingProject/ExampleScenes/Materials/BlueGround.mat
  artifactKey: Guid(b71b71b0a1f9a48768a27ca6eefcfbdf) Importer(2089858483,b0f066a214c2f5e87bad3c948f4d605d)
Start importing Assets/AstarPathfindingProject/ExampleScenes/Materials/BlueGround.mat using Guid(b71b71b0a1f9a48768a27ca6eefcfbdf) Importer(2089858483,b0f066a214c2f5e87bad3c948f4d605d) (ScriptedImporter) -> (artifact id: '21a4ac358b10f5946f157ddb106e3b4d') in 0.0103139 seconds
Number of updated asset objects reloaded before import = 0Number of asset objects unloaded after import = 1

========================================================================
Received Import Request.
  Time since last request: 0.000085 seconds.
  path: Assets/AstarPathfindingProject/Core/Misc/NodeLink.cs
  artifactKey: Guid(ca327ce4e754a4597a70fb963758f8bd) Importer(2089858483,b0f066a214c2f5e87bad3c948f4d605d)
Start importing Assets/AstarPathfindingProject/Core/Misc/NodeLink.cs using Guid(ca327ce4e754a4597a70fb963758f8bd) Importer(2089858483,b0f066a214c2f5e87bad3c948f4d605d) (ScriptedImporter) -> (artifact id: 'd0108d2ecf5990621b2374fe39351de8') in 0.0087581 seconds
Number of updated asset objects reloaded before import = 0Number of asset objects unloaded after import = 0

========================================================================
Received Import Request.
  Time since last request: 0.000174 seconds.
  path: Assets/AstarPathfindingProject/Core/Misc/GraphModifier.cs
  artifactKey: Guid(39897fb482672480a817862c3909a4aa) Importer(2089858483,b0f066a214c2f5e87bad3c948f4d605d)
Start importing Assets/AstarPathfindingProject/Core/Misc/GraphModifier.cs using Guid(39897fb482672480a817862c3909a4aa) Importer(2089858483,b0f066a214c2f5e87bad3c948f4d605d) (ScriptedImporter) -> (artifact id: 'bb22ca0ee29bd0d9d42ae8ddf96f99af') in 0.0080018 seconds
Number of updated asset objects reloaded before import = 0Number of asset objects unloaded after import = 0

========================================================================
Received Import Request.
  Time since last request: 0.000247 seconds.
  path: Assets/AstarPathfindingProject/ExampleScenes/ExampleScripts/SnapToNode.cs
  artifactKey: Guid(c0acfdba178b145239678a03b9df938a) Importer(2089858483,b0f066a214c2f5e87bad3c948f4d605d)
Start importing Assets/AstarPathfindingProject/ExampleScenes/ExampleScripts/SnapToNode.cs using Guid(c0acfdba178b145239678a03b9df938a) Importer(2089858483,b0f066a214c2f5e87bad3c948f4d605d) (ScriptedImporter) -> (artifact id: '12198b3de79e3d650b10af2c7dd5171c') in 0.0087944 seconds
Number of updated asset objects reloaded before import = 0Number of asset objects unloaded after import = 0

========================================================================
Received Import Request.
  Time since last request: 0.000239 seconds.
  path: Assets/AstarPathfindingProject/ExampleScenes/Example6_Navmesh/navmesh.obj
  artifactKey: Guid(6ac6694dd977643948f7ae7305e370ba) Importer(2089858483,b0f066a214c2f5e87bad3c948f4d605d)
Start importing Assets/AstarPathfindingProject/ExampleScenes/Example6_Navmesh/navmesh.obj using Guid(6ac6694dd977643948f7ae7305e370ba) Importer(2089858483,b0f066a214c2f5e87bad3c948f4d605d) (ScriptedImporter) -> (artifact id: 'af0d9e9a9245b3265c5c2c7fd6050834') in 0.0240217 seconds
Number of updated asset objects reloaded before import = 0Number of asset objects unloaded after import = 10

========================================================================
Received Import Request.
  Time since last request: 0.000043 seconds.
  path: Assets/AstarPathfindingProject/ExampleScenes/Materials/PathGreyCube.mat
  artifactKey: Guid(48e8130f8426d4539a2879304cc512fb) Importer(2089858483,b0f066a214c2f5e87bad3c948f4d605d)
Start importing Assets/AstarPathfindingProject/ExampleScenes/Materials/PathGreyCube.mat using Guid(48e8130f8426d4539a2879304cc512fb) Importer(2089858483,b0f066a214c2f5e87bad3c948f4d605d) (ScriptedImporter) -> (artifact id: '102b68f05cd6c9b919d0b9f79ca6aed1') in 0.0111022 seconds
Number of updated asset objects reloaded before import = 0Number of asset objects unloaded after import = 1

========================================================================
Received Import Request.
  Time since last request: 0.022610 seconds.
  path: Assets/AstarPathfindingProject/Generators/Utilities/EuclideanEmbedding.cs
  artifactKey: Guid(3ac3213e3eeb14eef91939f5281682e6) Importer(2089858483,b0f066a214c2f5e87bad3c948f4d605d)
Start importing Assets/AstarPathfindingProject/Generators/Utilities/EuclideanEmbedding.cs using Guid(3ac3213e3eeb14eef91939f5281682e6) Importer(2089858483,b0f066a214c2f5e87bad3c948f4d605d) (ScriptedImporter) -> (artifact id: 'cb06db0c0b800bda811209bb8af19b83') in 0.009837 seconds
Number of updated asset objects reloaded before import = 0Number of asset objects unloaded after import = 0

========================================================================
Received Import Request.
  Time since last request: 0.000216 seconds.
  path: Assets/TextMesh Pro/Examples & Extras/Scenes/22 - Basic Scripting Example.unity
  artifactKey: Guid(6250f98e58fe4abbaada5d84b7ca846d) Importer(2089858483,b0f066a214c2f5e87bad3c948f4d605d)
Start importing Assets/TextMesh Pro/Examples & Extras/Scenes/22 - Basic Scripting Example.unity using Guid(6250f98e58fe4abbaada5d84b7ca846d) Importer(2089858483,b0f066a214c2f5e87bad3c948f4d605d) (ScriptedImporter) -> (artifact id: '30b2a6271ce730296e4c1b8ed041dee3') in 0.0098327 seconds
Number of updated asset objects reloaded before import = 0Number of asset objects unloaded after import = 1

========================================================================
Received Import Request.
  Time since last request: 0.000198 seconds.
  path: Assets/TextMesh Pro/Examples & Extras/Scripts/VertexShakeA.cs
  artifactKey: Guid(f7cfa58e417a46ea8889989684c2522e) Importer(2089858483,b0f066a214c2f5e87bad3c948f4d605d)
Start importing Assets/TextMesh Pro/Examples & Extras/Scripts/VertexShakeA.cs using Guid(f7cfa58e417a46ea8889989684c2522e) Importer(2089858483,b0f066a214c2f5e87bad3c948f4d605d) (ScriptedImporter) -> (artifact id: 'e983ee69c638e460ea950acd565449e7') in 0.008211 seconds
Number of updated asset objects reloaded before import = 0Number of asset objects unloaded after import = 0

========================================================================
Received Import Request.
  Time since last request: 0.000232 seconds.
  path: Assets/TextMesh Pro/Examples & Extras/Scripts/CameraController.cs
  artifactKey: Guid(2d687537154440a3913a9a3c7977978c) Importer(2089858483,b0f066a214c2f5e87bad3c948f4d605d)
Start importing Assets/TextMesh Pro/Examples & Extras/Scripts/CameraController.cs using Guid(2d687537154440a3913a9a3c7977978c) Importer(2089858483,b0f066a214c2f5e87bad3c948f4d605d) (ScriptedImporter) -> (artifact id: '8d9940ee7ceb93459a11cd4d50c5638d') in 0.0085226 seconds
Number of updated asset objects reloaded before import = 0Number of asset objects unloaded after import = 0

========================================================================
Received Import Request.
  Time since last request: 0.000176 seconds.
  path: Assets/TextMesh Pro/Examples & Extras/Scripts/TMP_ExampleScript_01.cs
  artifactKey: Guid(6f2c5b59b6874405865e2616e4ec276a) Importer(2089858483,b0f066a214c2f5e87bad3c948f4d605d)
Start importing Assets/TextMesh Pro/Examples & Extras/Scripts/TMP_ExampleScript_01.cs using Guid(6f2c5b59b6874405865e2616e4ec276a) Importer(2089858483,b0f066a214c2f5e87bad3c948f4d605d) (ScriptedImporter) -> (artifact id: 'f016aa787ea20ea235b356ffce5295e0') in 0.0072256 seconds
Number of updated asset objects reloaded before import = 0Number of asset objects unloaded after import = 0

========================================================================
Received Import Request.
  Time since last request: 0.000242 seconds.
  path: Assets/TextMesh Pro/Examples & Extras/Materials/Ground - Logo Scene.mat
  artifactKey: Guid(c719e38f25a9480abd2480ab621a2949) Importer(2089858483,b0f066a214c2f5e87bad3c948f4d605d)
Start importing Assets/TextMesh Pro/Examples & Extras/Materials/Ground - Logo Scene.mat using Guid(c719e38f25a9480abd2480ab621a2949) Importer(2089858483,b0f066a214c2f5e87bad3c948f4d605d) (ScriptedImporter) -> (artifact id: 'f44abb6bdc0ff7be185d7311ee68f340') in 0.1151447 seconds
Number of updated asset objects reloaded before import = 0Number of asset objects unloaded after import = 2

========================================================================
Received Import Request.
  Time since last request: 0.000053 seconds.
  path: Assets/TextMesh Pro/Examples & Extras/Scenes/16 - Linked text overflow mode example.unity
  artifactKey: Guid(9442cda25baa4a0bb544c4d095b00caa) Importer(2089858483,b0f066a214c2f5e87bad3c948f4d605d)
Start importing Assets/TextMesh Pro/Examples & Extras/Scenes/16 - Linked text overflow mode example.unity using Guid(9442cda25baa4a0bb544c4d095b00caa) Importer(2089858483,b0f066a214c2f5e87bad3c948f4d605d) (ScriptedImporter) -> (artifact id: 'd634c4b270c7bd7513ec4652105a323f') in 0.009442 seconds
Number of updated asset objects reloaded before import = 0Number of asset objects unloaded after import = 1

========================================================================
Received Import Request.
  Time since last request: 0.000267 seconds.
  path: Assets/TextMesh Pro/Examples & Extras/Scripts/TextMeshProFloatingText.cs
  artifactKey: Guid(a4d4c76e63944cba8c7d00f56334b98c) Importer(2089858483,b0f066a214c2f5e87bad3c948f4d605d)
Start importing Assets/TextMesh Pro/Examples & Extras/Scripts/TextMeshProFloatingText.cs using Guid(a4d4c76e63944cba8c7d00f56334b98c) Importer(2089858483,b0f066a214c2f5e87bad3c948f4d605d) (ScriptedImporter) -> (artifact id: 'aad7e7b916eabd2b282520aadd9c9da2') in 0.0079129 seconds
Number of updated asset objects reloaded before import = 0Number of asset objects unloaded after import = 0

========================================================================
Received Import Request.
  Time since last request: 0.000197 seconds.
  path: Assets/TextMesh Pro/Examples & Extras/Materials/Small Crate_diffuse.mat
  artifactKey: Guid(22262639920f43d6be32430e4e58350d) Importer(2089858483,b0f066a214c2f5e87bad3c948f4d605d)
Start importing Assets/TextMesh Pro/Examples & Extras/Materials/Small Crate_diffuse.mat using Guid(22262639920f43d6be32430e4e58350d) Importer(2089858483,b0f066a214c2f5e87bad3c948f4d605d) (ScriptedImporter) -> (artifact id: '70f633708c13593d92016c7fdceff924') in 0.0152156 seconds
Number of updated asset objects reloaded before import = 0Number of asset objects unloaded after import = 3

========================================================================
Received Import Request.
  Time since last request: 0.000042 seconds.
  path: Assets/TextMesh Pro/Examples & Extras/Scenes/03 - Line Justification.unity
  artifactKey: Guid(21a509e1d3cd49978623fa564adb6f02) Importer(2089858483,b0f066a214c2f5e87bad3c948f4d605d)
Start importing Assets/TextMesh Pro/Examples & Extras/Scenes/03 - Line Justification.unity using Guid(21a509e1d3cd49978623fa564adb6f02) Importer(2089858483,b0f066a214c2f5e87bad3c948f4d605d) (ScriptedImporter) -> (artifact id: '49baf4efca771d82f7e2e4929f66e942') in 0.010349 seconds
Number of updated asset objects reloaded before import = 0Number of asset objects unloaded after import = 1

========================================================================
Received Import Request.
  Time since last request: 0.000111 seconds.
  path: Assets/Free_Trees/Meshes/Materials/No Name.mat
  artifactKey: Guid(98189d553b7404d8290e447fb600ac6f) Importer(2089858483,b0f066a214c2f5e87bad3c948f4d605d)
Start importing Assets/Free_Trees/Meshes/Materials/No Name.mat using Guid(98189d553b7404d8290e447fb600ac6f) Importer(2089858483,b0f066a214c2f5e87bad3c948f4d605d) (ScriptedImporter) -> (artifact id: 'accab50698cedf4b2996a0ecedcbd56a') in 0.0103651 seconds
Number of updated asset objects reloaded before import = 0Number of asset objects unloaded after import = 1

========================================================================
Received Import Request.
  Time since last request: 0.000138 seconds.
  path: Assets/AstarPathfindingProject/Plugins/DotNetZip/Pathfinding.Ionic.Zip.Reduced.dll
  artifactKey: Guid(fe33c6edd001f4cc2a772cb71aff86be) Importer(2089858483,b0f066a214c2f5e87bad3c948f4d605d)
Start importing Assets/AstarPathfindingProject/Plugins/DotNetZip/Pathfinding.Ionic.Zip.Reduced.dll using Guid(fe33c6edd001f4cc2a772cb71aff86be) Importer(2089858483,b0f066a214c2f5e87bad3c948f4d605d) (ScriptedImporter) -> (artifact id: '2f844de9744081e92cbfa2072040a772') in 0.0139344 seconds
Number of updated asset objects reloaded before import = 0Number of asset objects unloaded after import = 0

========================================================================
Received Import Request.
  Time since last request: 0.000242 seconds.
  path: Assets/TextMesh Pro/Examples & Extras/Scripts/EnvMapAnimator.cs
  artifactKey: Guid(a4b6f99e8bc54541bbd149b014ff441c) Importer(2089858483,b0f066a214c2f5e87bad3c948f4d605d)
Start importing Assets/TextMesh Pro/Examples & Extras/Scripts/EnvMapAnimator.cs using Guid(a4b6f99e8bc54541bbd149b014ff441c) Importer(2089858483,b0f066a214c2f5e87bad3c948f4d605d) (ScriptedImporter) -> (artifact id: 'dc201f6218209bd782a6a9ef5f69a02c') in 0.0085276 seconds
Number of updated asset objects reloaded before import = 0Number of asset objects unloaded after import = 0

========================================================================
Received Import Request.
  Time since last request: 0.000308 seconds.
  path: Assets/AstarPathfindingProject/Legacy/Editor/LegacyRVOControllerEditor.cs
  artifactKey: Guid(de195cf1c91924838ac8f0fedf5fa216) Importer(2089858483,b0f066a214c2f5e87bad3c948f4d605d)
Start importing Assets/AstarPathfindingProject/Legacy/Editor/LegacyRVOControllerEditor.cs using Guid(de195cf1c91924838ac8f0fedf5fa216) Importer(2089858483,b0f066a214c2f5e87bad3c948f4d605d) (ScriptedImporter) -> (artifact id: '7691cbc6295482464368ef77f0eca530') in 0.0079282 seconds
Number of updated asset objects reloaded before import = 0Number of asset objects unloaded after import = 0

========================================================================
Received Import Request.
  Time since last request: 0.000124 seconds.
  path: Assets/TextMesh Pro/Examples & Extras/Fonts/Roboto-Bold.ttf
  artifactKey: Guid(4beb055f07aaff244873dec698d0363e) Importer(2089858483,b0f066a214c2f5e87bad3c948f4d605d)
Start importing Assets/TextMesh Pro/Examples & Extras/Fonts/Roboto-Bold.ttf using Guid(4beb055f07aaff244873dec698d0363e) Importer(2089858483,b0f066a214c2f5e87bad3c948f4d605d) (ScriptedImporter) -> (artifact id: 'fb350a75f3f656ab3eca09095403fd74') in 0.0266033 seconds
Number of updated asset objects reloaded before import = 0Number of asset objects unloaded after import = 3

========================================================================
Received Import Request.
  Time since last request: 0.000049 seconds.
  path: Assets/TextMesh Pro/Examples & Extras/Scenes/12a - Text Interactions.unity
  artifactKey: Guid(08572ab7713642c8a60789750f0bce5c) Importer(2089858483,b0f066a214c2f5e87bad3c948f4d605d)
Start importing Assets/TextMesh Pro/Examples & Extras/Scenes/12a - Text Interactions.unity using Guid(08572ab7713642c8a60789750f0bce5c) Importer(2089858483,b0f066a214c2f5e87bad3c948f4d605d) (ScriptedImporter) -> (artifact id: '6116034b40aee704652546e252700d85') in 0.0094409 seconds
Number of updated asset objects reloaded before import = 0Number of asset objects unloaded after import = 1

========================================================================
Received Import Request.
  Time since last request: 0.000089 seconds.
  path: Assets/TextMesh Pro/Examples & Extras/Fonts/Anton OFL.txt
  artifactKey: Guid(73a79399807f4e8388c2cbb5494681ca) Importer(2089858483,b0f066a214c2f5e87bad3c948f4d605d)
Start importing Assets/TextMesh Pro/Examples & Extras/Fonts/Anton OFL.txt using Guid(73a79399807f4e8388c2cbb5494681ca) Importer(2089858483,b0f066a214c2f5e87bad3c948f4d605d) (ScriptedImporter) -> (artifact id: '9b4642b1a927d043db3f1c158115c653') in 0.0063451 seconds
Number of updated asset objects reloaded before import = 0Number of asset objects unloaded after import = 1

========================================================================
Received Import Request.
  Time since last request: 0.000033 seconds.
  path: Assets/AstarPathfindingProject/Legacy/Editor/LegacyEditorHelper.cs
  artifactKey: Guid(f97cec2d4f06c4d0eb0068c24cb47ca1) Importer(2089858483,b0f066a214c2f5e87bad3c948f4d605d)
Start importing Assets/AstarPathfindingProject/Legacy/Editor/LegacyEditorHelper.cs using Guid(f97cec2d4f06c4d0eb0068c24cb47ca1) Importer(2089858483,b0f066a214c2f5e87bad3c948f4d605d) (ScriptedImporter) -> (artifact id: '5df7ff4e062922d0a313aaa5dbeadf12') in 0.0060945 seconds
Number of updated asset objects reloaded before import = 0Number of asset objects unloaded after import = 0

========================================================================
Received Import Request.
  Time since last request: 0.000353 seconds.
  path: Assets/TextMesh Pro/Examples & Extras/Scripts/VertexJitter.cs
  artifactKey: Guid(2ed57967c52645d390a89dcf8f61ba73) Importer(2089858483,b0f066a214c2f5e87bad3c948f4d605d)
Start importing Assets/TextMesh Pro/Examples & Extras/Scripts/VertexJitter.cs using Guid(2ed57967c52645d390a89dcf8f61ba73) Importer(2089858483,b0f066a214c2f5e87bad3c948f4d605d) (ScriptedImporter) -> (artifact id: '818fe92c120a052c73d4c4074ad82b7b') in 0.0069075 seconds
Number of updated asset objects reloaded before import = 0Number of asset objects unloaded after import = 0

========================================================================
Received Import Request.
  Time since last request: 0.000181 seconds.
  path: Assets/TextMesh Pro/Examples & Extras/Scenes/02 - Multi-line TextMesh Pro.unity
  artifactKey: Guid(251716609f634449bfe8ce75c0ed78fe) Importer(2089858483,b0f066a214c2f5e87bad3c948f4d605d)
Start importing Assets/TextMesh Pro/Examples & Extras/Scenes/02 - Multi-line TextMesh Pro.unity using Guid(251716609f634449bfe8ce75c0ed78fe) Importer(2089858483,b0f066a214c2f5e87bad3c948f4d605d) (ScriptedImporter) -> (artifact id: '8931ad06bc4e03eb5aebd2ab3b6a12f7') in 0.0091856 seconds
Number of updated asset objects reloaded before import = 0Number of asset objects unloaded after import = 1

========================================================================
Received Import Request.
  Time since last request: 0.000260 seconds.
  path: Assets/TextMesh Pro/Examples & Extras/Scenes/20 - Input Field with Scrollbar.unity
  artifactKey: Guid(337f92480dd24675aae9e79210fb1ad9) Importer(2089858483,b0f066a214c2f5e87bad3c948f4d605d)
Start importing Assets/TextMesh Pro/Examples & Extras/Scenes/20 - Input Field with Scrollbar.unity using Guid(337f92480dd24675aae9e79210fb1ad9) Importer(2089858483,b0f066a214c2f5e87bad3c948f4d605d) (ScriptedImporter) -> (artifact id: 'd8984a6fb802282363ab6e8c9be2480e') in 0.0102382 seconds
Number of updated asset objects reloaded before import = 0Number of asset objects unloaded after import = 1

========================================================================
Received Import Request.
  Time since last request: 0.000238 seconds.
  path: Assets/TextMesh Pro/Examples & Extras/Scripts/VertexShakeB.cs
  artifactKey: Guid(e4e0d9ccee5f4950be8979268c9014e0) Importer(2089858483,b0f066a214c2f5e87bad3c948f4d605d)
Start importing Assets/TextMesh Pro/Examples & Extras/Scripts/VertexShakeB.cs using Guid(e4e0d9ccee5f4950be8979268c9014e0) Importer(2089858483,b0f066a214c2f5e87bad3c948f4d605d) (ScriptedImporter) -> (artifact id: '5856884760a81ff59221a493e4426e9e') in 0.0083921 seconds
Number of updated asset objects reloaded before import = 0Number of asset objects unloaded after import = 0

========================================================================
Received Import Request.
  Time since last request: 0.000209 seconds.
  path: Assets/TextMesh Pro/Examples & Extras/Textures/Wipe Pattern - Radial Quad.psd
  artifactKey: Guid(2b5e9ae96c5644d8bae932f8b4ca68a2) Importer(2089858483,b0f066a214c2f5e87bad3c948f4d605d)
Start importing Assets/TextMesh Pro/Examples & Extras/Textures/Wipe Pattern - Radial Quad.psd using Guid(2b5e9ae96c5644d8bae932f8b4ca68a2) Importer(2089858483,b0f066a214c2f5e87bad3c948f4d605d) (ScriptedImporter) -> (artifact id: '20be09cfc3c83d1ad291b047a5382687') in 0.0248359 seconds
Number of updated asset objects reloaded before import = 0Number of asset objects unloaded after import = 1

========================================================================
Received Import Request.
  Time since last request: 0.000155 seconds.
  path: Assets/TextMesh Pro/Examples & Extras/Scripts/TMP_TextSelector_B.cs
  artifactKey: Guid(a05dcd8be7ec4ccbb35c26219884aa37) Importer(2089858483,b0f066a214c2f5e87bad3c948f4d605d)
Start importing Assets/TextMesh Pro/Examples & Extras/Scripts/TMP_TextSelector_B.cs using Guid(a05dcd8be7ec4ccbb35c26219884aa37) Importer(2089858483,b0f066a214c2f5e87bad3c948f4d605d) (ScriptedImporter) -> (artifact id: '1153bf43a5f3345cbcc639947ea07d97') in 0.0071771 seconds
Number of updated asset objects reloaded before import = 0Number of asset objects unloaded after import = 0

========================================================================
Received Import Request.
  Time since last request: 0.000284 seconds.
  path: Assets/TextMesh Pro/Examples & Extras/Textures/Floor Tiles 1 - diffuse.jpg
  artifactKey: Guid(85ac55597b97403c82fc6601a93cf241) Importer(2089858483,b0f066a214c2f5e87bad3c948f4d605d)
Start importing Assets/TextMesh Pro/Examples & Extras/Textures/Floor Tiles 1 - diffuse.jpg using Guid(85ac55597b97403c82fc6601a93cf241) Importer(2089858483,b0f066a214c2f5e87bad3c948f4d605d) (ScriptedImporter) -> (artifact id: '08b2f0ff7b9709198491c4d275dee984') in 0.0191738 seconds
Number of updated asset objects reloaded before import = 0Number of asset objects unloaded after import = 1

========================================================================
Received Import Request.
  Time since last request: 0.000213 seconds.
  path: Assets/AstarPathfindingProject/Editor/EditorAssets/DarkSkin/deleteButton_active@1x.png
  artifactKey: Guid(d0f7738d6b5b2420b9a77bfef3926e2a) Importer(2089858483,b0f066a214c2f5e87bad3c948f4d605d)
Start importing Assets/AstarPathfindingProject/Editor/EditorAssets/DarkSkin/deleteButton_active@1x.png using Guid(d0f7738d6b5b2420b9a77bfef3926e2a) Importer(2089858483,b0f066a214c2f5e87bad3c948f4d605d) (ScriptedImporter) -> (artifact id: '1a06f14fcc4fbd728afd057e9040d86c') in 0.0209019 seconds
Number of updated asset objects reloaded before import = 0Number of asset objects unloaded after import = 1

========================================================================
Received Import Request.
  Time since last request: 0.000110 seconds.
  path: Assets/AstarPathfindingProject/Editor/EditorAssets/DarkSkin/gizmoButton_on@2x.png
  artifactKey: Guid(a454b67ef7bd04780aca99e364202679) Importer(2089858483,b0f066a214c2f5e87bad3c948f4d605d)
Start importing Assets/AstarPathfindingProject/Editor/EditorAssets/DarkSkin/gizmoButton_on@2x.png using Guid(a454b67ef7bd04780aca99e364202679) Importer(2089858483,b0f066a214c2f5e87bad3c948f4d605d) (ScriptedImporter) -> (artifact id: '88715ee82cc1ad83a3f6065b05b9d271') in 0.0207277 seconds
Number of updated asset objects reloaded before import = 0Number of asset objects unloaded after import = 1

========================================================================
Received Import Request.
  Time since last request: 0.000139 seconds.
  path: Assets/TextMesh Pro/Examples & Extras/Textures/Fruit Jelly (B&W).jpg
  artifactKey: Guid(1cdc5b506b1a4a33a53c30669ced1f51) Importer(2089858483,b0f066a214c2f5e87bad3c948f4d605d)
Start importing Assets/TextMesh Pro/Examples & Extras/Textures/Fruit Jelly (B&W).jpg using Guid(1cdc5b506b1a4a33a53c30669ced1f51) Importer(2089858483,b0f066a214c2f5e87bad3c948f4d605d) (ScriptedImporter) -> (artifact id: '2817484be7ef4f0c7e0f04460e0f9264') in 0.0248194 seconds
Number of updated asset objects reloaded before import = 0Number of asset objects unloaded after import = 1

========================================================================
Received Import Request.
  Time since last request: 0.000314 seconds.
  path: Assets/TextMesh Pro/Examples & Extras/Materials/Crate - Surface Shader Scene.mat
  artifactKey: Guid(e6b9b44320f4448d9d5e0ee634259966) Importer(2089858483,b0f066a214c2f5e87bad3c948f4d605d)
Start importing Assets/TextMesh Pro/Examples & Extras/Materials/Crate - Surface Shader Scene.mat using Guid(e6b9b44320f4448d9d5e0ee634259966) Importer(2089858483,b0f066a214c2f5e87bad3c948f4d605d) (ScriptedImporter) -> (artifact id: '3a66a46c8f02f0d7d6d3fba58a5d5b9a') in 0.0395759 seconds
Number of updated asset objects reloaded before import = 0Number of asset objects unloaded after import = 3

========================================================================
Received Import Request.
  Time since last request: 0.000043 seconds.
  path: Assets/TextMesh Pro/Examples & Extras/Scripts/VertexZoom.cs
  artifactKey: Guid(52ec835d14bd486f900952b77698b7eb) Importer(2089858483,b0f066a214c2f5e87bad3c948f4d605d)
Start importing Assets/TextMesh Pro/Examples & Extras/Scripts/VertexZoom.cs using Guid(52ec835d14bd486f900952b77698b7eb) Importer(2089858483,b0f066a214c2f5e87bad3c948f4d605d) (ScriptedImporter) -> (artifact id: '14c2e682fc72895133039faead3eccbf') in 0.007076 seconds
Number of updated asset objects reloaded before import = 0Number of asset objects unloaded after import = 0

========================================================================
Received Import Request.
  Time since last request: 0.000217 seconds.
  path: Assets/TextMesh Pro/Examples & Extras/Scripts/ObjectSpin.cs
  artifactKey: Guid(4f19c7f94c794c5097d8bd11e39c750d) Importer(2089858483,b0f066a214c2f5e87bad3c948f4d605d)
Start importing Assets/TextMesh Pro/Examples & Extras/Scripts/ObjectSpin.cs using Guid(4f19c7f94c794c5097d8bd11e39c750d) Importer(2089858483,b0f066a214c2f5e87bad3c948f4d605d) (ScriptedImporter) -> (artifact id: '0ea4807edaa80f1bf842783065785731') in 0.0070625 seconds
Number of updated asset objects reloaded before import = 0Number of asset objects unloaded after import = 0

========================================================================
Received Import Request.
  Time since last request: 0.000156 seconds.
  path: Assets/AstarPathfindingProject/Editor/EditorAssets/LightSkin/infoButton_active@1x.png
  artifactKey: Guid(7604699b5bc8f4343b03cc4d0b603403) Importer(2089858483,b0f066a214c2f5e87bad3c948f4d605d)
Start importing Assets/AstarPathfindingProject/Editor/EditorAssets/LightSkin/infoButton_active@1x.png using Guid(7604699b5bc8f4343b03cc4d0b603403) Importer(2089858483,b0f066a214c2f5e87bad3c948f4d605d) (ScriptedImporter) -> (artifact id: 'c28da8c6af8cc52a3d07dc906e19a3b3') in 0.0192141 seconds
Number of updated asset objects reloaded before import = 0Number of asset objects unloaded after import = 1

========================================================================
Received Import Request.
  Time since last request: 0.000088 seconds.
  path: Assets/AstarPathfindingProject/Editor/EditorAssets/images/upDownArrow_01.png
  artifactKey: Guid(e4a6b67ac365349d8b7c358676aaf022) Importer(2089858483,b0f066a214c2f5e87bad3c948f4d605d)
Start importing Assets/AstarPathfindingProject/Editor/EditorAssets/images/upDownArrow_01.png using Guid(e4a6b67ac365349d8b7c358676aaf022) Importer(2089858483,b0f066a214c2f5e87bad3c948f4d605d) (ScriptedImporter) -> (artifact id: '52afadb0a55e47a0530778075e3302a3') in 0.0212535 seconds
Number of updated asset objects reloaded before import = 0Number of asset objects unloaded after import = 1

========================================================================
Received Import Request.
  Time since last request: 0.000126 seconds.
  path: Assets/AstarPathfindingProject/Editor/EditorAssets/LightSkin/reset_normal.png
  artifactKey: Guid(fb3e1d793e4f0459f8b913d0d2d76e6c) Importer(2089858483,b0f066a214c2f5e87bad3c948f4d605d)
Start importing Assets/AstarPathfindingProject/Editor/EditorAssets/LightSkin/reset_normal.png using Guid(fb3e1d793e4f0459f8b913d0d2d76e6c) Importer(2089858483,b0f066a214c2f5e87bad3c948f4d605d) (ScriptedImporter) -> (artifact id: 'e5592edcaa39377e306bc35491ff2e4e') in 0.0209869 seconds
Number of updated asset objects reloaded before import = 0Number of asset objects unloaded after import = 1

========================================================================
Received Import Request.
  Time since last request: 0.000225 seconds.
  path: Assets/AstarPathfindingProject/Editor/EditorAssets/LightSkin/hex_width@1x.png
  artifactKey: Guid(c3f63c474ba404e88a6a16a074cced39) Importer(2089858483,b0f066a214c2f5e87bad3c948f4d605d)
Start importing Assets/AstarPathfindingProject/Editor/EditorAssets/LightSkin/hex_width@1x.png using Guid(c3f63c474ba404e88a6a16a074cced39) Importer(2089858483,b0f066a214c2f5e87bad3c948f4d605d) (ScriptedImporter) -> (artifact id: '179245c5be533c1695c53138b5e50df0') in 0.0186974 seconds
Number of updated asset objects reloaded before import = 0Number of asset objects unloaded after import = 1

========================================================================
Received Import Request.
  Time since last request: 0.000110 seconds.
  path: Assets/AstarPathfindingProject/Editor/EditorAssets/LightSkin/gizmoButton_on@1x.png
  artifactKey: Guid(455f4fe795672465c8a4e8db3c6b9ccb) Importer(2089858483,b0f066a214c2f5e87bad3c948f4d605d)
Start importing Assets/AstarPathfindingProject/Editor/EditorAssets/LightSkin/gizmoButton_on@1x.png using Guid(455f4fe795672465c8a4e8db3c6b9ccb) Importer(2089858483,b0f066a214c2f5e87bad3c948f4d605d) (ScriptedImporter) -> (artifact id: '1122cc445943d59a1d00ca22df2bca29') in 0.0213083 seconds
Number of updated asset objects reloaded before import = 0Number of asset objects unloaded after import = 1

========================================================================
Received Import Request.
  Time since last request: 0.000135 seconds.
  path: Assets/AstarPathfindingProject/Editor/EditorAssets/LightSkin/deleteButton@2x.png
  artifactKey: Guid(6444e8eb74e6f40e0a966d1e26744d08) Importer(2089858483,b0f066a214c2f5e87bad3c948f4d605d)
Start importing Assets/AstarPathfindingProject/Editor/EditorAssets/LightSkin/deleteButton@2x.png using Guid(6444e8eb74e6f40e0a966d1e26744d08) Importer(2089858483,b0f066a214c2f5e87bad3c948f4d605d) (ScriptedImporter) -> (artifact id: '1f20220027650486d33508ce69d8d297') in 0.0197134 seconds
Number of updated asset objects reloaded before import = 0Number of asset objects unloaded after import = 1

========================================================================
Received Import Request.
  Time since last request: 0.000197 seconds.
  path: Assets/TextMesh Pro/Examples & Extras/Resources/Color Gradient Presets/Yellow to Orange - Vertical.asset
  artifactKey: Guid(69a525efa7e6472eab268f6ea605f06e) Importer(2089858483,b0f066a214c2f5e87bad3c948f4d605d)
Start importing Assets/TextMesh Pro/Examples & Extras/Resources/Color Gradient Presets/Yellow to Orange - Vertical.asset using Guid(69a525efa7e6472eab268f6ea605f06e) Importer(2089858483,b0f066a214c2f5e87bad3c948f4d605d) (ScriptedImporter) -> (artifact id: 'a736e6d38e262c760c3310cde36b81ad') in 0.0103498 seconds
Number of updated asset objects reloaded before import = 0Number of asset objects unloaded after import = 1

========================================================================
Received Import Request.
  Time since last request: 0.000120 seconds.
  path: Assets/TextMesh Pro/Examples & Extras/Resources/Fonts & Materials/Electronic Highway Sign SDF.asset
  artifactKey: Guid(dc36b3fdc14f47ebb36fd484a67e268a) Importer(2089858483,b0f066a214c2f5e87bad3c948f4d605d)
Start importing Assets/TextMesh Pro/Examples & Extras/Resources/Fonts & Materials/Electronic Highway Sign SDF.asset using Guid(dc36b3fdc14f47ebb36fd484a67e268a) Importer(2089858483,b0f066a214c2f5e87bad3c948f4d605d) (ScriptedImporter) -> (artifact id: '8bb3e249a0a66aa6f76a0947034bc8d5') in 0.0509704 seconds
Number of updated asset objects reloaded before import = 0Number of asset objects unloaded after import = 5

========================================================================
Received Import Request.
  Time since last request: 0.000048 seconds.
  path: Assets/AstarPathfindingProject/Editor/EditorAssets/DarkSkin/gridPivotSelect.png
  artifactKey: Guid(11b8d44fcb3cf4c048a576df708e0ec6) Importer(2089858483,b0f066a214c2f5e87bad3c948f4d605d)
Start importing Assets/AstarPathfindingProject/Editor/EditorAssets/DarkSkin/gridPivotSelect.png using Guid(11b8d44fcb3cf4c048a576df708e0ec6) Importer(2089858483,b0f066a214c2f5e87bad3c948f4d605d) (ScriptedImporter) -> (artifact id: '325805e95ccb5a7aeb74ee169e9eb316') in 0.0167146 seconds
Number of updated asset objects reloaded before import = 0Number of asset objects unloaded after import = 1

========================================================================
Received Import Request.
  Time since last request: 0.000140 seconds.
  path: Assets/TextMesh Pro/Examples & Extras/Scenes/09 - Margin Tag Example.unity
  artifactKey: Guid(349f38d3606449708c7340d26740e1e2) Importer(2089858483,b0f066a214c2f5e87bad3c948f4d605d)
Start importing Assets/TextMesh Pro/Examples & Extras/Scenes/09 - Margin Tag Example.unity using Guid(349f38d3606449708c7340d26740e1e2) Importer(2089858483,b0f066a214c2f5e87bad3c948f4d605d) (ScriptedImporter) -> (artifact id: '8f38720393fbf10878270a1768dbe40b') in 0.0080129 seconds
Number of updated asset objects reloaded before import = 0Number of asset objects unloaded after import = 1

========================================================================
Received Import Request.
  Time since last request: 0.000117 seconds.
  path: Assets/TextMesh Pro/Examples & Extras/Scenes/10 - Bullets & Numbered List Example.unity
  artifactKey: Guid(c3f814e1d12c45568daf3dd9a86a0e61) Importer(2089858483,b0f066a214c2f5e87bad3c948f4d605d)
Start importing Assets/TextMesh Pro/Examples & Extras/Scenes/10 - Bullets & Numbered List Example.unity using Guid(c3f814e1d12c45568daf3dd9a86a0e61) Importer(2089858483,b0f066a214c2f5e87bad3c948f4d605d) (ScriptedImporter) -> (artifact id: 'bc90a5d2f31f1b00ac2eacdce137596a') in 0.0082125 seconds
Number of updated asset objects reloaded before import = 0Number of asset objects unloaded after import = 1

========================================================================
Received Import Request.
  Time since last request: 0.000156 seconds.
  path: Assets/TextMesh Pro/Examples & Extras/Sprites/DropCap Numbers.psd
  artifactKey: Guid(fd09957580ac4326916010f1f260975b) Importer(2089858483,b0f066a214c2f5e87bad3c948f4d605d)
Start importing Assets/TextMesh Pro/Examples & Extras/Sprites/DropCap Numbers.psd using Guid(fd09957580ac4326916010f1f260975b) Importer(2089858483,b0f066a214c2f5e87bad3c948f4d605d) (ScriptedImporter) -> (artifact id: 'b4ae380b3277cd8f9528d46c79f3b491') in 0.0231528 seconds
Number of updated asset objects reloaded before import = 0Number of asset objects unloaded after import = 1

========================================================================
Received Import Request.
  Time since last request: 0.000229 seconds.
  path: Assets/AstarPathfindingProject/Generators/Utilities/PointKDTree.cs
  artifactKey: Guid(4aef007a0dd474c20872caa35fbbc8a7) Importer(2089858483,b0f066a214c2f5e87bad3c948f4d605d)
Start importing Assets/AstarPathfindingProject/Generators/Utilities/PointKDTree.cs using Guid(4aef007a0dd474c20872caa35fbbc8a7) Importer(2089858483,b0f066a214c2f5e87bad3c948f4d605d) (ScriptedImporter) -> (artifact id: '4ffb3b9a280b6cd33c5de5197de3bab1') in 0.0062259 seconds
Number of updated asset objects reloaded before import = 0Number of asset objects unloaded after import = 0

========================================================================
Received Import Request.
  Time since last request: 0.000436 seconds.
  path: Assets/AstarPathfindingProject/Legacy/Editor/LegacyAIPathEditor.cs
  artifactKey: Guid(4075ffc0df8c943368fa824db55589b4) Importer(2089858483,b0f066a214c2f5e87bad3c948f4d605d)
Start importing Assets/AstarPathfindingProject/Legacy/Editor/LegacyAIPathEditor.cs using Guid(4075ffc0df8c943368fa824db55589b4) Importer(2089858483,b0f066a214c2f5e87bad3c948f4d605d) (ScriptedImporter) -> (artifact id: 'f9dbc57ac0c7966ba858b9ff158ff135') in 0.0074297 seconds
Number of updated asset objects reloaded before import = 0Number of asset objects unloaded after import = 0

========================================================================
Received Import Request.
  Time since last request: 0.000153 seconds.
  path: Assets/AstarPathfindingProject/Editor/EditorAssets/Materials/Navmesh.mat
  artifactKey: Guid(5ce51318bbfb1466188b929a68a6bd3a) Importer(2089858483,b0f066a214c2f5e87bad3c948f4d605d)
Start importing Assets/AstarPathfindingProject/Editor/EditorAssets/Materials/Navmesh.mat using Guid(5ce51318bbfb1466188b929a68a6bd3a) Importer(2089858483,b0f066a214c2f5e87bad3c948f4d605d) (ScriptedImporter) -> (artifact id: 'd19fd976f98c30d0e60ce676ed23a2be') in 0.009658 seconds
Number of updated asset objects reloaded before import = 0Number of asset objects unloaded after import = 1

========================================================================
Received Import Request.
  Time since last request: 0.000179 seconds.
  path: Assets/TextMesh Pro/Examples & Extras/Textures/Text Overflow - Linked Text UI Screenshot.png
  artifactKey: Guid(c76d18757a194d618355f05f815cb0a1) Importer(2089858483,b0f066a214c2f5e87bad3c948f4d605d)
Start importing Assets/TextMesh Pro/Examples & Extras/Textures/Text Overflow - Linked Text UI Screenshot.png using Guid(c76d18757a194d618355f05f815cb0a1) Importer(2089858483,b0f066a214c2f5e87bad3c948f4d605d) (ScriptedImporter) -> (artifact id: '0d7639e5f83edda89cf0da57f89eead1') in 0.0194549 seconds
Number of updated asset objects reloaded before import = 0Number of asset objects unloaded after import = 1

========================================================================
Received Import Request.
  Time since last request: 0.000217 seconds.
  path: Assets/TextMesh Pro/Examples & Extras/Scripts/TMP_FrameRateCounter.cs
  artifactKey: Guid(686ec78b56aa445795335fbadafcfaa4) Importer(2089858483,b0f066a214c2f5e87bad3c948f4d605d)
Start importing Assets/TextMesh Pro/Examples & Extras/Scripts/TMP_FrameRateCounter.cs using Guid(686ec78b56aa445795335fbadafcfaa4) Importer(2089858483,b0f066a214c2f5e87bad3c948f4d605d) (ScriptedImporter) -> (artifact id: '5d5de545f6f9a7a81c046af08f708591') in 0.0070719 seconds
Number of updated asset objects reloaded before import = 0Number of asset objects unloaded after import = 0

========================================================================
Received Import Request.
  Time since last request: 0.000181 seconds.
  path: Assets/TextMesh Pro/Examples & Extras/Scenes/21 - Script Example.unity
  artifactKey: Guid(50f52f9274434ecfb34dd87f0836f323) Importer(2089858483,b0f066a214c2f5e87bad3c948f4d605d)
Start importing Assets/TextMesh Pro/Examples & Extras/Scenes/21 - Script Example.unity using Guid(50f52f9274434ecfb34dd87f0836f323) Importer(2089858483,b0f066a214c2f5e87bad3c948f4d605d) (ScriptedImporter) -> (artifact id: 'e8ed8561700d417ecaa6ffec597193ed') in 0.007241 seconds
Number of updated asset objects reloaded before import = 0Number of asset objects unloaded after import = 1

========================================================================
Received Import Request.
  Time since last request: 0.000151 seconds.
  path: Assets/TextMesh Pro/Examples & Extras/Textures/Gradient Diagonal (Color).jpg
  artifactKey: Guid(2ce5c55e85304b819a1826ecbc839aa5) Importer(2089858483,b0f066a214c2f5e87bad3c948f4d605d)
Start importing Assets/TextMesh Pro/Examples & Extras/Textures/Gradient Diagonal (Color).jpg using Guid(2ce5c55e85304b819a1826ecbc839aa5) Importer(2089858483,b0f066a214c2f5e87bad3c948f4d605d) (ScriptedImporter) -> (artifact id: '65462d7ab2ec6dacf4157d9dd731f951') in 0.0245185 seconds
Number of updated asset objects reloaded before import = 0Number of asset objects unloaded after import = 1

========================================================================
Received Import Request.
  Time since last request: 0.000237 seconds.
  path: Assets/AstarPathfindingProject/ExampleScenes/Materials/Textures/Falloff-Reflected.psd
  artifactKey: Guid(5d4852a517f1f496ebca302bd37b988a) Importer(2089858483,b0f066a214c2f5e87bad3c948f4d605d)
Start importing Assets/AstarPathfindingProject/ExampleScenes/Materials/Textures/Falloff-Reflected.psd using Guid(5d4852a517f1f496ebca302bd37b988a) Importer(2089858483,b0f066a214c2f5e87bad3c948f4d605d) (ScriptedImporter) -> (artifact id: 'b5b87e9a11fec4293771482eb1f92b7c') in 0.0226725 seconds
Number of updated asset objects reloaded before import = 0Number of asset objects unloaded after import = 1

========================================================================
Received Import Request.
  Time since last request: 0.000245 seconds.
  path: Assets/AstarPathfindingProject/Editor/EditorAssets/Materials/Navmesh.shader
  artifactKey: Guid(6dad35c0b62e44c26ab244ad80deee1a) Importer(2089858483,b0f066a214c2f5e87bad3c948f4d605d)
Start importing Assets/AstarPathfindingProject/Editor/EditorAssets/Materials/Navmesh.shader using Guid(6dad35c0b62e44c26ab244ad80deee1a) Importer(2089858483,b0f066a214c2f5e87bad3c948f4d605d) (ScriptedImporter) -> (artifact id: '52d336a40f4071ec120e066ddac9e5d7') in 0.0103614 seconds
Number of updated asset objects reloaded before import = 0Number of asset objects unloaded after import = 1

========================================================================
Received Import Request.
  Time since last request: 0.000212 seconds.
  path: Assets/TextMesh Pro/Examples & Extras/Resources/Fonts & Materials/Anton SDF - Sunny Days.mat
  artifactKey: Guid(6522f30e342599e4e9dd4cc2cc03c830) Importer(2089858483,b0f066a214c2f5e87bad3c948f4d605d)
Start importing Assets/TextMesh Pro/Examples & Extras/Resources/Fonts & Materials/Anton SDF - Sunny Days.mat using Guid(6522f30e342599e4e9dd4cc2cc03c830) Importer(2089858483,b0f066a214c2f5e87bad3c948f4d605d) (ScriptedImporter) -> (artifact id: 'c3157713578c8b327fe0ea13e5ea3726') in 0.0218605 seconds
Number of updated asset objects reloaded before import = 0Number of asset objects unloaded after import = 4

========================================================================
Received Import Request.
  Time since last request: 0.000047 seconds.
  path: Assets/AstarPathfindingProject/ExampleScenes/Prefabs/MineBot/mine_bot@left.FBX
  artifactKey: Guid(b667956babf1f0446a76fa8b99404ab8) Importer(2089858483,b0f066a214c2f5e87bad3c948f4d605d)
Start importing Assets/AstarPathfindingProject/ExampleScenes/Prefabs/MineBot/mine_bot@left.FBX using Guid(b667956babf1f0446a76fa8b99404ab8) Importer(2089858483,b0f066a214c2f5e87bad3c948f4d605d) (ScriptedImporter) -> (artifact id: '2c51af53e632a1377736acf3f74c484f') in 0.0541245 seconds
Number of updated asset objects reloaded before import = 0Number of asset objects unloaded after import = 57

========================================================================
Received Import Request.
  Time since last request: 0.000033 seconds.
  path: Assets/AstarPathfindingProject/ExampleScenes/Prefabs/MineBot/mine_bot.FBX
  artifactKey: Guid(caeffedc34d9f4161b7694ad0d84bbd3) Importer(2089858483,b0f066a214c2f5e87bad3c948f4d605d)
Start importing Assets/AstarPathfindingProject/ExampleScenes/Prefabs/MineBot/mine_bot.FBX using Guid(caeffedc34d9f4161b7694ad0d84bbd3) Importer(2089858483,b0f066a214c2f5e87bad3c948f4d605d) (ScriptedImporter) -> (artifact id: '3d20b49023c2683c37ea241bde5b2ee1') in 0.042052 seconds
Number of updated asset objects reloaded before import = 0Number of asset objects unloaded after import = 57

========================================================================
Received Import Request.
  Time since last request: 0.000045 seconds.
  path: Assets/AstarPathfindingProject/ExampleScenes/Prefabs/MineBot/Materials/mine_bot@back-01 - Default.mat
  artifactKey: Guid(0d2961682f01448ef8b2bf2cc390a419) Importer(2089858483,b0f066a214c2f5e87bad3c948f4d605d)
Start importing Assets/AstarPathfindingProject/ExampleScenes/Prefabs/MineBot/Materials/mine_bot@back-01 - Default.mat using Guid(0d2961682f01448ef8b2bf2cc390a419) Importer(2089858483,b0f066a214c2f5e87bad3c948f4d605d) (ScriptedImporter) -> (artifact id: 'ff58932861ee16052f32b50389db062c') in 0.0114962 seconds
Number of updated asset objects reloaded before import = 0Number of asset objects unloaded after import = 1

========================================================================
Received Import Request.
  Time since last request: 0.000109 seconds.
  path: Assets/AstarPathfindingProject/ExampleScenes/Prefabs/MineBot/Materials/Minebot.tif
  artifactKey: Guid(d7ab2029fbe34d0499a26f57de1f51d6) Importer(2089858483,b0f066a214c2f5e87bad3c948f4d605d)
Start importing Assets/AstarPathfindingProject/ExampleScenes/Prefabs/MineBot/Materials/Minebot.tif using Guid(d7ab2029fbe34d0499a26f57de1f51d6) Importer(2089858483,b0f066a214c2f5e87bad3c948f4d605d) (ScriptedImporter) -> (artifact id: 'b94774d9fca75610e8d64396a15f7258') in 0.0250082 seconds
Number of updated asset objects reloaded before import = 0Number of asset objects unloaded after import = 1

========================================================================
Received Import Request.
  Time since last request: 0.000115 seconds.
  path: Assets/AstarPathfindingProject/Editor/EditorAssets/DarkSkin/images/gridPivotSelect.png
  artifactKey: Guid(5006aa4ede39e49198b851d98e267b5d) Importer(2089858483,b0f066a214c2f5e87bad3c948f4d605d)
Start importing Assets/AstarPathfindingProject/Editor/EditorAssets/DarkSkin/images/gridPivotSelect.png using Guid(5006aa4ede39e49198b851d98e267b5d) Importer(2089858483,b0f066a214c2f5e87bad3c948f4d605d) (ScriptedImporter) -> (artifact id: 'aac5f7746581228360304dc673164090') in 0.0212717 seconds
Number of updated asset objects reloaded before import = 0Number of asset objects unloaded after import = 1

========================================================================
Received Import Request.
  Time since last request: 0.000129 seconds.
  path: Assets/AstarPathfindingProject/Editor/EditorAssets/LightSkin/headerBackground.png
  artifactKey: Guid(620f088d04c284b21939ce24996fdbee) Importer(2089858483,b0f066a214c2f5e87bad3c948f4d605d)
Start importing Assets/AstarPathfindingProject/Editor/EditorAssets/LightSkin/headerBackground.png using Guid(620f088d04c284b21939ce24996fdbee) Importer(2089858483,b0f066a214c2f5e87bad3c948f4d605d) (ScriptedImporter) -> (artifact id: '42eca26fbb6a01619a7ed79172de69d3') in 0.019669 seconds
Number of updated asset objects reloaded before import = 0Number of asset objects unloaded after import = 1

========================================================================
Received Import Request.
  Time since last request: 0.000120 seconds.
  path: Assets/AstarPathfindingProject/ExampleScenes/Prefabs/MineBot/mine_bot@awake.FBX
  artifactKey: Guid(7e212db0aa2c00b448aa511ece336f20) Importer(2089858483,b0f066a214c2f5e87bad3c948f4d605d)
Start importing Assets/AstarPathfindingProject/ExampleScenes/Prefabs/MineBot/mine_bot@awake.FBX using Guid(7e212db0aa2c00b448aa511ece336f20) Importer(2089858483,b0f066a214c2f5e87bad3c948f4d605d) (ScriptedImporter) -> (artifact id: '7a4849b37bcb790aeb13327a14b80f8d') in 0.0413144 seconds
Number of updated asset objects reloaded before import = 0Number of asset objects unloaded after import = 56

========================================================================
Received Import Request.
  Time since last request: 0.000051 seconds.
  path: Assets/AstarPathfindingProject/Editor/EditorAssets/DarkSkin/images/gridPivotSelect-03.png
  artifactKey: Guid(0758c9e42111d4aec99694c875e9badc) Importer(2089858483,b0f066a214c2f5e87bad3c948f4d605d)
Start importing Assets/AstarPathfindingProject/Editor/EditorAssets/DarkSkin/images/gridPivotSelect-03.png using Guid(0758c9e42111d4aec99694c875e9badc) Importer(2089858483,b0f066a214c2f5e87bad3c948f4d605d) (ScriptedImporter) -> (artifact id: '679c9b8d965a17776e4e2e9d06afba8f') in 0.0217345 seconds
Number of updated asset objects reloaded before import = 0Number of asset objects unloaded after import = 1

========================================================================
Received Import Request.
  Time since last request: 0.000082 seconds.
  path: Assets/TextMesh Pro/Examples & Extras/Textures/Gradient Horizontal (Color).jpg
  artifactKey: Guid(6eb184de103d4b3f812b38561065192f) Importer(2089858483,b0f066a214c2f5e87bad3c948f4d605d)
Start importing Assets/TextMesh Pro/Examples & Extras/Textures/Gradient Horizontal (Color).jpg using Guid(6eb184de103d4b3f812b38561065192f) Importer(2089858483,b0f066a214c2f5e87bad3c948f4d605d) (ScriptedImporter) -> (artifact id: '56e8df82101bc5552ccc2392f8af7865') in 0.0196381 seconds
Number of updated asset objects reloaded before import = 0Number of asset objects unloaded after import = 1

========================================================================
Received Import Request.
  Time since last request: 0.000180 seconds.
  path: Assets/AstarPathfindingProject/Editor/EditorAssets/LightSkin/editButton_active@2x.png
  artifactKey: Guid(f7ae6f90d33d043c684812513307ec16) Importer(2089858483,b0f066a214c2f5e87bad3c948f4d605d)
Start importing Assets/AstarPathfindingProject/Editor/EditorAssets/LightSkin/editButton_active@2x.png using Guid(f7ae6f90d33d043c684812513307ec16) Importer(2089858483,b0f066a214c2f5e87bad3c948f4d605d) (ScriptedImporter) -> (artifact id: '3de4f71d06539376126acdad97e455e9') in 0.0204451 seconds
Number of updated asset objects reloaded before import = 0Number of asset objects unloaded after import = 1

========================================================================
Received Import Request.
  Time since last request: 0.000216 seconds.
  path: Assets/AstarPathfindingProject/Editor/EditorAssets/DarkSkin/deleteButton@1x.png
  artifactKey: Guid(b5a4a564ac2dc4261a13719673f157e1) Importer(2089858483,b0f066a214c2f5e87bad3c948f4d605d)
Start importing Assets/AstarPathfindingProject/Editor/EditorAssets/DarkSkin/deleteButton@1x.png using Guid(b5a4a564ac2dc4261a13719673f157e1) Importer(2089858483,b0f066a214c2f5e87bad3c948f4d605d) (ScriptedImporter) -> (artifact id: '762af7d6e79d966e22f00dc3f9fe857d') in 0.0218771 seconds
Number of updated asset objects reloaded before import = 0Number of asset objects unloaded after import = 1

========================================================================
Received Import Request.
  Time since last request: 0.000151 seconds.
  path: Assets/AstarPathfindingProject/ExampleScenes/Prefabs/MineBot/mine_bot@back.FBX
  artifactKey: Guid(a13fed205b1fa3942abfab7ba21463ec) Importer(2089858483,b0f066a214c2f5e87bad3c948f4d605d)
Start importing Assets/AstarPathfindingProject/ExampleScenes/Prefabs/MineBot/mine_bot@back.FBX using Guid(a13fed205b1fa3942abfab7ba21463ec) Importer(2089858483,b0f066a214c2f5e87bad3c948f4d605d) (ScriptedImporter) -> (artifact id: 'c409aa3c9802ffffc9ad2cff29d7706a') in 0.0285925 seconds
Number of updated asset objects reloaded before import = 0Number of asset objects unloaded after import = 57

========================================================================
Received Import Request.
  Time since last request: 0.000051 seconds.
  path: Assets/AstarPathfindingProject/Editor/EditorAssets/DarkSkin/infoButton@1x.png
  artifactKey: Guid(1986ec06d68774254928f44b896a3913) Importer(2089858483,b0f066a214c2f5e87bad3c948f4d605d)
Start importing Assets/AstarPathfindingProject/Editor/EditorAssets/DarkSkin/infoButton@1x.png using Guid(1986ec06d68774254928f44b896a3913) Importer(2089858483,b0f066a214c2f5e87bad3c948f4d605d) (ScriptedImporter) -> (artifact id: '590f20cbfb2dae30f2f49336bebea8d7') in 0.0205195 seconds
Number of updated asset objects reloaded before import = 0Number of asset objects unloaded after import = 1

========================================================================
Received Import Request.
  Time since last request: 0.000121 seconds.
  path: Assets/TextMesh Pro/Examples & Extras/Textures/Wipe Pattern - Diagonal.psd
  artifactKey: Guid(ed5290d8df18488780e2996b9b882f01) Importer(2089858483,b0f066a214c2f5e87bad3c948f4d605d)
Start importing Assets/TextMesh Pro/Examples & Extras/Textures/Wipe Pattern - Diagonal.psd using Guid(ed5290d8df18488780e2996b9b882f01) Importer(2089858483,b0f066a214c2f5e87bad3c948f4d605d) (ScriptedImporter) -> (artifact id: 'b5dea6fd6f6ec8963896c4612e3de4b9') in 0.0230168 seconds
Number of updated asset objects reloaded before import = 0Number of asset objects unloaded after import = 1

========================================================================
Received Import Request.
  Time since last request: 0.000260 seconds.
  path: Assets/AstarPathfindingProject/ExampleScenes/Prefabs/MineBot/Materials/Minebot_NRM.tif
  artifactKey: Guid(7cec4fc9f20c5e145941cf016d68ff64) Importer(2089858483,b0f066a214c2f5e87bad3c948f4d605d)
Start importing Assets/AstarPathfindingProject/ExampleScenes/Prefabs/MineBot/Materials/Minebot_NRM.tif using Guid(7cec4fc9f20c5e145941cf016d68ff64) Importer(2089858483,b0f066a214c2f5e87bad3c948f4d605d) (ScriptedImporter) -> (artifact id: '9a6fb41305df024dca5879da24db8bde') in 0.0217089 seconds
Number of updated asset objects reloaded before import = 0Number of asset objects unloaded after import = 1

========================================================================
Received Import Request.
  Time since last request: 0.000205 seconds.
  path: Assets/TextMesh Pro/Examples & Extras/Resources/Sprite Assets/DropCap Numbers.asset
  artifactKey: Guid(14aa93acbb234d16aaef0e8b46814db6) Importer(2089858483,b0f066a214c2f5e87bad3c948f4d605d)
Start importing Assets/TextMesh Pro/Examples & Extras/Resources/Sprite Assets/DropCap Numbers.asset using Guid(14aa93acbb234d16aaef0e8b46814db6) Importer(2089858483,b0f066a214c2f5e87bad3c948f4d605d) (ScriptedImporter) -> (artifact id: '04d9e617c3416491a1e562a830591716') in 0.0259519 seconds
Number of updated asset objects reloaded before import = 0Number of asset objects unloaded after import = 3

========================================================================
Received Import Request.
  Time since last request: 436.074670 seconds.
  path: Assets/AstarPathfindingProject/ExampleScenes/Example6_Navmesh/example6.fbx
  artifactKey: Guid(7fdfb9a3e0fdf4df880ebc7fa5f56398) Importer(815301076,1909f56bfc062723c751e8b465ee728b)
Start importing Assets/AstarPathfindingProject/ExampleScenes/Example6_Navmesh/example6.fbx using Guid(7fdfb9a3e0fdf4df880ebc7fa5f56398) Importer(815301076,1909f56bfc062723c751e8b465ee728b) (PreviewImporter) -> (artifact id: 'b73c60ef63bfcfbb2bf99e9d7a01a1d5') in 0.7604481 seconds
Number of updated asset objects reloaded before import = 0Number of asset objects unloaded after import = 10

========================================================================
Received Import Request.
  Time since last request: 0.000053 seconds.
  path: Packages/com.unity.2d.psdimporter/Editor/Assets/pivot.fbx
  artifactKey: Guid(1c7762c9bce5f4ab7b060decb9e3002d) Importer(815301076,1909f56bfc062723c751e8b465ee728b)
Start importing Packages/com.unity.2d.psdimporter/Editor/Assets/pivot.fbx using Guid(1c7762c9bce5f4ab7b060decb9e3002d) Importer(815301076,1909f56bfc062723c751e8b465ee728b) (PreviewImporter) -> (artifact id: '94d200b52965fbc286740ba55f5fe807') in 0.0775494 seconds
Number of updated asset objects reloaded before import = 0Number of asset objects unloaded after import = 10

========================================================================
Received Import Request.
  Time since last request: 0.000058 seconds.
  path: Assets/Prefabs/Character (93).prefab
  artifactKey: Guid(f3443cf8560207749a8ebb2d37707929) Importer(815301076,1909f56bfc062723c751e8b465ee728b)
Start importing Assets/Prefabs/Character (93).prefab using Guid(f3443cf8560207749a8ebb2d37707929) Importer(815301076,1909f56bfc062723c751e8b465ee728b) (PreviewImporter) -> (artifact id: 'b7f40fefe8abcdc901b87cd116df6bef') in 0.1452165 seconds
Number of updated asset objects reloaded before import = 0Number of asset objects unloaded after import = 37

========================================================================
Received Import Request.
  Time since last request: 0.000072 seconds.
  path: Assets/AstarPathfindingProject/ExampleScenes/Prefabs/MineBot/mine_bot_render.prefab
  artifactKey: Guid(0b9c68ddd67ee5b9e8aeca86ac0fbc03) Importer(815301076,1909f56bfc062723c751e8b465ee728b)
Start importing Assets/AstarPathfindingProject/ExampleScenes/Prefabs/MineBot/mine_bot_render.prefab using Guid(0b9c68ddd67ee5b9e8aeca86ac0fbc03) Importer(815301076,1909f56bfc062723c751e8b465ee728b) (PreviewImporter) -> (artifact id: 'c90ed08de03b9e69301571732dafcfc1') in 0.3033198 seconds
Number of updated asset objects reloaded before import = 0Number of asset objects unloaded after import = 116

========================================================================
Received Import Request.
  Time since last request: 0.000053 seconds.
  path: Assets/Prefabs/Character (44).prefab
  artifactKey: Guid(2b6590be7f408d44eaf8af7185381d4c) Importer(815301076,1909f56bfc062723c751e8b465ee728b)
Start importing Assets/Prefabs/Character (44).prefab using Guid(2b6590be7f408d44eaf8af7185381d4c) Importer(815301076,1909f56bfc062723c751e8b465ee728b) (PreviewImporter) -> (artifact id: '6e2891118f52c0d6e80b18d475bd2a2b') in 0.0704201 seconds
Number of updated asset objects reloaded before import = 0Number of asset objects unloaded after import = 24

========================================================================
Received Import Request.
  Time since last request: 0.000104 seconds.
  path: Assets/Prefabs/Clouds.prefab
  artifactKey: Guid(7261f09e299e43b4ab263257193446cb) Importer(815301076,1909f56bfc062723c751e8b465ee728b)
Start importing Assets/Prefabs/Clouds.prefab using Guid(7261f09e299e43b4ab263257193446cb) Importer(815301076,1909f56bfc062723c751e8b465ee728b) (PreviewImporter) -> (artifact id: '8de725201d1203974d2be0f5013581cd') in 0.0361968 seconds
Number of updated asset objects reloaded before import = 0Number of asset objects unloaded after import = 275

========================================================================
Received Import Request.
  Time since last request: 0.000049 seconds.
  path: Assets/AstarPathfindingProject/ExampleScenes/Prefabs/MineBot/mine_bot@left.FBX
  artifactKey: Guid(b667956babf1f0446a76fa8b99404ab8) Importer(815301076,1909f56bfc062723c751e8b465ee728b)
Start importing Assets/AstarPathfindingProject/ExampleScenes/Prefabs/MineBot/mine_bot@left.FBX using Guid(b667956babf1f0446a76fa8b99404ab8) Importer(815301076,1909f56bfc062723c751e8b465ee728b) (PreviewImporter) -> (artifact id: '514fbd0a9cdb57ce66caf5313b5b2f0e') in 0.3056709 seconds
Number of updated asset objects reloaded before import = 0Number of asset objects unloaded after import = 58

========================================================================
Received Import Request.
  Time since last request: 0.000043 seconds.
  path: Assets/AstarPathfindingProject/ExampleScenes/Example12_Procedural/ProceduralPrefab3.prefab
  artifactKey: Guid(18cb121974c6b4be387c66d4e1ce5bf8) Importer(815301076,1909f56bfc062723c751e8b465ee728b)
Start importing Assets/AstarPathfindingProject/ExampleScenes/Example12_Procedural/ProceduralPrefab3.prefab using Guid(18cb121974c6b4be387c66d4e1ce5bf8) Importer(815301076,1909f56bfc062723c751e8b465ee728b) (PreviewImporter) -> (artifact id: '0c650682652efa02dadd59459ed64bca') in 0.014922 seconds
Number of updated asset objects reloaded before import = 0Number of asset objects unloaded after import = 25

========================================================================
Received Import Request.
  Time since last request: 0.000069 seconds.
  path: Assets/Prefabs/Worm.prefab
  artifactKey: Guid(5c46f8b1a5fcc6c40aef671f07bbaa54) Importer(815301076,1909f56bfc062723c751e8b465ee728b)
Start importing Assets/Prefabs/Worm.prefab using Guid(5c46f8b1a5fcc6c40aef671f07bbaa54) Importer(815301076,1909f56bfc062723c751e8b465ee728b) (PreviewImporter) -> (artifact id: '77f1f916da250abafabce072e7060019') in 0.0215114 seconds
Number of updated asset objects reloaded before import = 0Number of asset objects unloaded after import = 43

========================================================================
Received Import Request.
  Time since last request: 0.000037 seconds.
  path: Assets/Free_Trees/Meshes/Palm_Tree.fbx
  artifactKey: Guid(1e50ef3048667495d90210b70c070c6b) Importer(815301076,1909f56bfc062723c751e8b465ee728b)
Start importing Assets/Free_Trees/Meshes/Palm_Tree.fbx using Guid(1e50ef3048667495d90210b70c070c6b) Importer(815301076,1909f56bfc062723c751e8b465ee728b) (PreviewImporter) -> (artifact id: '89ae3d312103ef5997487c543fc32c8b') in 0.0251065 seconds
Number of updated asset objects reloaded before import = 0Number of asset objects unloaded after import = 8

========================================================================
Received Import Request.
  Time since last request: 0.000049 seconds.
  path: Assets/TextMesh Pro/Examples & Extras/Prefabs/TextMeshPro - Prefab 1.prefab
  artifactKey: Guid(a6e39ced0ea046bcb636c3f0b2e2a745) Importer(815301076,1909f56bfc062723c751e8b465ee728b)
Start importing Assets/TextMesh Pro/Examples & Extras/Prefabs/TextMeshPro - Prefab 1.prefab using Guid(a6e39ced0ea046bcb636c3f0b2e2a745) Importer(815301076,1909f56bfc062723c751e8b465ee728b) (PreviewImporter) -> (artifact id: '23bfedfde6ebeb8ab45df6c4bf1be23f') in 0.0308028 seconds
Number of updated asset objects reloaded before import = 0Number of asset objects unloaded after import = 16

========================================================================
Received Import Request.
  Time since last request: 0.000041 seconds.
  path: Assets/Prefabs/Character (22).prefab
  artifactKey: Guid(17aa84bd74c19944f8afc29cac1b4d4f) Importer(815301076,1909f56bfc062723c751e8b465ee728b)
Start importing Assets/Prefabs/Character (22).prefab using Guid(17aa84bd74c19944f8afc29cac1b4d4f) Importer(815301076,1909f56bfc062723c751e8b465ee728b) (PreviewImporter) -> (artifact id: 'a011838dfb2c81e8623f17ef1533f6c1') in 0.0652295 seconds
Number of updated asset objects reloaded before import = 0Number of asset objects unloaded after import = 24

========================================================================
Received Import Request.
  Time since last request: 0.000076 seconds.
  path: Assets/Prefabs/GameEnd.prefab
  artifactKey: Guid(f761ea81919d1a242a5f80e5ef3eb9c1) Importer(815301076,1909f56bfc062723c751e8b465ee728b)
Start importing Assets/Prefabs/GameEnd.prefab using Guid(f761ea81919d1a242a5f80e5ef3eb9c1) Importer(815301076,1909f56bfc062723c751e8b465ee728b) (PreviewImporter) -> (artifact id: '8eccc959b4de91f3987aa8d5f8b32805') in 0.0275374 seconds
Number of updated asset objects reloaded before import = 0Number of asset objects unloaded after import = 81

========================================================================
Received Import Request.
  Time since last request: 0.000055 seconds.
  path: Packages/com.unity.2d.spriteshape/Editor/ObjectMenuCreation/DefaultAssets/Sprite Shapes/Open Sprite Shape.prefab
  artifactKey: Guid(86ae7de409eb54f619fb1328e4d42480) Importer(815301076,1909f56bfc062723c751e8b465ee728b)
Start importing Packages/com.unity.2d.spriteshape/Editor/ObjectMenuCreation/DefaultAssets/Sprite Shapes/Open Sprite Shape.prefab using Guid(86ae7de409eb54f619fb1328e4d42480) Importer(815301076,1909f56bfc062723c751e8b465ee728b) (PreviewImporter) -> (artifact id: '67f67320ed9fe186dccd174fbf62c09b') in 0.0233546 seconds
Number of updated asset objects reloaded before import = 0Number of asset objects unloaded after import = 14

========================================================================
Received Import Request.
  Time since last request: 0.000037 seconds.
  path: Assets/AstarPathfindingProject/ExampleScenes/Prefabs/MineBot/mine_bot.FBX
  artifactKey: Guid(caeffedc34d9f4161b7694ad0d84bbd3) Importer(815301076,1909f56bfc062723c751e8b465ee728b)
Start importing Assets/AstarPathfindingProject/ExampleScenes/Prefabs/MineBot/mine_bot.FBX using Guid(caeffedc34d9f4161b7694ad0d84bbd3) Importer(815301076,1909f56bfc062723c751e8b465ee728b) (PreviewImporter) -> (artifact id: '566c8c7a5df577b5a0771aeebd07f3ba') in 0.1196337 seconds
Number of updated asset objects reloaded before import = 0Number of asset objects unloaded after import = 58

========================================================================
Received Import Request.
  Time since last request: 0.000085 seconds.
  path: Assets/Prefabs/Oak_Tree.prefab
  artifactKey: Guid(c44bd9bdc114d4a60932c0087d9d1732) Importer(815301076,1909f56bfc062723c751e8b465ee728b)
Start importing Assets/Prefabs/Oak_Tree.prefab using Guid(c44bd9bdc114d4a60932c0087d9d1732) Importer(815301076,1909f56bfc062723c751e8b465ee728b) (PreviewImporter) -> (artifact id: '15cd2e87793c2d4780efd97c7dec2b3e') in 0.1085012 seconds
Number of updated asset objects reloaded before import = 0Number of asset objects unloaded after import = 10

========================================================================
Received Import Request.
  Time since last request: 0.000059 seconds.
  path: Assets/Prefabs/Character (12).prefab
  artifactKey: Guid(da87870c43885da43b5816cfd4d5ec9e) Importer(815301076,1909f56bfc062723c751e8b465ee728b)
Start importing Assets/Prefabs/Character (12).prefab using Guid(da87870c43885da43b5816cfd4d5ec9e) Importer(815301076,1909f56bfc062723c751e8b465ee728b) (PreviewImporter) -> (artifact id: '4cda775c8c560d758794eeb7b8d26985') in 0.0685065 seconds
Number of updated asset objects reloaded before import = 0Number of asset objects unloaded after import = 14

========================================================================
Received Import Request.
  Time since last request: 0.000049 seconds.
  path: Assets/AstarPathfindingProject/ExampleScenes/Example12_Procedural/ProceduralGround.prefab
  artifactKey: Guid(61432558c555740a38a88fa99d358883) Importer(815301076,1909f56bfc062723c751e8b465ee728b)
Start importing Assets/AstarPathfindingProject/ExampleScenes/Example12_Procedural/ProceduralGround.prefab using Guid(61432558c555740a38a88fa99d358883) Importer(815301076,1909f56bfc062723c751e8b465ee728b) (PreviewImporter) -> (artifact id: 'c82203994f4b47244560de5c67d02cb7') in 0.011665 seconds
Number of updated asset objects reloaded before import = 0Number of asset objects unloaded after import = 8

========================================================================
Received Import Request.
  Time since last request: 0.000087 seconds.
  path: Assets/Prefabs/Blood_Effect.prefab
  artifactKey: Guid(3953ecce040279b49bc8cac1da75ce49) Importer(815301076,1909f56bfc062723c751e8b465ee728b)
Start importing Assets/Prefabs/Blood_Effect.prefab using Guid(3953ecce040279b49bc8cac1da75ce49) Importer(815301076,1909f56bfc062723c751e8b465ee728b) (PreviewImporter) -> (artifact id: '92095d553e465ded938825d6772289f6') in 0.0496907 seconds
Number of updated asset objects reloaded before import = 0Number of asset objects unloaded after import = 9

========================================================================
Received Import Request.
  Time since last request: 0.000052 seconds.
  path: Assets/Prefabs/Post Processing.prefab
  artifactKey: Guid(5e5839c2775da324cb9920999e864e1c) Importer(815301076,1909f56bfc062723c751e8b465ee728b)
Start importing Assets/Prefabs/Post Processing.prefab using Guid(5e5839c2775da324cb9920999e864e1c) Importer(815301076,1909f56bfc062723c751e8b465ee728b) (PreviewImporter) -> (artifact id: '67eacb55eaec5a8e3460320e6fab9bbc') in 0.0040884 seconds
Number of updated asset objects reloaded before import = 0Number of asset objects unloaded after import = 5

========================================================================
Received Import Request.
  Time since last request: 0.000062 seconds.
  path: Assets/Prefabs/Character (19).prefab
  artifactKey: Guid(4417795f22e79254a890defe8ebcdabb) Importer(815301076,1909f56bfc062723c751e8b465ee728b)
Start importing Assets/Prefabs/Character (19).prefab using Guid(4417795f22e79254a890defe8ebcdabb) Importer(815301076,1909f56bfc062723c751e8b465ee728b) (PreviewImporter) -> (artifact id: '8257bd966471c7c17b3a786ff1bc5bb2') in 0.0727671 seconds
Number of updated asset objects reloaded before import = 0Number of asset objects unloaded after import = 28

========================================================================
Received Import Request.
  Time since last request: 0.000057 seconds.
  path: Assets/Prefabs/fireball.prefab
  artifactKey: Guid(38524bc2b3ffcdc4f9e6d2dfb3aee388) Importer(815301076,1909f56bfc062723c751e8b465ee728b)
Start importing Assets/Prefabs/fireball.prefab using Guid(38524bc2b3ffcdc4f9e6d2dfb3aee388) Importer(815301076,1909f56bfc062723c751e8b465ee728b) (PreviewImporter) -> (artifact id: 'b7cdbe9243cf44eb4505ea1b92c7705e') in 0.0153635 seconds
Number of updated asset objects reloaded before import = 0Number of asset objects unloaded after import = 10

========================================================================
Received Import Request.
  Time since last request: 0.000042 seconds.
  path: Assets/Prefabs/Canvas.prefab
  artifactKey: Guid(b1d7d6bba20f59f48bfda5329f042f3f) Importer(815301076,1909f56bfc062723c751e8b465ee728b)
Start importing Assets/Prefabs/Canvas.prefab using Guid(b1d7d6bba20f59f48bfda5329f042f3f) Importer(815301076,1909f56bfc062723c751e8b465ee728b) (PreviewImporter) -> (artifact id: '1a2c3de2ccfd3cca8d09e6f2be25acbe') in 0.0061585 seconds
Number of updated asset objects reloaded before import = 0Number of asset objects unloaded after import = 36

========================================================================
Received Import Request.
  Time since last request: 0.000038 seconds.
  path: Assets/Prefabs/Fireball_Player.prefab
  artifactKey: Guid(216e5475a01a68f41aeec1c39e3fdb59) Importer(815301076,1909f56bfc062723c751e8b465ee728b)
Start importing Assets/Prefabs/Fireball_Player.prefab using Guid(216e5475a01a68f41aeec1c39e3fdb59) Importer(815301076,1909f56bfc062723c751e8b465ee728b) (PreviewImporter) -> (artifact id: '6678045bd9436762c327427cc0975efc') in 0.0135538 seconds
Number of updated asset objects reloaded before import = 0Number of asset objects unloaded after import = 8

========================================================================
Received Import Request.
  Time since last request: 0.000047 seconds.
  path: Packages/com.unity.2d.spriteshape/Editor/ObjectMenuCreation/DefaultAssets/Sprite Shapes/Closed Sprite Shape.prefab
  artifactKey: Guid(c0583b4e855c74b8c82e7b9b5efb5ce9) Importer(815301076,1909f56bfc062723c751e8b465ee728b)
Start importing Packages/com.unity.2d.spriteshape/Editor/ObjectMenuCreation/DefaultAssets/Sprite Shapes/Closed Sprite Shape.prefab using Guid(c0583b4e855c74b8c82e7b9b5efb5ce9) Importer(815301076,1909f56bfc062723c751e8b465ee728b) (PreviewImporter) -> (artifact id: '10fa323b0e4eec91ae06602c1d7a0c61') in 0.0265641 seconds
Number of updated asset objects reloaded before import = 0Number of asset objects unloaded after import = 14

========================================================================
Received Import Request.
  Time since last request: 0.000044 seconds.
  path: Assets/Free_Trees/Meshes/Oak_Tree.fbx
  artifactKey: Guid(6d58037af810b4021ac921a71033e575) Importer(815301076,1909f56bfc062723c751e8b465ee728b)
Start importing Assets/Free_Trees/Meshes/Oak_Tree.fbx using Guid(6d58037af810b4021ac921a71033e575) Importer(815301076,1909f56bfc062723c751e8b465ee728b) (PreviewImporter) -> (artifact id: 'f6eea1d4c85952410cb8a2360738a46d') in 0.0243024 seconds
Number of updated asset objects reloaded before import = 0Number of asset objects unloaded after import = 8

========================================================================
Received Import Request.
  Time since last request: 0.000041 seconds.
  path: Assets/Prefabs/Setting menu.prefab
  artifactKey: Guid(21fa7c0614e796e4faee102650f01617) Importer(815301076,1909f56bfc062723c751e8b465ee728b)
Start importing Assets/Prefabs/Setting menu.prefab using Guid(21fa7c0614e796e4faee102650f01617) Importer(815301076,1909f56bfc062723c751e8b465ee728b) (PreviewImporter) -> (artifact id: '0eb568f03668fbfac140b795a8f9426a') in 0.0372769 seconds
Number of updated asset objects reloaded before import = 0Number of asset objects unloaded after import = 163

========================================================================
Received Import Request.
  Time since last request: 0.000061 seconds.
  path: Assets/Prefabs/Lance.prefab
  artifactKey: Guid(5f2fbaf985faab0468a42bfda6cee3d1) Importer(815301076,1909f56bfc062723c751e8b465ee728b)
Start importing Assets/Prefabs/Lance.prefab using Guid(5f2fbaf985faab0468a42bfda6cee3d1) Importer(815301076,1909f56bfc062723c751e8b465ee728b) (PreviewImporter) -> (artifact id: '79487c5faaa5143f02c70aea6ab7b7ad') in 0.0342233 seconds
Number of updated asset objects reloaded before import = 0Number of asset objects unloaded after import = 10

========================================================================
Received Import Request.
  Time since last request: 30.792239 seconds.
  path: Assets/Sounds/Jump.wav
  artifactKey: Guid(6efd68c935ed7c04b987bcf45c2eef40) Importer(815301076,1909f56bfc062723c751e8b465ee728b)
Start importing Assets/Sounds/Jump.wav using Guid(6efd68c935ed7c04b987bcf45c2eef40) Importer(815301076,1909f56bfc062723c751e8b465ee728b) (PreviewImporter) -> (artifact id: '4817ccadd2eba0023d8efcae546beef9') in 0.0662708 seconds
Number of updated asset objects reloaded before import = 0Number of asset objects unloaded after import = 2

========================================================================
Received Import Request.
  Time since last request: 0.000049 seconds.
  path: Assets/Sounds/Sword Swing.wav
  artifactKey: Guid(bb5d03ea5cb24524a80c3e6ba90437eb) Importer(815301076,1909f56bfc062723c751e8b465ee728b)
Start importing Assets/Sounds/Sword Swing.wav using Guid(bb5d03ea5cb24524a80c3e6ba90437eb) Importer(815301076,1909f56bfc062723c751e8b465ee728b) (PreviewImporter) -> (artifact id: 'b6606551c2aff61dc03d5ed6d05a0923') in 0.0128658 seconds
Number of updated asset objects reloaded before import = 0Number of asset objects unloaded after import = 2

========================================================================
Received Import Request.
  Time since last request: 0.458975 seconds.
  path: Assets/Sprites/bg3.png
  artifactKey: Guid(8f5eb49254b2c4747a0745886f82fcc5) Importer(815301076,1909f56bfc062723c751e8b465ee728b)
Start importing Assets/Sprites/bg3.png using Guid(8f5eb49254b2c4747a0745886f82fcc5) Importer(815301076,1909f56bfc062723c751e8b465ee728b) (PreviewImporter) -> (artifact id: '37a112b64eab359f3a1456b314f11d07') in 0.0538707 seconds
Number of updated asset objects reloaded before import = 0Number of asset objects unloaded after import = 3

========================================================================
Received Import Request.
  Time since last request: 0.000038 seconds.
  path: Assets/Sprites/platforms3.png
  artifactKey: Guid(a0915fdfc1f3e9a4b808ec1c3163e9cb) Importer(815301076,1909f56bfc062723c751e8b465ee728b)
Start importing Assets/Sprites/platforms3.png using Guid(a0915fdfc1f3e9a4b808ec1c3163e9cb) Importer(815301076,1909f56bfc062723c751e8b465ee728b) (PreviewImporter) -> (artifact id: '599590e23d613ed928577a18da5a0b2c') in 0.065731 seconds
Number of updated asset objects reloaded before import = 0Number of asset objects unloaded after import = 7

========================================================================
Received Import Request.
  Time since last request: 0.000051 seconds.
  path: Assets/Sprites/MainMenu 1.png
  artifactKey: Guid(6cd75cad57f32fc4a811b50ba74947c4) Importer(815301076,1909f56bfc062723c751e8b465ee728b)
Start importing Assets/Sprites/MainMenu 1.png using Guid(6cd75cad57f32fc4a811b50ba74947c4) Importer(815301076,1909f56bfc062723c751e8b465ee728b) (PreviewImporter) -> (artifact id: '6222991c20d51fac8c3894d21dabc7e4') in 0.0236475 seconds
Number of updated asset objects reloaded before import = 0Number of asset objects unloaded after import = 4

========================================================================
Received Import Request.
  Time since last request: 0.000051 seconds.
  path: Assets/Sprites/treesAndGrass.png
  artifactKey: Guid(769915cad0ad9a04296ea74d4ec5b8c0) Importer(815301076,1909f56bfc062723c751e8b465ee728b)
Start importing Assets/Sprites/treesAndGrass.png using Guid(769915cad0ad9a04296ea74d4ec5b8c0) Importer(815301076,1909f56bfc062723c751e8b465ee728b) (PreviewImporter) -> (artifact id: '197015be2a262f0e80b2a50975fa4cc7') in 0.0643773 seconds
Number of updated asset objects reloaded before import = 0Number of asset objects unloaded after import = 5

========================================================================
Received Import Request.
  Time since last request: 0.000055 seconds.
  path: Assets/Sprites/worm.png
  artifactKey: Guid(740b6e143a96a7e4baac82613150c1ce) Importer(815301076,1909f56bfc062723c751e8b465ee728b)
Start importing Assets/Sprites/worm.png using Guid(740b6e143a96a7e4baac82613150c1ce) Importer(815301076,1909f56bfc062723c751e8b465ee728b) (PreviewImporter) -> (artifact id: '0fb37c27b47a865d9dff3389556c3f54') in 0.033211 seconds
Number of updated asset objects reloaded before import = 0Number of asset objects unloaded after import = 5

========================================================================
Received Import Request.
  Time since last request: 0.000044 seconds.
  path: Assets/Sprites/flag.png
  artifactKey: Guid(818b5bf5011b1fe4094463b8940b3855) Importer(815301076,1909f56bfc062723c751e8b465ee728b)
Start importing Assets/Sprites/flag.png using Guid(818b5bf5011b1fe4094463b8940b3855) Importer(815301076,1909f56bfc062723c751e8b465ee728b) (PreviewImporter) -> (artifact id: '3574423ff7de708d7f5196c03f62a910') in 0.0204705 seconds
Number of updated asset objects reloaded before import = 0Number of asset objects unloaded after import = 3

========================================================================
Received Import Request.
  Time since last request: 0.000056 seconds.
  path: Assets/Sprites/pillar.png
  artifactKey: Guid(52ce3760027915e43baace1339f5a584) Importer(815301076,1909f56bfc062723c751e8b465ee728b)
Start importing Assets/Sprites/pillar.png using Guid(52ce3760027915e43baace1339f5a584) Importer(815301076,1909f56bfc062723c751e8b465ee728b) (PreviewImporter) -> (artifact id: '3247eb8c3131f60619edc24cc8b15d04') in 0.0329018 seconds
Number of updated asset objects reloaded before import = 0Number of asset objects unloaded after import = 3

========================================================================
Received Import Request.
  Time since last request: 0.000048 seconds.
  path: Assets/Sprites/platforms2.png
  artifactKey: Guid(07376a5bc960444469726ff6397917dd) Importer(815301076,1909f56bfc062723c751e8b465ee728b)
Start importing Assets/Sprites/platforms2.png using Guid(07376a5bc960444469726ff6397917dd) Importer(815301076,1909f56bfc062723c751e8b465ee728b) (PreviewImporter) -> (artifact id: '215050e56ad636ec4e36f3e4c6edd455') in 0.0513982 seconds
Number of updated asset objects reloaded before import = 0Number of asset objects unloaded after import = 4

========================================================================
Received Import Request.
  Time since last request: 0.000039 seconds.
  path: Assets/Sprites/characters.png
  artifactKey: Guid(0c1e734fa85636743af3bc22c6d99ba8) Importer(815301076,1909f56bfc062723c751e8b465ee728b)
Start importing Assets/Sprites/characters.png using Guid(0c1e734fa85636743af3bc22c6d99ba8) Importer(815301076,1909f56bfc062723c751e8b465ee728b) (PreviewImporter) -> (artifact id: '91864ed1c55cce1f55968e991d73d9c8') in 1.4250312 seconds
Number of updated asset objects reloaded before import = 0Number of asset objects unloaded after import = 251

========================================================================
Received Prepare
Begin MonoManager ReloadAssembly
[Licensing::Client] Successfully resolved entitlement details
ADTM: Control thread waiting for realtime thread timed out, have to lock...
- Loaded All Assemblies, in  2.411 seconds
Refreshing native plugins compatible for Editor in 2.54 ms, found 4 plugins.
Native extension for WindowsStandalone target not found
[Package Manager] Failed to launch server process. Reason: Unity was launched with the -noUpm command-line argument
[Package Manager] Unable to send message (not connected to server process).
[Package Manager] Cannot connect to Unity Package Manager local server
ScheduleIndexationOnStartup MainProcess:False IndexOnStartup:True
Mono: successfully reloaded assembly
- Finished resetting the current domain, in  1.371 seconds
Domain Reload Profiling: 3780ms
	BeginReloadAssembly (1414ms)
		ExecutionOrderSort (0ms)
		DisableScriptedObjects (29ms)
		BackupInstance (0ms)
		ReleaseScriptingObjects (0ms)
		CreateAndSetChildDomain (1100ms)
	RebuildCommonClasses (86ms)
	RebuildNativeTypeToScriptingClass (34ms)
	initialDomainReloadingComplete (66ms)
	LoadAllAssembliesAndSetupDomain (808ms)
		LoadAssemblies (640ms)
		RebuildTransferFunctionScriptingTraits (0ms)
		AnalyzeDomain (364ms)
			TypeCache.Refresh (16ms)
				TypeCache.ScanAssembly (1ms)
			BuildScriptInfoCaches (327ms)
			ResolveRequiredComponents (14ms)
	FinalizeReload (1371ms)
		ReleaseScriptCaches (0ms)
		RebuildScriptCaches (0ms)
		SetupLoadedEditorAssemblies (1103ms)
			LogAssemblyErrors (0ms)
			InitializePlatformSupportModulesInManaged (3ms)
			SetLoadedEditorAssemblies (7ms)
			BeforeProcessingInitializeOnLoad (326ms)
			ProcessInitializeOnLoadAttributes (640ms)
			ProcessInitializeOnLoadMethodAttributes (116ms)
			AfterProcessingInitializeOnLoad (10ms)
			EditorAssembliesLoaded (1ms)
		ExecutionOrderSort2 (0ms)
		AwakeInstancesAfterBackupRestoration (14ms)
Refreshing native plugins compatible for Editor in 2.55 ms, found 4 plugins.
Preloading 0 native plugins for Editor in 0.00 ms.
Unloading 1 Unused Serialized files (Serialized files now loaded: 0)
Unloading 4916 unused Assets / (3.1 MB). Loaded Objects now: 5965.
Memory consumption went from 107.8 MB to 104.8 MB.
Total: 16.797000 ms (FindLiveObjects: 1.019000 ms CreateObjectMapping: 0.922600 ms MarkObjects: 10.656100 ms  DeleteObjects: 4.196300 ms)

Prepare: number of updated asset objects reloaded= 13
========================================================================
Received Prepare
Begin MonoManager ReloadAssembly
ADTM: Control thread waiting for realtime thread timed out, have to lock...
- Loaded All Assemblies, in  2.494 seconds
Refreshing native plugins compatible for Editor in 4.55 ms, found 4 plugins.
Native extension for WindowsStandalone target not found
[Package Manager] Failed to launch server process. Reason: Unity was launched with the -noUpm command-line argument
[Package Manager] Unable to send message (not connected to server process).
[Package Manager] Cannot connect to Unity Package Manager local server
ScheduleIndexationOnStartup MainProcess:False IndexOnStartup:True
Mono: successfully reloaded assembly
- Finished resetting the current domain, in  1.443 seconds
Domain Reload Profiling: 3938ms
	BeginReloadAssembly (1398ms)
		ExecutionOrderSort (0ms)
		DisableScriptedObjects (28ms)
		BackupInstance (0ms)
		ReleaseScriptingObjects (0ms)
		CreateAndSetChildDomain (1087ms)
	RebuildCommonClasses (86ms)
	RebuildNativeTypeToScriptingClass (31ms)
	initialDomainReloadingComplete (58ms)
	LoadAllAssembliesAndSetupDomain (921ms)
		LoadAssemblies (682ms)
		RebuildTransferFunctionScriptingTraits (0ms)
		AnalyzeDomain (437ms)
			TypeCache.Refresh (14ms)
				TypeCache.ScanAssembly (0ms)
			BuildScriptInfoCaches (398ms)
			ResolveRequiredComponents (17ms)
	FinalizeReload (1444ms)
		ReleaseScriptCaches (0ms)
		RebuildScriptCaches (0ms)
		SetupLoadedEditorAssemblies (1079ms)
			LogAssemblyErrors (0ms)
			InitializePlatformSupportModulesInManaged (3ms)
			SetLoadedEditorAssemblies (7ms)
			BeforeProcessingInitializeOnLoad (336ms)
			ProcessInitializeOnLoadAttributes (608ms)
			ProcessInitializeOnLoadMethodAttributes (115ms)
			AfterProcessingInitializeOnLoad (10ms)
			EditorAssembliesLoaded (1ms)
		ExecutionOrderSort2 (0ms)
		AwakeInstancesAfterBackupRestoration (14ms)
Refreshing native plugins compatible for Editor in 2.64 ms, found 4 plugins.
Preloading 0 native plugins for Editor in 0.00 ms.
Unloading 1 Unused Serialized files (Serialized files now loaded: 0)
Unloading 4911 unused Assets / (1.2 MB). Loaded Objects now: 5955.
Memory consumption went from 106.5 MB to 105.3 MB.
Total: 14.751800 ms (FindLiveObjects: 1.134900 ms CreateObjectMapping: 0.823900 ms MarkObjects: 10.290600 ms  DeleteObjects: 2.499500 ms)

Prepare: number of updated asset objects reloaded= 0
========================================================================
Received Prepare
Begin MonoManager ReloadAssembly
[Licensing::Client] Successfully resolved entitlement details
ADTM: Control thread waiting for realtime thread timed out, have to lock...
- Loaded All Assemblies, in  2.415 seconds
Refreshing native plugins compatible for Editor in 3.49 ms, found 4 plugins.
Native extension for WindowsStandalone target not found
[Package Manager] Failed to launch server process. Reason: Unity was launched with the -noUpm command-line argument
[Package Manager] Unable to send message (not connected to server process).
[Package Manager] Cannot connect to Unity Package Manager local server
ScheduleIndexationOnStartup MainProcess:False IndexOnStartup:True
Mono: successfully reloaded assembly
- Finished resetting the current domain, in  1.402 seconds
Domain Reload Profiling: 3817ms
	BeginReloadAssembly (1399ms)
		ExecutionOrderSort (0ms)
		DisableScriptedObjects (29ms)
		BackupInstance (0ms)
		ReleaseScriptingObjects (0ms)
		CreateAndSetChildDomain (1092ms)
	RebuildCommonClasses (83ms)
	RebuildNativeTypeToScriptingClass (32ms)
	initialDomainReloadingComplete (58ms)
	LoadAllAssembliesAndSetupDomain (843ms)
		LoadAssemblies (647ms)
		RebuildTransferFunctionScriptingTraits (0ms)
		AnalyzeDomain (386ms)
			TypeCache.Refresh (11ms)
				TypeCache.ScanAssembly (0ms)
			BuildScriptInfoCaches (348ms)
			ResolveRequiredComponents (18ms)
	FinalizeReload (1403ms)
		ReleaseScriptCaches (0ms)
		RebuildScriptCaches (0ms)
		SetupLoadedEditorAssemblies (1081ms)
			LogAssemblyErrors (0ms)
			InitializePlatformSupportModulesInManaged (4ms)
			SetLoadedEditorAssemblies (11ms)
			BeforeProcessingInitializeOnLoad (337ms)
			ProcessInitializeOnLoadAttributes (609ms)
			ProcessInitializeOnLoadMethodAttributes (110ms)
			AfterProcessingInitializeOnLoad (10ms)
			EditorAssembliesLoaded (1ms)
		ExecutionOrderSort2 (0ms)
		AwakeInstancesAfterBackupRestoration (14ms)
Refreshing native plugins compatible for Editor in 2.59 ms, found 4 plugins.
Preloading 0 native plugins for Editor in 0.00 ms.
Unloading 15 Unused Serialized files (Serialized files now loaded: 0)
Unloading 4924 unused Assets / (2.9 MB). Loaded Objects now: 5959.
Memory consumption went from 110.9 MB to 107.9 MB.
Total: 17.045400 ms (FindLiveObjects: 1.065300 ms CreateObjectMapping: 1.111500 ms MarkObjects: 10.816800 ms  DeleteObjects: 4.048800 ms)

Prepare: number of updated asset objects reloaded= 0
========================================================================
Received Prepare
Begin MonoManager ReloadAssembly
[Licensing::Client] Successfully resolved entitlement details
ADTM: Control thread waiting for realtime thread timed out, have to lock...
- Loaded All Assemblies, in  2.408 seconds
Refreshing native plugins compatible for Editor in 3.06 ms, found 4 plugins.
Native extension for WindowsStandalone target not found
[Package Manager] Failed to launch server process. Reason: Unity was launched with the -noUpm command-line argument
[Package Manager] Unable to send message (not connected to server process).
[Package Manager] Cannot connect to Unity Package Manager local server
ScheduleIndexationOnStartup MainProcess:False IndexOnStartup:True
Mono: successfully reloaded assembly
- Finished resetting the current domain, in  1.515 seconds
Domain Reload Profiling: 3923ms
	BeginReloadAssembly (1403ms)
		ExecutionOrderSort (0ms)
		DisableScriptedObjects (29ms)
		BackupInstance (0ms)
		ReleaseScriptingObjects (0ms)
		CreateAndSetChildDomain (1086ms)
	RebuildCommonClasses (88ms)
	RebuildNativeTypeToScriptingClass (32ms)
	initialDomainReloadingComplete (62ms)
	LoadAllAssembliesAndSetupDomain (822ms)
		LoadAssemblies (645ms)
		RebuildTransferFunctionScriptingTraits (0ms)
		AnalyzeDomain (376ms)
			TypeCache.Refresh (12ms)
				TypeCache.ScanAssembly (0ms)
			BuildScriptInfoCaches (342ms)
			ResolveRequiredComponents (14ms)
	FinalizeReload (1517ms)
		ReleaseScriptCaches (0ms)
		RebuildScriptCaches (0ms)
		SetupLoadedEditorAssemblies (1201ms)
			LogAssemblyErrors (0ms)
			InitializePlatformSupportModulesInManaged (3ms)
			SetLoadedEditorAssemblies (7ms)
			BeforeProcessingInitializeOnLoad (319ms)
			ProcessInitializeOnLoadAttributes (690ms)
			ProcessInitializeOnLoadMethodAttributes (167ms)
			AfterProcessingInitializeOnLoad (13ms)
			EditorAssembliesLoaded (1ms)
		ExecutionOrderSort2 (0ms)
		AwakeInstancesAfterBackupRestoration (22ms)
Refreshing native plugins compatible for Editor in 3.18 ms, found 4 plugins.
Preloading 0 native plugins for Editor in 0.00 ms.
Unloading 14 Unused Serialized files (Serialized files now loaded: 0)
Unloading 4924 unused Assets / (3.5 MB). Loaded Objects now: 5962.
Memory consumption went from 110.7 MB to 107.2 MB.
Total: 27.874500 ms (FindLiveObjects: 1.767700 ms CreateObjectMapping: 1.704400 ms MarkObjects: 15.551000 ms  DeleteObjects: 8.846400 ms)

Prepare: number of updated asset objects reloaded= 0
========================================================================
Received Prepare
Begin MonoManager ReloadAssembly
[Licensing::Client] Successfully resolved entitlement details
ADTM: Control thread waiting for realtime thread timed out, have to lock...
- Loaded All Assemblies, in  2.343 seconds
Refreshing native plugins compatible for Editor in 3.39 ms, found 4 plugins.
Native extension for WindowsStandalone target not found
[Package Manager] Failed to launch server process. Reason: Unity was launched with the -noUpm command-line argument
[Package Manager] Unable to send message (not connected to server process).
[Package Manager] Cannot connect to Unity Package Manager local server
ScheduleIndexationOnStartup MainProcess:False IndexOnStartup:True
Mono: successfully reloaded assembly
- Finished resetting the current domain, in  1.386 seconds
Domain Reload Profiling: 3729ms
	BeginReloadAssembly (1389ms)
		ExecutionOrderSort (0ms)
		DisableScriptedObjects (28ms)
		BackupInstance (0ms)
		ReleaseScriptingObjects (0ms)
		CreateAndSetChildDomain (1086ms)
	RebuildCommonClasses (81ms)
	RebuildNativeTypeToScriptingClass (32ms)
	initialDomainReloadingComplete (57ms)
	LoadAllAssembliesAndSetupDomain (782ms)
		LoadAssemblies (614ms)
		RebuildTransferFunctionScriptingTraits (0ms)
		AnalyzeDomain (360ms)
			TypeCache.Refresh (12ms)
				TypeCache.ScanAssembly (0ms)
			BuildScriptInfoCaches (325ms)
			ResolveRequiredComponents (14ms)
	FinalizeReload (1387ms)
		ReleaseScriptCaches (0ms)
		RebuildScriptCaches (0ms)
		SetupLoadedEditorAssemblies (1096ms)
			LogAssemblyErrors (0ms)
			InitializePlatformSupportModulesInManaged (4ms)
			SetLoadedEditorAssemblies (7ms)
			BeforeProcessingInitializeOnLoad (326ms)
			ProcessInitializeOnLoadAttributes (628ms)
			ProcessInitializeOnLoadMethodAttributes (119ms)
			AfterProcessingInitializeOnLoad (10ms)
			EditorAssembliesLoaded (1ms)
		ExecutionOrderSort2 (0ms)
		AwakeInstancesAfterBackupRestoration (14ms)
Refreshing native plugins compatible for Editor in 2.82 ms, found 4 plugins.
Preloading 0 native plugins for Editor in 0.00 ms.
Unloading 14 Unused Serialized files (Serialized files now loaded: 0)
Unloading 4924 unused Assets / (2.8 MB). Loaded Objects now: 5965.
Memory consumption went from 110.7 MB to 107.8 MB.
Total: 17.446500 ms (FindLiveObjects: 1.669900 ms CreateObjectMapping: 0.911000 ms MarkObjects: 10.968100 ms  DeleteObjects: 3.893100 ms)

Prepare: number of updated asset objects reloaded= 0
========================================================================
Received Prepare
Begin MonoManager ReloadAssembly
[Licensing::Client] Successfully resolved entitlement details
ADTM: Control thread waiting for realtime thread timed out, have to lock...
- Loaded All Assemblies, in  2.386 seconds
Refreshing native plugins compatible for Editor in 3.01 ms, found 4 plugins.
Native extension for WindowsStandalone target not found
[Package Manager] Failed to launch server process. Reason: Unity was launched with the -noUpm command-line argument
[Package Manager] Unable to send message (not connected to server process).
[Package Manager] Cannot connect to Unity Package Manager local server
ScheduleIndexationOnStartup MainProcess:False IndexOnStartup:True
Mono: successfully reloaded assembly
- Finished resetting the current domain, in  1.510 seconds
Domain Reload Profiling: 3895ms
	BeginReloadAssembly (1405ms)
		ExecutionOrderSort (0ms)
		DisableScriptedObjects (29ms)
		BackupInstance (0ms)
		ReleaseScriptingObjects (0ms)
		CreateAndSetChildDomain (1092ms)
	RebuildCommonClasses (86ms)
	RebuildNativeTypeToScriptingClass (32ms)
	initialDomainReloadingComplete (60ms)
	LoadAllAssembliesAndSetupDomain (802ms)
		LoadAssemblies (637ms)
		RebuildTransferFunctionScriptingTraits (0ms)
		AnalyzeDomain (362ms)
			TypeCache.Refresh (11ms)
				TypeCache.ScanAssembly (0ms)
			BuildScriptInfoCaches (329ms)
			ResolveRequiredComponents (14ms)
	FinalizeReload (1511ms)
		ReleaseScriptCaches (0ms)
		RebuildScriptCaches (0ms)
		SetupLoadedEditorAssemblies (1206ms)
			LogAssemblyErrors (0ms)
			InitializePlatformSupportModulesInManaged (3ms)
			SetLoadedEditorAssemblies (7ms)
			BeforeProcessingInitializeOnLoad (323ms)
			ProcessInitializeOnLoadAttributes (702ms)
			ProcessInitializeOnLoadMethodAttributes (159ms)
			AfterProcessingInitializeOnLoad (11ms)
			EditorAssembliesLoaded (1ms)
		ExecutionOrderSort2 (0ms)
		AwakeInstancesAfterBackupRestoration (20ms)
Refreshing native plugins compatible for Editor in 3.12 ms, found 4 plugins.
Preloading 0 native plugins for Editor in 0.00 ms.
Unloading 14 Unused Serialized files (Serialized files now loaded: 0)
Unloading 4924 unused Assets / (3.0 MB). Loaded Objects now: 5968.
Memory consumption went from 110.7 MB to 107.7 MB.
Total: 24.153700 ms (FindLiveObjects: 1.823800 ms CreateObjectMapping: 1.075700 ms MarkObjects: 15.959800 ms  DeleteObjects: 5.289600 ms)

Prepare: number of updated asset objects reloaded= 0
========================================================================
Received Prepare
Begin MonoManager ReloadAssembly
ADTM: Control thread waiting for realtime thread timed out, have to lock...
- Loaded All Assemblies, in  2.662 seconds
Refreshing native plugins compatible for Editor in 3.78 ms, found 4 plugins.
Native extension for WindowsStandalone target not found
[Package Manager] Failed to launch server process. Reason: Unity was launched with the -noUpm command-line argument
[Package Manager] Unable to send message (not connected to server process).
[Package Manager] Cannot connect to Unity Package Manager local server
ScheduleIndexationOnStartup MainProcess:False IndexOnStartup:True
Mono: successfully reloaded assembly
- Finished resetting the current domain, in  1.708 seconds
Domain Reload Profiling: 4374ms
	BeginReloadAssembly (1401ms)
		ExecutionOrderSort (0ms)
		DisableScriptedObjects (30ms)
		BackupInstance (0ms)
		ReleaseScriptingObjects (0ms)
		CreateAndSetChildDomain (1084ms)
	RebuildCommonClasses (90ms)
	RebuildNativeTypeToScriptingClass (34ms)
	initialDomainReloadingComplete (62ms)
	LoadAllAssembliesAndSetupDomain (1077ms)
		LoadAssemblies (751ms)
		RebuildTransferFunctionScriptingTraits (0ms)
		AnalyzeDomain (526ms)
			TypeCache.Refresh (18ms)
				TypeCache.ScanAssembly (0ms)
			BuildScriptInfoCaches (474ms)
			ResolveRequiredComponents (22ms)
	FinalizeReload (1709ms)
		ReleaseScriptCaches (0ms)
		RebuildScriptCaches (0ms)
		SetupLoadedEditorAssemblies (1316ms)
			LogAssemblyErrors (0ms)
			InitializePlatformSupportModulesInManaged (4ms)
			SetLoadedEditorAssemblies (8ms)
			BeforeProcessingInitializeOnLoad (351ms)
			ProcessInitializeOnLoadAttributes (789ms)
			ProcessInitializeOnLoadMethodAttributes (151ms)
			AfterProcessingInitializeOnLoad (11ms)
			EditorAssembliesLoaded (1ms)
		ExecutionOrderSort2 (0ms)
		AwakeInstancesAfterBackupRestoration (18ms)
Refreshing native plugins compatible for Editor in 3.08 ms, found 4 plugins.
Preloading 0 native plugins for Editor in 0.00 ms.
Unloading 14 Unused Serialized files (Serialized files now loaded: 0)
Unloading 4924 unused Assets / (2.7 MB). Loaded Objects now: 5971.
Memory consumption went from 110.7 MB to 108.0 MB.
Total: 22.057700 ms (FindLiveObjects: 1.234700 ms CreateObjectMapping: 1.005200 ms MarkObjects: 14.468500 ms  DeleteObjects: 5.345900 ms)

Prepare: number of updated asset objects reloaded= 0
========================================================================
Received Prepare
Begin MonoManager ReloadAssembly
[Licensing::Client] Successfully resolved entitlement details
ADTM: Control thread waiting for realtime thread timed out, have to lock...
- Loaded All Assemblies, in  2.400 seconds
Refreshing native plugins compatible for Editor in 2.59 ms, found 4 plugins.
Native extension for WindowsStandalone target not found
[Package Manager] Failed to launch server process. Reason: Unity was launched with the -noUpm command-line argument
[Package Manager] Unable to send message (not connected to server process).
[Package Manager] Cannot connect to Unity Package Manager local server
ScheduleIndexationOnStartup MainProcess:False IndexOnStartup:True
Mono: successfully reloaded assembly
- Finished resetting the current domain, in  1.364 seconds
Domain Reload Profiling: 3763ms
	BeginReloadAssembly (1416ms)
		ExecutionOrderSort (0ms)
		DisableScriptedObjects (30ms)
		BackupInstance (0ms)
		ReleaseScriptingObjects (0ms)
		CreateAndSetChildDomain (1090ms)
	RebuildCommonClasses (85ms)
	RebuildNativeTypeToScriptingClass (32ms)
	initialDomainReloadingComplete (59ms)
	LoadAllAssembliesAndSetupDomain (807ms)
		LoadAssemblies (642ms)
		RebuildTransferFunctionScriptingTraits (0ms)
		AnalyzeDomain (367ms)
			TypeCache.Refresh (11ms)
				TypeCache.ScanAssembly (0ms)
			BuildScriptInfoCaches (335ms)
			ResolveRequiredComponents (14ms)
	FinalizeReload (1365ms)
		ReleaseScriptCaches (0ms)
		RebuildScriptCaches (0ms)
		SetupLoadedEditorAssemblies (1091ms)
			LogAssemblyErrors (0ms)
			InitializePlatformSupportModulesInManaged (3ms)
			SetLoadedEditorAssemblies (7ms)
			BeforeProcessingInitializeOnLoad (317ms)
			ProcessInitializeOnLoadAttributes (628ms)
			ProcessInitializeOnLoadMethodAttributes (123ms)
			AfterProcessingInitializeOnLoad (13ms)
			EditorAssembliesLoaded (1ms)
		ExecutionOrderSort2 (0ms)
		AwakeInstancesAfterBackupRestoration (18ms)
Refreshing native plugins compatible for Editor in 2.58 ms, found 4 plugins.
Preloading 0 native plugins for Editor in 0.00 ms.
Unloading 14 Unused Serialized files (Serialized files now loaded: 0)
Unloading 4924 unused Assets / (3.2 MB). Loaded Objects now: 5974.
Memory consumption went from 110.7 MB to 107.5 MB.
Total: 17.316600 ms (FindLiveObjects: 0.992900 ms CreateObjectMapping: 0.948500 ms MarkObjects: 10.777400 ms  DeleteObjects: 4.595200 ms)

Prepare: number of updated asset objects reloaded= 0
========================================================================
Received Prepare
Begin MonoManager ReloadAssembly
[Licensing::Client] Successfully resolved entitlement details
ADTM: Control thread waiting for realtime thread timed out, have to lock...
- Loaded All Assemblies, in  2.449 seconds
Refreshing native plugins compatible for Editor in 2.56 ms, found 4 plugins.
Native extension for WindowsStandalone target not found
[Package Manager] Failed to launch server process. Reason: Unity was launched with the -noUpm command-line argument
[Package Manager] Unable to send message (not connected to server process).
[Package Manager] Cannot connect to Unity Package Manager local server
ScheduleIndexationOnStartup MainProcess:False IndexOnStartup:True
Mono: successfully reloaded assembly
- Finished resetting the current domain, in  1.403 seconds
Domain Reload Profiling: 3851ms
	BeginReloadAssembly (1409ms)
		ExecutionOrderSort (0ms)
		DisableScriptedObjects (29ms)
		BackupInstance (0ms)
		ReleaseScriptingObjects (0ms)
		CreateAndSetChildDomain (1088ms)
	RebuildCommonClasses (90ms)
	RebuildNativeTypeToScriptingClass (33ms)
	initialDomainReloadingComplete (63ms)
	LoadAllAssembliesAndSetupDomain (851ms)
		LoadAssemblies (669ms)
		RebuildTransferFunctionScriptingTraits (0ms)
		AnalyzeDomain (389ms)
			TypeCache.Refresh (17ms)
				TypeCache.ScanAssembly (1ms)
			BuildScriptInfoCaches (350ms)
			ResolveRequiredComponents (15ms)
	FinalizeReload (1404ms)
		ReleaseScriptCaches (0ms)
		RebuildScriptCaches (0ms)
		SetupLoadedEditorAssemblies (1127ms)
			LogAssemblyErrors (0ms)
			InitializePlatformSupportModulesInManaged (3ms)
			SetLoadedEditorAssemblies (7ms)
			BeforeProcessingInitializeOnLoad (332ms)
			ProcessInitializeOnLoadAttributes (642ms)
			ProcessInitializeOnLoadMethodAttributes (131ms)
			AfterProcessingInitializeOnLoad (10ms)
			EditorAssembliesLoaded (1ms)
		ExecutionOrderSort2 (0ms)
		AwakeInstancesAfterBackupRestoration (15ms)
Refreshing native plugins compatible for Editor in 2.82 ms, found 4 plugins.
Preloading 0 native plugins for Editor in 0.00 ms.
Unloading 14 Unused Serialized files (Serialized files now loaded: 0)
Unloading 4934 unused Assets / (2.9 MB). Loaded Objects now: 5987.
Memory consumption went from 111.3 MB to 108.4 MB.
Total: 16.955800 ms (FindLiveObjects: 1.451500 ms CreateObjectMapping: 0.910700 ms MarkObjects: 10.952000 ms  DeleteObjects: 3.638600 ms)

Prepare: number of updated asset objects reloaded= 0
========================================================================
Received Prepare
Begin MonoManager ReloadAssembly
[Licensing::Client] Successfully resolved entitlement details
ADTM: Control thread waiting for realtime thread timed out, have to lock...
- Loaded All Assemblies, in  2.412 seconds
Refreshing native plugins compatible for Editor in 3.47 ms, found 4 plugins.
Assertion failed on expression: 'pred(*previous, *i)'
Assertion failed on expression: 'pred(*previous, *i)'
Assertion failed on expression: 'pred(*previous, *i)'
Assertion failed on expression: 'pred(*previous, *i)'
Assertion failed on expression: 'pred(*previous, *i)'
Assertion failed on expression: 'pred(*previous, *i)'
Native extension for WindowsStandalone target not found
[Package Manager] Failed to launch server process. Reason: Unity was launched with the -noUpm command-line argument
[Package Manager] Unable to send message (not connected to server process).
[Package Manager] Cannot connect to Unity Package Manager local server
ScheduleIndexationOnStartup MainProcess:False IndexOnStartup:True
Mono: successfully reloaded assembly
- Finished resetting the current domain, in  1.679 seconds
Domain Reload Profiling: 4091ms
	BeginReloadAssembly (1400ms)
		ExecutionOrderSort (0ms)
		DisableScriptedObjects (29ms)
		BackupInstance (0ms)
		ReleaseScriptingObjects (0ms)
		CreateAndSetChildDomain (1084ms)
	RebuildCommonClasses (87ms)
	RebuildNativeTypeToScriptingClass (32ms)
	initialDomainReloadingComplete (60ms)
	LoadAllAssembliesAndSetupDomain (832ms)
		LoadAssemblies (652ms)
		RebuildTransferFunctionScriptingTraits (0ms)
		AnalyzeDomain (381ms)
			TypeCache.Refresh (11ms)
				TypeCache.ScanAssembly (0ms)
			BuildScriptInfoCaches (349ms)
			ResolveRequiredComponents (15ms)
	FinalizeReload (1680ms)
		ReleaseScriptCaches (0ms)
		RebuildScriptCaches (0ms)
		SetupLoadedEditorAssemblies (1358ms)
			LogAssemblyErrors (0ms)
			InitializePlatformSupportModulesInManaged (5ms)
			SetLoadedEditorAssemblies (9ms)
			BeforeProcessingInitializeOnLoad (392ms)
			ProcessInitializeOnLoadAttributes (788ms)
			ProcessInitializeOnLoadMethodAttributes (154ms)
			AfterProcessingInitializeOnLoad (10ms)
			EditorAssembliesLoaded (1ms)
		ExecutionOrderSort2 (0ms)
		AwakeInstancesAfterBackupRestoration (16ms)
Refreshing native plugins compatible for Editor in 3.09 ms, found 4 plugins.
Preloading 0 native plugins for Editor in 0.00 ms.
Unloading 14 Unused Serialized files (Serialized files now loaded: 0)
Unloading 4934 unused Assets / (2.7 MB). Loaded Objects now: 5990.
Memory consumption went from 111.2 MB to 108.5 MB.
Total: 20.572800 ms (FindLiveObjects: 2.128200 ms CreateObjectMapping: 1.128300 ms MarkObjects: 12.890600 ms  DeleteObjects: 4.421100 ms)

Prepare: number of updated asset objects reloaded= 0
========================================================================
Received Prepare
Begin MonoManager ReloadAssembly
ADTM: Control thread waiting for realtime thread timed out, have to lock...
- Loaded All Assemblies, in  2.584 seconds
Refreshing native plugins compatible for Editor in 3.87 ms, found 4 plugins.
Assertion failed on expression: 'pred(*previous, *i)'
Assertion failed on expression: 'pred(*previous, *i)'
Assertion failed on expression: 'pred(*previous, *i)'
Assertion failed on expression: 'pred(*previous, *i)'
Assertion failed on expression: 'pred(*previous, *i)'
Assertion failed on expression: 'pred(*previous, *i)'
Native extension for WindowsStandalone target not found
[Package Manager] Failed to launch server process. Reason: Unity was launched with the -noUpm command-line argument
[Package Manager] Unable to send message (not connected to server process).
[Package Manager] Cannot connect to Unity Package Manager local server
ScheduleIndexationOnStartup MainProcess:False IndexOnStartup:True
Mono: successfully reloaded assembly
- Finished resetting the current domain, in  1.720 seconds
Domain Reload Profiling: 4306ms
	BeginReloadAssembly (1401ms)
		ExecutionOrderSort (0ms)
		DisableScriptedObjects (28ms)
		BackupInstance (0ms)
		ReleaseScriptingObjects (0ms)
		CreateAndSetChildDomain (1084ms)
	RebuildCommonClasses (93ms)
	RebuildNativeTypeToScriptingClass (32ms)
	initialDomainReloadingComplete (64ms)
	LoadAllAssembliesAndSetupDomain (994ms)
		LoadAssemblies (725ms)
		RebuildTransferFunctionScriptingTraits (0ms)
		AnalyzeDomain (474ms)
			TypeCache.Refresh (19ms)
				TypeCache.ScanAssembly (0ms)
			BuildScriptInfoCaches (428ms)
			ResolveRequiredComponents (18ms)
	FinalizeReload (1721ms)
		ReleaseScriptCaches (0ms)
		RebuildScriptCaches (0ms)
		SetupLoadedEditorAssemblies (1343ms)
			LogAssemblyErrors (0ms)
			InitializePlatformSupportModulesInManaged (5ms)
			SetLoadedEditorAssemblies (9ms)
			BeforeProcessingInitializeOnLoad (402ms)
			ProcessInitializeOnLoadAttributes (780ms)
			ProcessInitializeOnLoadMethodAttributes (136ms)
			AfterProcessingInitializeOnLoad (11ms)
			EditorAssembliesLoaded (1ms)
		ExecutionOrderSort2 (0ms)
		AwakeInstancesAfterBackupRestoration (16ms)
Refreshing native plugins compatible for Editor in 2.86 ms, found 4 plugins.
Preloading 0 native plugins for Editor in 0.00 ms.
Unloading 14 Unused Serialized files (Serialized files now loaded: 0)
Unloading 4934 unused Assets / (3.1 MB). Loaded Objects now: 5993.
Memory consumption went from 111.3 MB to 108.2 MB.
Total: 21.042800 ms (FindLiveObjects: 1.381500 ms CreateObjectMapping: 1.340900 ms MarkObjects: 13.075500 ms  DeleteObjects: 5.242400 ms)

Prepare: number of updated asset objects reloaded= 0
========================================================================
Received Import Request.
  Time since last request: 1645.430804 seconds.
  path: Assets/StarterAssets/Environment/Prefabs/Box_350x250x200_Prefab.prefab
  artifactKey: Guid(7b846d8f536f007498c941069487ce81) Importer(815301076,1909f56bfc062723c751e8b465ee728b)
Start importing Assets/StarterAssets/Environment/Prefabs/Box_350x250x200_Prefab.prefab using Guid(7b846d8f536f007498c941069487ce81) Importer(815301076,1909f56bfc062723c751e8b465ee728b) (PreviewImporter) -> (artifact id: 'af52b92f1c86ebe7804c2acf54813e78') in 0.190468 seconds
Number of updated asset objects reloaded before import = 0Number of asset objects unloaded after import = 12

========================================================================
Received Import Request.
  Time since last request: 0.000041 seconds.
  path: Assets/StarterAssets/Environment/Prefabs/Box_350x250x300_Prefab.prefab
  artifactKey: Guid(687dbafc2b84b2846b9a4a7a7dae2a7e) Importer(815301076,1909f56bfc062723c751e8b465ee728b)
Start importing Assets/StarterAssets/Environment/Prefabs/Box_350x250x300_Prefab.prefab using Guid(687dbafc2b84b2846b9a4a7a7dae2a7e) Importer(815301076,1909f56bfc062723c751e8b465ee728b) (PreviewImporter) -> (artifact id: '177528be3706754d6e2b9bcb39562e16') in 0.0195042 seconds
Number of updated asset objects reloaded before import = 0Number of asset objects unloaded after import = 12

========================================================================
Received Import Request.
  Time since last request: 0.000065 seconds.
  path: Assets/StarterAssets/Environment/Prefabs/Stairs_650_400_300_Prefab.prefab
  artifactKey: Guid(50a0925b0c22af146a2d15615f815a1c) Importer(815301076,1909f56bfc062723c751e8b465ee728b)
Start importing Assets/StarterAssets/Environment/Prefabs/Stairs_650_400_300_Prefab.prefab using Guid(50a0925b0c22af146a2d15615f815a1c) Importer(815301076,1909f56bfc062723c751e8b465ee728b) (PreviewImporter) -> (artifact id: 'b3cf2f6ce0466836f69f5497b5b75539') in 0.0287658 seconds
Number of updated asset objects reloaded before import = 0Number of asset objects unloaded after import = 13

========================================================================
Received Import Request.
  Time since last request: 0.000240 seconds.
  path: Assets/StarterAssets/Environment/Prefabs/Tunnel_Prefab.prefab
  artifactKey: Guid(e5d7b87d422ee0f478ee09eb32e24f4e) Importer(815301076,1909f56bfc062723c751e8b465ee728b)
Start importing Assets/StarterAssets/Environment/Prefabs/Tunnel_Prefab.prefab using Guid(e5d7b87d422ee0f478ee09eb32e24f4e) Importer(815301076,1909f56bfc062723c751e8b465ee728b) (PreviewImporter) -> (artifact id: '9504908671534f02a7c204393c9ce017') in 0.0249798 seconds
Number of updated asset objects reloaded before import = 0Number of asset objects unloaded after import = 14

========================================================================
Received Import Request.
  Time since last request: 0.000071 seconds.
  path: Assets/StarterAssets/Environment/Prefabs/Stairs_200x100x200_Prefab.prefab
  artifactKey: Guid(466621a4836aa504c87c15d88722d465) Importer(815301076,1909f56bfc062723c751e8b465ee728b)
Start importing Assets/StarterAssets/Environment/Prefabs/Stairs_200x100x200_Prefab.prefab using Guid(466621a4836aa504c87c15d88722d465) Importer(815301076,1909f56bfc062723c751e8b465ee728b) (PreviewImporter) -> (artifact id: '70341693eb9fa0fda0e337f7a55d598a') in 0.0260798 seconds
Number of updated asset objects reloaded before import = 0Number of asset objects unloaded after import = 13

========================================================================
Received Import Request.
  Time since last request: 1.868266 seconds.
  path: Assets/StarterAssets/Environment/RenderPipelineProfiles/StarterAssetsURPAsset.asset
  artifactKey: Guid(f48f873ae78af40b9a7b8220a8c6f95f) Importer(815301076,1909f56bfc062723c751e8b465ee728b)
Start importing Assets/StarterAssets/Environment/RenderPipelineProfiles/StarterAssetsURPAsset.asset using Guid(f48f873ae78af40b9a7b8220a8c6f95f) Importer(815301076,1909f56bfc062723c751e8b465ee728b) (PreviewImporter) -> (artifact id: '1eb69d4b99e74ce13c432ff065d511fd') in 0.002739 seconds
Number of updated asset objects reloaded before import = 0Number of asset objects unloaded after import = 1

========================================================================
Received Import Request.
  Time since last request: 0.000030 seconds.
  path: Assets/StarterAssets/Environment/RenderPipelineProfiles/StarterAssetsURPRenderer.asset
  artifactKey: Guid(14d1d515dbdfb4206ae3afd891bf975b) Importer(815301076,1909f56bfc062723c751e8b465ee728b)
Start importing Assets/StarterAssets/Environment/RenderPipelineProfiles/StarterAssetsURPRenderer.asset using Guid(14d1d515dbdfb4206ae3afd891bf975b) Importer(815301076,1909f56bfc062723c751e8b465ee728b) (PreviewImporter) -> (artifact id: '1273061f425884f4311c71e98958b757') in 0.0030997 seconds
Number of updated asset objects reloaded before import = 0Number of asset objects unloaded after import = 1

========================================================================
Received Import Request.
  Time since last request: 2.279666 seconds.
  path: Assets/StarterAssets/Environment/Art/Materials/GreyBlue_Mat.mat
  artifactKey: Guid(6b911390c5825014e8377183a7837d3f) Importer(815301076,1909f56bfc062723c751e8b465ee728b)
Start importing Assets/StarterAssets/Environment/Art/Materials/GreyBlue_Mat.mat using Guid(6b911390c5825014e8377183a7837d3f) Importer(815301076,1909f56bfc062723c751e8b465ee728b) (PreviewImporter) -> (artifact id: '54dee93976f5a248d64c875c352bc9e7') in 0.0614749 seconds
Number of updated asset objects reloaded before import = 0Number of asset objects unloaded after import = 1

========================================================================
Received Import Request.
  Time since last request: 0.000044 seconds.
  path: Assets/StarterAssets/Environment/Art/Materials/GridOrange_01_Mat.mat
  artifactKey: Guid(7ab977a21c92388468ee65ad1c0e5a78) Importer(815301076,1909f56bfc062723c751e8b465ee728b)
Start importing Assets/StarterAssets/Environment/Art/Materials/GridOrange_01_Mat.mat using Guid(7ab977a21c92388468ee65ad1c0e5a78) Importer(815301076,1909f56bfc062723c751e8b465ee728b) (PreviewImporter) -> (artifact id: 'e58cffc8c609c88c5af7fdcb37b7c80a') in 0.020462 seconds
Number of updated asset objects reloaded before import = 0Number of asset objects unloaded after import = 4

========================================================================
Received Import Request.
  Time since last request: 11.517023 seconds.
  path: Assets/StarterAssets/ThirdPersonController/Scenes/Playground/ReflectionProbe-0.exr
  artifactKey: Guid(b65762d7243eb714e903b585ed68a576) Importer(815301076,1909f56bfc062723c751e8b465ee728b)
Start importing Assets/StarterAssets/ThirdPersonController/Scenes/Playground/ReflectionProbe-0.exr using Guid(b65762d7243eb714e903b585ed68a576) Importer(815301076,1909f56bfc062723c751e8b465ee728b) (PreviewImporter) -> (artifact id: '9a55fff66a55796e362c2a5fec90d440') in 0.0522259 seconds
Number of updated asset objects reloaded before import = 0Number of asset objects unloaded after import = 1

========================================================================
Received Prepare
Begin MonoManager ReloadAssembly
[Licensing::Client] Successfully resolved entitlement details
ADTM: Control thread waiting for realtime thread timed out, have to lock...
- Loaded All Assemblies, in  2.414 seconds
Refreshing native plugins compatible for Editor in 2.75 ms, found 4 plugins.
Assertion failed on expression: 'pred(*previous, *i)'
Assertion failed on expression: 'pred(*previous, *i)'
Assertion failed on expression: 'pred(*previous, *i)'
Assertion failed on expression: 'pred(*previous, *i)'
Assertion failed on expression: 'pred(*previous, *i)'
Assertion failed on expression: 'pred(*previous, *i)'
Native extension for WindowsStandalone target not found
[Package Manager] Failed to launch server process. Reason: Unity was launched with the -noUpm command-line argument
[Package Manager] Unable to send message (not connected to server process).
[Package Manager] Cannot connect to Unity Package Manager local server
ScheduleIndexationOnStartup MainProcess:False IndexOnStartup:True
Mono: successfully reloaded assembly
- Finished resetting the current domain, in  1.724 seconds
Domain Reload Profiling: 4142ms
	BeginReloadAssembly (1409ms)
		ExecutionOrderSort (0ms)
		DisableScriptedObjects (28ms)
		BackupInstance (0ms)
		ReleaseScriptingObjects (0ms)
		CreateAndSetChildDomain (1093ms)
	RebuildCommonClasses (84ms)
	RebuildNativeTypeToScriptingClass (32ms)
	initialDomainReloadingComplete (57ms)
	LoadAllAssembliesAndSetupDomain (834ms)
		LoadAssemblies (644ms)
		RebuildTransferFunctionScriptingTraits (0ms)
		AnalyzeDomain (391ms)
			TypeCache.Refresh (11ms)
				TypeCache.ScanAssembly (0ms)
			BuildScriptInfoCaches (354ms)
			ResolveRequiredComponents (17ms)
	FinalizeReload (1725ms)
		ReleaseScriptCaches (0ms)
		RebuildScriptCaches (0ms)
		SetupLoadedEditorAssemblies (1402ms)
			LogAssemblyErrors (0ms)
			InitializePlatformSupportModulesInManaged (4ms)
			SetLoadedEditorAssemblies (11ms)
			BeforeProcessingInitializeOnLoad (412ms)
			ProcessInitializeOnLoadAttributes (809ms)
			ProcessInitializeOnLoadMethodAttributes (154ms)
			AfterProcessingInitializeOnLoad (11ms)
			EditorAssembliesLoaded (1ms)
		ExecutionOrderSort2 (0ms)
		AwakeInstancesAfterBackupRestoration (21ms)
Refreshing native plugins compatible for Editor in 3.90 ms, found 4 plugins.
Preloading 0 native plugins for Editor in 0.00 ms.
Unloading 14 Unused Serialized files (Serialized files now loaded: 0)
Unloading 4934 unused Assets / (3.0 MB). Loaded Objects now: 6031.
Memory consumption went from 111.7 MB to 108.7 MB.
Total: 24.570100 ms (FindLiveObjects: 1.400200 ms CreateObjectMapping: 1.801400 ms MarkObjects: 16.192000 ms  DeleteObjects: 5.173500 ms)

Prepare: number of updated asset objects reloaded= 0
Editor requested this worker to shutdown with reason: Scaling down because of idle timeout
AssetImportWorker is now disconnected from the server
Process exiting
Exiting without the bug reporter. Application will terminate with return code 0