[Licensing::Module] Trying to connect to existing licensing client channel...
Built from '6000.3/staging' branch; Version is '6000.3.7f1 (696ec25a53d1) revision 6909634'; Using compiler version '194234433'; Build Type 'Release'
[Licensing::IpcConnector] Successfully connected to: "LicenseClient-phung" at "2026-05-08T11:30:21.2053065Z"
OS: 'Windows 11  (10.0.26200) CoreSingleLanguage' Language: 'en' Physical Memory: 23370 MB
BatchMode: 1, IsHumanControllingUs: 0, StartBugReporterOnCrash: 0, Is64bit: 1
System  architecture: x64
Process architecture: x64
Date: 2026-05-08T11:30:21Z

COMMAND LINE ARGUMENTS:
C:\Program Files\Unity\Hub\Editor\6000.3.7f1\Editor\Unity.exe
-adb2
-batchMode
-noUpm
-name
AssetImportWorker3
-projectPath
D:/University/Game_Application_Development/Darkling-Quest
-logFile
Logs/AssetImportWorker3.log
-srvPort
64882
-licensingIpc
LicenseClient-phung
-job-worker-count
7
-background-job-worker-count
8
-gc-helper-count
1
-name
AssetImport
Successfully changed project path to: D:/University/Game_Application_Development/Darkling-Quest
D:/University/Game_Application_Development/Darkling-Quest
[UnityMemory] Configuration Parameters - Can be set up in boot.config
    "memorysetup-temp-allocator-size-nav-mesh-worker=65536"
    "memorysetup-temp-allocator-size-audio-worker=65536"
    "memorysetup-temp-allocator-size-gfx=262144"
    "memorysetup-allocator-temp-initial-block-size-main=262144"
    "memorysetup-allocator-temp-initial-block-size-worker=262144"
    "memorysetup-temp-allocator-size-background-worker=32768"
    "memorysetup-temp-allocator-size-job-worker=262144"
    "memorysetup-temp-allocator-size-preload-manager=33554432"
    "memorysetup-temp-allocator-size-gi-baking-worker=262144"
    "memorysetup-temp-allocator-size-gi-baking-worker=262144"
    "memorysetup-temp-allocator-size-gi-baking-worker=262144"
    "memorysetup-temp-allocator-size-gi-baking-worker=262144"
    "memorysetup-temp-allocator-size-gi-baking-worker=262144"
    "memorysetup-bucket-allocator-granularity=16"
    "memorysetup-bucket-allocator-bucket-count=8"
    "memorysetup-bucket-allocator-block-size=33554432"
    "memorysetup-bucket-allocator-block-count=8"
    "memorysetup-main-allocator-block-size=16777216"
    "memorysetup-thread-allocator-block-size=16777216"
    "memorysetup-gfx-main-allocator-block-size=16777216"
    "memorysetup-gfx-thread-allocator-block-size=16777216"
    "memorysetup-cache-allocator-block-size=4194304"
    "memorysetup-typetree-allocator-block-size=2097152"
    "memorysetup-profiler-bucket-allocator-granularity=16"
    "memorysetup-profiler-bucket-allocator-bucket-count=8"
    "memorysetup-profiler-bucket-allocator-block-size=33554432"
    "memorysetup-profiler-bucket-allocator-block-count=8"
    "memorysetup-profiler-allocator-block-size=16777216"
    "memorysetup-profiler-editor-allocator-block-size=1048576"
    "memorysetup-temp-allocator-size-main=16777216"
    "memorysetup-job-temp-allocator-block-size=2097152"
    "memorysetup-job-temp-allocator-block-size-background=1048576"
    "memorysetup-job-temp-allocator-reduction-small-platforms=262144"
    "memorysetup-temp-allocator-size-cloud-worker=32768"
Player connection [7104]  Target information:

Player connection [7104]  * "[IP] 10.10.59.37 [Port] 0 [Flags] 2 [Guid] 1993051772 [EditorId] 1993051772 [Version] 1048832 [Id] WindowsEditor(7,HubertPhung) [Debug] 1 [PackageName] WindowsEditor [ProjectName] Editor" 

Player connection [7104] Host joined multi-casting on [225.0.0.222:54997]...
Player connection [7104] Host joined alternative multi-casting on [225.0.0.222:34997]...
JobSystem: Creating JobQueue using job-worker-count value 7
Input System module state changed to: Initialized.
[Physics::Module] Initialized fallback backend.
[Physics::Module] Id: 0xdecafbad
Library Redirect Path: Library/
[Physics::Module] Selected backend.
[Physics::Module] Name: PhysX
[Physics::Module] Id: 0xf2b8ea05
[Physics::Module] SDK Version: 4.1.2
[Physics::Module] Integration Version: 1.0.0
[Physics::Module] Threading Mode: Multi-Threaded
Refreshing native plugins compatible for Editor in 13.06 ms, found 4 plugins.
Preloading 0 native plugins for Editor in 0.00 ms.
Initialize engine version: 6000.3.7f1 (696ec25a53d1)
[Subsystems] Discovering subsystems at path C:/Program Files/Unity/Hub/Editor/6000.3.7f1/Editor/Data/Resources/UnitySubsystems
[Subsystems] Discovering subsystems at path D:/University/Game_Application_Development/Darkling-Quest/Assets
GfxDevice: creating device client; kGfxThreadingModeNonThreaded
Direct3D:
    Version:  Direct3D 11.0 [level 11.1]
    Renderer: AMD Radeon(TM) Graphics (ID=0x164c)
    Vendor:   ATI
    VRAM:     11685 MB
    Driver:   31.0.21923.13006
Initialize mono
Mono path[0] = 'C:/Program Files/Unity/Hub/Editor/6000.3.7f1/Editor/Data/Managed'
Mono path[1] = 'C:/Program Files/Unity/Hub/Editor/6000.3.7f1/Editor/Data/MonoBleedingEdge/lib/mono/unityjit-win32'
Mono config path = 'C:/Program Files/Unity/Hub/Editor/6000.3.7f1/Editor/Data/MonoBleedingEdge/etc'
Using monoOptions --debugger-agent=transport=dt_socket,embedding=1,server=y,suspend=n,address=127.0.0.1:56448
Begin MonoManager ReloadAssembly
Registering precompiled unity dll's ...
Register platform support module: C:/Program Files/Unity/Hub/Editor/6000.3.7f1/Editor/Data/PlaybackEngines/WindowsStandaloneSupport/UnityEditor.WindowsStandalone.Extensions.dll
Registered in 0.004444 seconds.
- Loaded All Assemblies, in  1.324 seconds
Native extension for WindowsStandalone target not found
ScheduleIndexationOnStartup MainProcess:False IndexOnStartup:True
Mono: successfully reloaded assembly
- Finished resetting the current domain, in  1.509 seconds
Domain Reload Profiling: 2822ms
	BeginReloadAssembly (403ms)
		ExecutionOrderSort (0ms)
		DisableScriptedObjects (0ms)
		BackupInstance (0ms)
		ReleaseScriptingObjects (0ms)
		CreateAndSetChildDomain (2ms)
	RebuildCommonClasses (116ms)
	RebuildNativeTypeToScriptingClass (46ms)
	initialDomainReloadingComplete (154ms)
	LoadAllAssembliesAndSetupDomain (593ms)
		LoadAssemblies (397ms)
		RebuildTransferFunctionScriptingTraits (0ms)
		AnalyzeDomain (583ms)
			TypeCache.Refresh (578ms)
				TypeCache.ScanAssembly (536ms)
			BuildScriptInfoCaches (0ms)
			ResolveRequiredComponents (1ms)
	FinalizeReload (1510ms)
		ReleaseScriptCaches (0ms)
		RebuildScriptCaches (0ms)
		SetupLoadedEditorAssemblies (1364ms)
			LogAssemblyErrors (0ms)
			InitializePlatformSupportModulesInManaged (149ms)
			SetLoadedEditorAssemblies (13ms)
			BeforeProcessingInitializeOnLoad (379ms)
			ProcessInitializeOnLoadAttributes (574ms)
			ProcessInitializeOnLoadMethodAttributes (248ms)
			AfterProcessingInitializeOnLoad (0ms)
			EditorAssembliesLoaded (0ms)
		ExecutionOrderSort2 (0ms)
		AwakeInstancesAfterBackupRestoration (0ms)
========================================================================
Worker process is ready to serve import requests
Import Worker Mode flag is 0x00
Begin MonoManager ReloadAssembly
[Licensing::Module] Licensing is not yet initialized.
[Licensing::Client] Handshaking with LicensingClient:
  Version:                 1.17.4+4293ba1
  Session Id:              6baf01fb6c9b459297b2879c6b7c0b4b
  Correlation Id:          d314afb8028188622af5b5e3a6cef862
  External correlation Id: 6376344145894158097
  Machine Id:              zymwo4JgznGPzT08Hn+2l3330oU=
[Licensing::Module] Successfully connected to LicensingClient on channel: "LicenseClient-phung" (connect: 0.00s, validation: 0.00s, handshake: 6.00s)
[Licensing::IpcConnector] Successfully connected to: "LicenseClient-phung-notifications" at "2026-05-08T11:30:27.2039743Z"
[Licensing::Module] Licensing Background thread has ended after 6.00s
[Licensing::Module] Licensing is initialized (took 0.98s).
[Licensing::Client] Successfully resolved entitlement details
[Licensing::Module] License group:
  Id: 18967844823795-UnityPersXXXX
  Product: Unity Personal
  Type: Assigned
  Expiration: Unlimited
- Loaded All Assemblies, in  2.998 seconds
Refreshing native plugins compatible for Editor in 5.26 ms, found 4 plugins.
Native extension for WindowsStandalone target not found
Package Manager log level set to [2]
[Package Manager] Failed to launch server process. Reason: Unity was launched with the -noUpm command-line argument
[Package Manager] Unable to send message (not connected to server process).
[Package Manager] Cannot connect to Unity Package Manager local server
ScheduleIndexationOnStartup MainProcess:False IndexOnStartup:True
Mono: successfully reloaded assembly
- Finished resetting the current domain, in  2.242 seconds
Domain Reload Profiling: 5235ms
	BeginReloadAssembly (1396ms)
		ExecutionOrderSort (0ms)
		DisableScriptedObjects (14ms)
		BackupInstance (0ms)
		ReleaseScriptingObjects (0ms)
		CreateAndSetChildDomain (70ms)
	RebuildCommonClasses (93ms)
	RebuildNativeTypeToScriptingClass (31ms)
	initialDomainReloadingComplete (100ms)
	LoadAllAssembliesAndSetupDomain (1372ms)
		LoadAssemblies (1068ms)
		RebuildTransferFunctionScriptingTraits (0ms)
		AnalyzeDomain (532ms)
			TypeCache.Refresh (394ms)
				TypeCache.ScanAssembly (365ms)
			BuildScriptInfoCaches (119ms)
			ResolveRequiredComponents (13ms)
	FinalizeReload (2243ms)
		ReleaseScriptCaches (0ms)
		RebuildScriptCaches (0ms)
		SetupLoadedEditorAssemblies (1884ms)
			LogAssemblyErrors (0ms)
			InitializePlatformSupportModulesInManaged (5ms)
			SetLoadedEditorAssemblies (10ms)
			BeforeProcessingInitializeOnLoad (537ms)
			ProcessInitializeOnLoadAttributes (1101ms)
			ProcessInitializeOnLoadMethodAttributes (212ms)
			AfterProcessingInitializeOnLoad (17ms)
			EditorAssembliesLoaded (1ms)
		ExecutionOrderSort2 (0ms)
		AwakeInstancesAfterBackupRestoration (20ms)
Launched and connected shader compiler UnityShaderCompiler.exe after 0.04 seconds
Refreshing native plugins compatible for Editor in 5.23 ms, found 4 plugins.
Preloading 0 native plugins for Editor in 0.00 ms.
Unloading 1 Unused Serialized files (Serialized files now loaded: 0)
Unloading 4947 unused Assets / (2.0 MB). Loaded Objects now: 5546.
Memory consumption went from 102.5 MB to 100.6 MB.
Total: 28.774100 ms (FindLiveObjects: 1.767300 ms CreateObjectMapping: 1.859100 ms MarkObjects: 20.500200 ms  DeleteObjects: 4.641400 ms)

========================================================================
Received Import Request.
  Time since last request: 5708.710738 seconds.
  path: Assets/Sprites/light.png
  artifactKey: Guid(edc2ed0dd1f04834babc191377c78d14) Importer(2089858483,b0f066a214c2f5e87bad3c948f4d605d)
Start importing Assets/Sprites/light.png using Guid(edc2ed0dd1f04834babc191377c78d14) Importer(2089858483,b0f066a214c2f5e87bad3c948f4d605d) (ScriptedImporter) -> (artifact id: '47e220b9800a677052198d985b9882be') in 0.4918121 seconds
Number of updated asset objects reloaded before import = 0Number of asset objects unloaded after import = 3

========================================================================
Received Import Request.
  Time since last request: 0.000051 seconds.
  path: Assets/Prefabs/Fir_Tree.prefab
  artifactKey: Guid(19682540d8a014522a319b1cf788aee2) Importer(2089858483,b0f066a214c2f5e87bad3c948f4d605d)
Start importing Assets/Prefabs/Fir_Tree.prefab using Guid(19682540d8a014522a319b1cf788aee2) Importer(2089858483,b0f066a214c2f5e87bad3c948f4d605d) (ScriptedImporter) -> (artifact id: 'fad35e778af0f9a886795e7f5b34b1ec') in 0.1083409 seconds
Number of updated asset objects reloaded before import = 0Number of asset objects unloaded after import = 8

========================================================================
Received Import Request.
  Time since last request: 0.000092 seconds.
  path: Assets/Scripts/Player.cs
  artifactKey: Guid(7b3df84a96cc0cc48b1ba06f805df4cc) Importer(2089858483,b0f066a214c2f5e87bad3c948f4d605d)
Start importing Assets/Scripts/Player.cs using Guid(7b3df84a96cc0cc48b1ba06f805df4cc) Importer(2089858483,b0f066a214c2f5e87bad3c948f4d605d) (ScriptedImporter) -> (artifact id: '75c5b9beafd7c17e5d399ddefdacc070') in 0.0149382 seconds
Number of updated asset objects reloaded before import = 0Number of asset objects unloaded after import = 0

========================================================================
Received Import Request.
  Time since last request: 0.000674 seconds.
  path: Assets/Prefabs/Shot Effect.prefab
  artifactKey: Guid(303a2e9c30ff561499e216a516c5c48c) Importer(2089858483,b0f066a214c2f5e87bad3c948f4d605d)
Start importing Assets/Prefabs/Shot Effect.prefab using Guid(303a2e9c30ff561499e216a516c5c48c) Importer(2089858483,b0f066a214c2f5e87bad3c948f4d605d) (ScriptedImporter) -> (artifact id: '5533baf74d4036739d16fcbc4e22cd78') in 0.0970511 seconds
Number of updated asset objects reloaded before import = 0Number of asset objects unloaded after import = 10

========================================================================
Received Import Request.
  Time since last request: 0.000047 seconds.
  path: Assets/AstarPathfindingProject/link.xml
  artifactKey: Guid(6b30aa8ff756d44008247c6f4f1b94fd) Importer(2089858483,b0f066a214c2f5e87bad3c948f4d605d)
Start importing Assets/AstarPathfindingProject/link.xml using Guid(6b30aa8ff756d44008247c6f4f1b94fd) Importer(2089858483,b0f066a214c2f5e87bad3c948f4d605d) (ScriptedImporter) -> (artifact id: 'd31f77b7513f859e54a9d4995a1bf329') in 0.0132301 seconds
Number of updated asset objects reloaded before import = 0Number of asset objects unloaded after import = 1

========================================================================
Received Import Request.
  Time since last request: 0.000281 seconds.
  path: Assets/Sounds/Player Damage.wav
  artifactKey: Guid(04b7ae2a6b4fbf94cae95d990d84304f) Importer(2089858483,b0f066a214c2f5e87bad3c948f4d605d)
Start importing Assets/Sounds/Player Damage.wav using Guid(04b7ae2a6b4fbf94cae95d990d84304f) Importer(2089858483,b0f066a214c2f5e87bad3c948f4d605d) (ScriptedImporter) -> (artifact id: '7a0724c4b386b8929ed4e8f364f8c15b') in 0.0614606 seconds
Number of updated asset objects reloaded before import = 0Number of asset objects unloaded after import = 1

========================================================================
Received Import Request.
  Time since last request: 0.000284 seconds.
  path: Assets/Font/FreckleFace-Regular SDF.mat
  artifactKey: Guid(6446ee255bc57dc4bb8b4e92017c7cfd) Importer(2089858483,b0f066a214c2f5e87bad3c948f4d605d)
Start importing Assets/Font/FreckleFace-Regular SDF.mat using Guid(6446ee255bc57dc4bb8b4e92017c7cfd) Importer(2089858483,b0f066a214c2f5e87bad3c948f4d605d) (ScriptedImporter) -> (artifact id: '526b0253f397c5d7cb09f40c8adeabb5') in 0.0752085 seconds
Number of updated asset objects reloaded before import = 0Number of asset objects unloaded after import = 2

========================================================================
Received Import Request.
  Time since last request: 0.000062 seconds.
  path: Assets/Sprites/MenuButtons.png
  artifactKey: Guid(a399ea7001556594aa5dc3c37a8e6204) Importer(2089858483,b0f066a214c2f5e87bad3c948f4d605d)
Start importing Assets/Sprites/MenuButtons.png using Guid(a399ea7001556594aa5dc3c37a8e6204) Importer(2089858483,b0f066a214c2f5e87bad3c948f4d605d) (ScriptedImporter) -> (artifact id: '2151c2277be1aaa9ab4f8433885ea0f3') in 0.0319041 seconds
Number of updated asset objects reloaded before import = 0Number of asset objects unloaded after import = 4

========================================================================
Received Import Request.
  Time since last request: 0.000137 seconds.
  path: Assets/Scripts/AttackEnemy.cs
  artifactKey: Guid(83e02793a82a1b64cb758a83bbe76ff5) Importer(2089858483,b0f066a214c2f5e87bad3c948f4d605d)
Start importing Assets/Scripts/AttackEnemy.cs using Guid(83e02793a82a1b64cb758a83bbe76ff5) Importer(2089858483,b0f066a214c2f5e87bad3c948f4d605d) (ScriptedImporter) -> (artifact id: '7f4842e3ae7b6c2737d0200c56ebdea5') in 0.0101159 seconds
Number of updated asset objects reloaded before import = 0Number of asset objects unloaded after import = 0

========================================================================
Received Import Request.
  Time since last request: 0.000360 seconds.
  path: Assets/Scenes/MainMenu.unity
  artifactKey: Guid(c7274462fda4f8843946894daf70a9df) Importer(2089858483,b0f066a214c2f5e87bad3c948f4d605d)
Start importing Assets/Scenes/MainMenu.unity using Guid(c7274462fda4f8843946894daf70a9df) Importer(2089858483,b0f066a214c2f5e87bad3c948f4d605d) (ScriptedImporter) -> (artifact id: '071960f16538181a17011d05c2301c38') in 0.0184174 seconds
Number of updated asset objects reloaded before import = 0Number of asset objects unloaded after import = 1

========================================================================
Received Import Request.
  Time since last request: 0.000146 seconds.
  path: Assets/Scripts/Fireball.cs
  artifactKey: Guid(170ef0946be22a94196814d62347e83e) Importer(2089858483,b0f066a214c2f5e87bad3c948f4d605d)
Start importing Assets/Scripts/Fireball.cs using Guid(170ef0946be22a94196814d62347e83e) Importer(2089858483,b0f066a214c2f5e87bad3c948f4d605d) (ScriptedImporter) -> (artifact id: '68b51283e9ec682fb13e9ed7bb0b8ef1') in 0.0117002 seconds
Number of updated asset objects reloaded before import = 0Number of asset objects unloaded after import = 0

========================================================================
Received Import Request.
  Time since last request: 0.000379 seconds.
  path: Assets/Sprites/platform.png
  artifactKey: Guid(5156470bc3ca504408890221527ce596) Importer(2089858483,b0f066a214c2f5e87bad3c948f4d605d)
Start importing Assets/Sprites/platform.png using Guid(5156470bc3ca504408890221527ce596) Importer(2089858483,b0f066a214c2f5e87bad3c948f4d605d) (ScriptedImporter) -> (artifact id: '124c83f9d422e40b757c30d6b651f341') in 0.1459886 seconds
Number of updated asset objects reloaded before import = 0Number of asset objects unloaded after import = 33

========================================================================
Received Import Request.
  Time since last request: 0.000034 seconds.
  path: Assets/Prefabs/Character (12).prefab
  artifactKey: Guid(da87870c43885da43b5816cfd4d5ec9e) Importer(2089858483,b0f066a214c2f5e87bad3c948f4d605d)
Start importing Assets/Prefabs/Character (12).prefab using Guid(da87870c43885da43b5816cfd4d5ec9e) Importer(2089858483,b0f066a214c2f5e87bad3c948f4d605d) (ScriptedImporter) -> (artifact id: '6fb675090445bd5142d1cae45757baf6') in 0.1422605 seconds
Number of updated asset objects reloaded before import = 0Number of asset objects unloaded after import = 14

========================================================================
Received Import Request.
  Time since last request: 0.000051 seconds.
  path: Assets/AstarPathfindingProject/package.json
  artifactKey: Guid(3ac1373cf6a4265d5aa9dfad713bbbb7) Importer(2089858483,b0f066a214c2f5e87bad3c948f4d605d)
Start importing Assets/AstarPathfindingProject/package.json using Guid(3ac1373cf6a4265d5aa9dfad713bbbb7) Importer(2089858483,b0f066a214c2f5e87bad3c948f4d605d) (ScriptedImporter) -> (artifact id: '8b4053b07d98d0fd35b2b394d77f6028') in 0.0085536 seconds
Number of updated asset objects reloaded before import = 0Number of asset objects unloaded after import = 1

========================================================================
Received Import Request.
  Time since last request: 0.000186 seconds.
  path: Assets/Prefabs/Character (96).prefab
  artifactKey: Guid(4a720944a115d9447a4996ddaa03525b) Importer(2089858483,b0f066a214c2f5e87bad3c948f4d605d)
Start importing Assets/Prefabs/Character (96).prefab using Guid(4a720944a115d9447a4996ddaa03525b) Importer(2089858483,b0f066a214c2f5e87bad3c948f4d605d) (ScriptedImporter) -> (artifact id: 'c544eb08e50be499ce68165cfd34c984') in 0.0842675 seconds
Number of updated asset objects reloaded before import = 0Number of asset objects unloaded after import = 29

========================================================================
Received Import Request.
  Time since last request: 0.000079 seconds.
  path: Assets/Sprites/settingMenu.png
  artifactKey: Guid(3d1909a51ea1a5d43862afc1c40df3c7) Importer(2089858483,b0f066a214c2f5e87bad3c948f4d605d)
Start importing Assets/Sprites/settingMenu.png using Guid(3d1909a51ea1a5d43862afc1c40df3c7) Importer(2089858483,b0f066a214c2f5e87bad3c948f4d605d) (ScriptedImporter) -> (artifact id: '649931a4b39c36617f8cfc981a843689') in 0.0393388 seconds
Number of updated asset objects reloaded before import = 0Number of asset objects unloaded after import = 7

========================================================================
Received Import Request.
  Time since last request: 0.000034 seconds.
  path: Assets/Sprites/cursor.png
  artifactKey: Guid(38a9e82376a25cc4f8ee68f39e0358d6) Importer(2089858483,b0f066a214c2f5e87bad3c948f4d605d)
Start importing Assets/Sprites/cursor.png using Guid(38a9e82376a25cc4f8ee68f39e0358d6) Importer(2089858483,b0f066a214c2f5e87bad3c948f4d605d) (ScriptedImporter) -> (artifact id: '79c78a8b0c97c0872d8b35fb944505bc') in 0.0263596 seconds
Number of updated asset objects reloaded before import = 0Number of asset objects unloaded after import = 3

========================================================================
Received Import Request.
  Time since last request: 0.000067 seconds.
  path: Assets/Prefabs/Enemy_orange.prefab
  artifactKey: Guid(6c54b3bc01a770b459f27c4d848b0be0) Importer(2089858483,b0f066a214c2f5e87bad3c948f4d605d)
Start importing Assets/Prefabs/Enemy_orange.prefab using Guid(6c54b3bc01a770b459f27c4d848b0be0) Importer(2089858483,b0f066a214c2f5e87bad3c948f4d605d) (ScriptedImporter) -> (artifact id: 'bc9df76519007663f2e1a1ec979aa398') in 0.039243 seconds
Number of updated asset objects reloaded before import = 0Number of asset objects unloaded after import = 36

========================================================================
Received Import Request.
  Time since last request: 0.000053 seconds.
  path: Assets/Scripts/LevelSelection.cs
  artifactKey: Guid(041e0347e69d3ad43875c8ae2ec45360) Importer(2089858483,b0f066a214c2f5e87bad3c948f4d605d)
Start importing Assets/Scripts/LevelSelection.cs using Guid(041e0347e69d3ad43875c8ae2ec45360) Importer(2089858483,b0f066a214c2f5e87bad3c948f4d605d) (ScriptedImporter) -> (artifact id: 'a6315a73eea0d0a1d818196e514e8385') in 0.0080477 seconds
Number of updated asset objects reloaded before import = 0Number of asset objects unloaded after import = 0

========================================================================
Received Import Request.
  Time since last request: 0.000260 seconds.
  path: Assets/Sprites/treesAndGrass.png
  artifactKey: Guid(769915cad0ad9a04296ea74d4ec5b8c0) Importer(2089858483,b0f066a214c2f5e87bad3c948f4d605d)
Start importing Assets/Sprites/treesAndGrass.png using Guid(769915cad0ad9a04296ea74d4ec5b8c0) Importer(2089858483,b0f066a214c2f5e87bad3c948f4d605d) (ScriptedImporter) -> (artifact id: 'a872d2e56d63c478e30a41ff1611784a') in 0.038463 seconds
Number of updated asset objects reloaded before import = 0Number of asset objects unloaded after import = 5

========================================================================
Received Import Request.
  Time since last request: 0.000037 seconds.
  path: Assets/Animations/Character Anims (1)/attack.anim
  artifactKey: Guid(a8db6bdb1f9c7d64d9e5b6c4f9887e28) Importer(2089858483,b0f066a214c2f5e87bad3c948f4d605d)
Start importing Assets/Animations/Character Anims (1)/attack.anim using Guid(a8db6bdb1f9c7d64d9e5b6c4f9887e28) Importer(2089858483,b0f066a214c2f5e87bad3c948f4d605d) (ScriptedImporter) -> (artifact id: '1b3c72fa1f424e06c6bd100452ef27cf') in 0.0280237 seconds
Number of updated asset objects reloaded before import = 0Number of asset objects unloaded after import = 1

========================================================================
Received Import Request.
  Time since last request: 0.000199 seconds.
  path: Assets/Prefabs/Character (22).prefab
  artifactKey: Guid(17aa84bd74c19944f8afc29cac1b4d4f) Importer(2089858483,b0f066a214c2f5e87bad3c948f4d605d)
Start importing Assets/Prefabs/Character (22).prefab using Guid(17aa84bd74c19944f8afc29cac1b4d4f) Importer(2089858483,b0f066a214c2f5e87bad3c948f4d605d) (ScriptedImporter) -> (artifact id: '3661a2012d11a89ad1b11345b5876c63') in 0.0936823 seconds
Number of updated asset objects reloaded before import = 0Number of asset objects unloaded after import = 24

========================================================================
Received Import Request.
  Time since last request: 0.000055 seconds.
  path: Assets/Scripts/Warlock.cs
  artifactKey: Guid(8a8d771df476784478f8ab46b4bcc0d8) Importer(2089858483,b0f066a214c2f5e87bad3c948f4d605d)
Start importing Assets/Scripts/Warlock.cs using Guid(8a8d771df476784478f8ab46b4bcc0d8) Importer(2089858483,b0f066a214c2f5e87bad3c948f4d605d) (ScriptedImporter) -> (artifact id: '05116564a4f20f7812339ddce992dfb3') in 0.0074664 seconds
Number of updated asset objects reloaded before import = 0Number of asset objects unloaded after import = 0

========================================================================
Received Import Request.
  Time since last request: 0.000178 seconds.
  path: Assets/Animations/Character Anims (10)/idle.anim
  artifactKey: Guid(d89b72ed1cf66c14088ab86fc794bd95) Importer(2089858483,b0f066a214c2f5e87bad3c948f4d605d)
Start importing Assets/Animations/Character Anims (10)/idle.anim using Guid(d89b72ed1cf66c14088ab86fc794bd95) Importer(2089858483,b0f066a214c2f5e87bad3c948f4d605d) (ScriptedImporter) -> (artifact id: 'db497825fc29d7e81ea1f96ba371d0c0') in 0.0119253 seconds
Number of updated asset objects reloaded before import = 0Number of asset objects unloaded after import = 1

========================================================================
Received Import Request.
  Time since last request: 0.000215 seconds.
  path: Assets/AstarPathfindingProject/AstarPathfindingProject.asmdef
  artifactKey: Guid(efa45043feb7e4147a305b73b5cea642) Importer(2089858483,b0f066a214c2f5e87bad3c948f4d605d)
Start importing Assets/AstarPathfindingProject/AstarPathfindingProject.asmdef using Guid(efa45043feb7e4147a305b73b5cea642) Importer(2089858483,b0f066a214c2f5e87bad3c948f4d605d) (ScriptedImporter) -> (artifact id: 'c334dd5f89cdc3e5107827032b46bfae') in 0.0090835 seconds
Number of updated asset objects reloaded before import = 0Number of asset objects unloaded after import = 1

========================================================================
Received Import Request.
  Time since last request: 0.000237 seconds.
  path: Assets/Sprites/movingPlatform.png
  artifactKey: Guid(3e32decedebed0843b83f95ebaa524fe) Importer(2089858483,b0f066a214c2f5e87bad3c948f4d605d)
Start importing Assets/Sprites/movingPlatform.png using Guid(3e32decedebed0843b83f95ebaa524fe) Importer(2089858483,b0f066a214c2f5e87bad3c948f4d605d) (ScriptedImporter) -> (artifact id: '07943d36d92aee136e4976b669fde6a3') in 0.0310714 seconds
Number of updated asset objects reloaded before import = 0Number of asset objects unloaded after import = 4

========================================================================
Received Import Request.
  Time since last request: 0.000064 seconds.
  path: Assets/Animations/Character Anims (3)/move.anim
  artifactKey: Guid(2086cbf12d7d53c48b0f13d181a6fb9e) Importer(2089858483,b0f066a214c2f5e87bad3c948f4d605d)
Start importing Assets/Animations/Character Anims (3)/move.anim using Guid(2086cbf12d7d53c48b0f13d181a6fb9e) Importer(2089858483,b0f066a214c2f5e87bad3c948f4d605d) (ScriptedImporter) -> (artifact id: '370521106548bdffe2950033224638f8') in 0.0116834 seconds
Number of updated asset objects reloaded before import = 0Number of asset objects unloaded after import = 1

========================================================================
Received Import Request.
  Time since last request: 0.000074 seconds.
  path: Assets/Prefabs/Character (71).prefab
  artifactKey: Guid(c6cab51adfe6094498f6aca1862b0c32) Importer(2089858483,b0f066a214c2f5e87bad3c948f4d605d)
Start importing Assets/Prefabs/Character (71).prefab using Guid(c6cab51adfe6094498f6aca1862b0c32) Importer(2089858483,b0f066a214c2f5e87bad3c948f4d605d) (ScriptedImporter) -> (artifact id: 'fd4aa56169fb4f83b284e29352997c10') in 0.0726482 seconds
Number of updated asset objects reloaded before import = 0Number of asset objects unloaded after import = 30

========================================================================
Received Import Request.
  Time since last request: 0.000042 seconds.
  path: Assets/Sprites/levelSign.png
  artifactKey: Guid(bdb5bf45ead9a72449a6e597f92ead2d) Importer(2089858483,b0f066a214c2f5e87bad3c948f4d605d)
Start importing Assets/Sprites/levelSign.png using Guid(bdb5bf45ead9a72449a6e597f92ead2d) Importer(2089858483,b0f066a214c2f5e87bad3c948f4d605d) (ScriptedImporter) -> (artifact id: '2008ae2beb515f98aa4665d982df2d0e') in 0.0370865 seconds
Number of updated asset objects reloaded before import = 0Number of asset objects unloaded after import = 6

========================================================================
Received Import Request.
  Time since last request: 0.000048 seconds.
  path: Assets/Sprites/enemy1.png
  artifactKey: Guid(11c8e2e08a836384186a983cc3ce84a5) Importer(2089858483,b0f066a214c2f5e87bad3c948f4d605d)
Start importing Assets/Sprites/enemy1.png using Guid(11c8e2e08a836384186a983cc3ce84a5) Importer(2089858483,b0f066a214c2f5e87bad3c948f4d605d) (ScriptedImporter) -> (artifact id: 'd6152258e66d0ec4eb77cc4766e777d7') in 0.030271 seconds
Number of updated asset objects reloaded before import = 0Number of asset objects unloaded after import = 6

========================================================================
Received Import Request.
  Time since last request: 0.000047 seconds.
  path: Assets/Animations/Character Anims (3)/Character (21).controller
  artifactKey: Guid(26d130a6ca9cfec449490571df251db2) Importer(2089858483,b0f066a214c2f5e87bad3c948f4d605d)
Start importing Assets/Animations/Character Anims (3)/Character (21).controller using Guid(26d130a6ca9cfec449490571df251db2) Importer(2089858483,b0f066a214c2f5e87bad3c948f4d605d) (ScriptedImporter) -> (artifact id: 'abe3a1f8b05749ef9148853a28daa437') in 0.0149229 seconds
Number of updated asset objects reloaded before import = 0Number of asset objects unloaded after import = 13

========================================================================
Received Import Request.
  Time since last request: 0.000085 seconds.
  path: Assets/Animations/Character Anims (3)/idle.anim
  artifactKey: Guid(f5b5ec744ecc1454ebe66fc52a30d84d) Importer(2089858483,b0f066a214c2f5e87bad3c948f4d605d)
Start importing Assets/Animations/Character Anims (3)/idle.anim using Guid(f5b5ec744ecc1454ebe66fc52a30d84d) Importer(2089858483,b0f066a214c2f5e87bad3c948f4d605d) (ScriptedImporter) -> (artifact id: '8491fad0bbfca96bbc26833869adfbcd') in 0.0128563 seconds
Number of updated asset objects reloaded before import = 0Number of asset objects unloaded after import = 1

========================================================================
Received Import Request.
  Time since last request: 0.000180 seconds.
  path: Assets/Sprites/flag.png
  artifactKey: Guid(818b5bf5011b1fe4094463b8940b3855) Importer(2089858483,b0f066a214c2f5e87bad3c948f4d605d)
Start importing Assets/Sprites/flag.png using Guid(818b5bf5011b1fe4094463b8940b3855) Importer(2089858483,b0f066a214c2f5e87bad3c948f4d605d) (ScriptedImporter) -> (artifact id: 'c420e4b83eefc3354aac6a5ba349d9d2') in 0.026457 seconds
Number of updated asset objects reloaded before import = 0Number of asset objects unloaded after import = 3

========================================================================
Received Import Request.
  Time since last request: 0.000039 seconds.
  path: Assets/Scripts/Heart.cs
  artifactKey: Guid(99a602b603ee36840b913b0b21411a05) Importer(2089858483,b0f066a214c2f5e87bad3c948f4d605d)
Start importing Assets/Scripts/Heart.cs using Guid(99a602b603ee36840b913b0b21411a05) Importer(2089858483,b0f066a214c2f5e87bad3c948f4d605d) (ScriptedImporter) -> (artifact id: '7a82bac793bec2b7eb84eebc870d5813') in 0.0076124 seconds
Number of updated asset objects reloaded before import = 0Number of asset objects unloaded after import = 0

========================================================================
Received Import Request.
  Time since last request: 0.000224 seconds.
  path: Assets/Scenes/Level2.unity
  artifactKey: Guid(cae490b6e3794cd4ba0cb4dce6136888) Importer(2089858483,b0f066a214c2f5e87bad3c948f4d605d)
Start importing Assets/Scenes/Level2.unity using Guid(cae490b6e3794cd4ba0cb4dce6136888) Importer(2089858483,b0f066a214c2f5e87bad3c948f4d605d) (ScriptedImporter) -> (artifact id: '4ceabb5ca4318c5a58178ba8000c1712') in 0.0278738 seconds
Number of updated asset objects reloaded before import = 0Number of asset objects unloaded after import = 1

========================================================================
Received Import Request.
  Time since last request: 0.000108 seconds.
  path: Assets/Prefabs/Canvas.prefab
  artifactKey: Guid(b1d7d6bba20f59f48bfda5329f042f3f) Importer(2089858483,b0f066a214c2f5e87bad3c948f4d605d)
Start importing Assets/Prefabs/Canvas.prefab using Guid(b1d7d6bba20f59f48bfda5329f042f3f) Importer(2089858483,b0f066a214c2f5e87bad3c948f4d605d) (ScriptedImporter) -> (artifact id: 'a9ae7581c3ce5ca053319bcbadcab419') in 0.1309637 seconds
Number of updated asset objects reloaded before import = 0Number of asset objects unloaded after import = 36

========================================================================
Received Import Request.
  Time since last request: 0.000043 seconds.
  path: Assets/Animations/Menu/idle.anim
  artifactKey: Guid(788a5f56d1eb74343a2c17b63afaa07b) Importer(2089858483,b0f066a214c2f5e87bad3c948f4d605d)
Start importing Assets/Animations/Menu/idle.anim using Guid(788a5f56d1eb74343a2c17b63afaa07b) Importer(2089858483,b0f066a214c2f5e87bad3c948f4d605d) (ScriptedImporter) -> (artifact id: '2aac5c0908584dd341ccbd9c3dc88835') in 0.0139254 seconds
Number of updated asset objects reloaded before import = 0Number of asset objects unloaded after import = 1

========================================================================
Received Import Request.
  Time since last request: 0.000130 seconds.
  path: Assets/Animations/Player/PlayerAC.controller
  artifactKey: Guid(f2d388a98830bcf40aa05df982e8a879) Importer(2089858483,b0f066a214c2f5e87bad3c948f4d605d)
Start importing Assets/Animations/Player/PlayerAC.controller using Guid(f2d388a98830bcf40aa05df982e8a879) Importer(2089858483,b0f066a214c2f5e87bad3c948f4d605d) (ScriptedImporter) -> (artifact id: 'bb64d7736582bb58861ec9bec23c3cf7') in 0.0211559 seconds
Number of updated asset objects reloaded before import = 0Number of asset objects unloaded after import = 23

========================================================================
Received Import Request.
  Time since last request: 0.000045 seconds.
  path: Assets/Animations/Menu/idle_bg.anim
  artifactKey: Guid(cc280f1c440dd574dbcddd70d0e32e3e) Importer(2089858483,b0f066a214c2f5e87bad3c948f4d605d)
Start importing Assets/Animations/Menu/idle_bg.anim using Guid(cc280f1c440dd574dbcddd70d0e32e3e) Importer(2089858483,b0f066a214c2f5e87bad3c948f4d605d) (ScriptedImporter) -> (artifact id: '13f4d77b02436dc74f49b4450543a8d8') in 0.0128539 seconds
Number of updated asset objects reloaded before import = 0Number of asset objects unloaded after import = 1

========================================================================
Received Import Request.
  Time since last request: 0.000137 seconds.
  path: Assets/AstarPathfindingProject/Core/AstarMath.cs
  artifactKey: Guid(960fd9020b1f74f939fee737c3c0f491) Importer(2089858483,b0f066a214c2f5e87bad3c948f4d605d)
Start importing Assets/AstarPathfindingProject/Core/AstarMath.cs using Guid(960fd9020b1f74f939fee737c3c0f491) Importer(2089858483,b0f066a214c2f5e87bad3c948f4d605d) (ScriptedImporter) -> (artifact id: '947097f5814c0598ffacefddda293ccf') in 0.0100839 seconds
Number of updated asset objects reloaded before import = 0Number of asset objects unloaded after import = 0

========================================================================
Received Import Request.
  Time since last request: 0.000248 seconds.
  path: Assets/Animations/Character Anims (8)/idle.anim
  artifactKey: Guid(bfe40aa72bef47b46ac7f0e5ed8027b1) Importer(2089858483,b0f066a214c2f5e87bad3c948f4d605d)
Start importing Assets/Animations/Character Anims (8)/idle.anim using Guid(bfe40aa72bef47b46ac7f0e5ed8027b1) Importer(2089858483,b0f066a214c2f5e87bad3c948f4d605d) (ScriptedImporter) -> (artifact id: '5b679fe498448a184412022849bbb684') in 0.0126065 seconds
Number of updated asset objects reloaded before import = 0Number of asset objects unloaded after import = 1

========================================================================
Received Import Request.
  Time since last request: 0.000143 seconds.
  path: Assets/AstarPathfindingProject/Behaviors/AIDestinationSetter.cs
  artifactKey: Guid(c9679e68a0f1144e79c664d9a11ca121) Importer(2089858483,b0f066a214c2f5e87bad3c948f4d605d)
Start importing Assets/AstarPathfindingProject/Behaviors/AIDestinationSetter.cs using Guid(c9679e68a0f1144e79c664d9a11ca121) Importer(2089858483,b0f066a214c2f5e87bad3c948f4d605d) (ScriptedImporter) -> (artifact id: '1ba80b1f70c588fec43255e8b5df9975') in 0.0078564 seconds
Number of updated asset objects reloaded before import = 0Number of asset objects unloaded after import = 0

========================================================================
Received Import Request.
  Time since last request: 0.000312 seconds.
  path: Assets/Animations/Character Anims (5)/attack.anim
  artifactKey: Guid(65110e96ef33a8644993d95645529236) Importer(2089858483,b0f066a214c2f5e87bad3c948f4d605d)
Start importing Assets/Animations/Character Anims (5)/attack.anim using Guid(65110e96ef33a8644993d95645529236) Importer(2089858483,b0f066a214c2f5e87bad3c948f4d605d) (ScriptedImporter) -> (artifact id: '4afc9ce7de1925d08881008e19fc6678') in 0.0120508 seconds
Number of updated asset objects reloaded before import = 0Number of asset objects unloaded after import = 1

========================================================================
Received Import Request.
  Time since last request: 0.000105 seconds.
  path: Assets/Animations/Menu/Canvas Background.controller
  artifactKey: Guid(dcb12b1374c826649b8fe944fee81292) Importer(2089858483,b0f066a214c2f5e87bad3c948f4d605d)
Start importing Assets/Animations/Menu/Canvas Background.controller using Guid(dcb12b1374c826649b8fe944fee81292) Importer(2089858483,b0f066a214c2f5e87bad3c948f4d605d) (ScriptedImporter) -> (artifact id: 'b56fced2607ff97507ee35c9da283366') in 0.0108286 seconds
Number of updated asset objects reloaded before import = 0Number of asset objects unloaded after import = 4

========================================================================
Received Import Request.
  Time since last request: 0.000137 seconds.
  path: Assets/Animations/Player/land.anim
  artifactKey: Guid(97a576c102d33f641887a6073491fa71) Importer(2089858483,b0f066a214c2f5e87bad3c948f4d605d)
Start importing Assets/Animations/Player/land.anim using Guid(97a576c102d33f641887a6073491fa71) Importer(2089858483,b0f066a214c2f5e87bad3c948f4d605d) (ScriptedImporter) -> (artifact id: '0685086e2661e72ccc01ec4a38780228') in 0.0132205 seconds
Number of updated asset objects reloaded before import = 0Number of asset objects unloaded after import = 1

========================================================================
Received Import Request.
  Time since last request: 0.000222 seconds.
  path: Assets/Animations/Worm/run.anim
  artifactKey: Guid(26bc779ea101cdb489ab6e4ec634ac31) Importer(2089858483,b0f066a214c2f5e87bad3c948f4d605d)
Start importing Assets/Animations/Worm/run.anim using Guid(26bc779ea101cdb489ab6e4ec634ac31) Importer(2089858483,b0f066a214c2f5e87bad3c948f4d605d) (ScriptedImporter) -> (artifact id: '12da26feabb1358872fb1a451d58b8ea') in 0.0169978 seconds
Number of updated asset objects reloaded before import = 0Number of asset objects unloaded after import = 1

========================================================================
Received Import Request.
  Time since last request: 0.000112 seconds.
  path: Assets/Animations/Goblin/run.anim
  artifactKey: Guid(dd348c996ec452142b777ae5856b6ab0) Importer(2089858483,b0f066a214c2f5e87bad3c948f4d605d)
Start importing Assets/Animations/Goblin/run.anim using Guid(dd348c996ec452142b777ae5856b6ab0) Importer(2089858483,b0f066a214c2f5e87bad3c948f4d605d) (ScriptedImporter) -> (artifact id: '38629054185c4e30f4c4667b5bb443b9') in 0.0122962 seconds
Number of updated asset objects reloaded before import = 0Number of asset objects unloaded after import = 1

========================================================================
Received Import Request.
  Time since last request: 0.000197 seconds.
  path: Assets/Animations/Character Anims (9)/move.anim
  artifactKey: Guid(0c2fae6893f31da4585b661a25952d00) Importer(2089858483,b0f066a214c2f5e87bad3c948f4d605d)
Start importing Assets/Animations/Character Anims (9)/move.anim using Guid(0c2fae6893f31da4585b661a25952d00) Importer(2089858483,b0f066a214c2f5e87bad3c948f4d605d) (ScriptedImporter) -> (artifact id: 'f633b57d3773182826c5cc69525466f7') in 0.0114983 seconds
Number of updated asset objects reloaded before import = 0Number of asset objects unloaded after import = 1

========================================================================
Received Import Request.
  Time since last request: 0.000223 seconds.
  path: Assets/Prefabs/Character (2).prefab
  artifactKey: Guid(e1e877f02eaab95409670932b37c5e41) Importer(2089858483,b0f066a214c2f5e87bad3c948f4d605d)
Start importing Assets/Prefabs/Character (2).prefab using Guid(e1e877f02eaab95409670932b37c5e41) Importer(2089858483,b0f066a214c2f5e87bad3c948f4d605d) (ScriptedImporter) -> (artifact id: '786f225e4786097f564cb2ac5ccf72df') in 0.0759555 seconds
Number of updated asset objects reloaded before import = 0Number of asset objects unloaded after import = 35

========================================================================
Received Import Request.
  Time since last request: 0.000091 seconds.
  path: Assets/Sprites/worm.png
  artifactKey: Guid(740b6e143a96a7e4baac82613150c1ce) Importer(2089858483,b0f066a214c2f5e87bad3c948f4d605d)
Start importing Assets/Sprites/worm.png using Guid(740b6e143a96a7e4baac82613150c1ce) Importer(2089858483,b0f066a214c2f5e87bad3c948f4d605d) (ScriptedImporter) -> (artifact id: '90e33b074e6b44050cb823c847dcb025') in 0.0312873 seconds
Number of updated asset objects reloaded before import = 0Number of asset objects unloaded after import = 5

========================================================================
Received Import Request.
  Time since last request: 0.000058 seconds.
  path: Assets/Scripts/MovingPlatform.cs
  artifactKey: Guid(42114fc795b4db74cbcf4a1ea98a864a) Importer(2089858483,b0f066a214c2f5e87bad3c948f4d605d)
Start importing Assets/Scripts/MovingPlatform.cs using Guid(42114fc795b4db74cbcf4a1ea98a864a) Importer(2089858483,b0f066a214c2f5e87bad3c948f4d605d) (ScriptedImporter) -> (artifact id: 'b549e0175f1b1a26d2f468ce8a082c96') in 0.0071834 seconds
Number of updated asset objects reloaded before import = 0Number of asset objects unloaded after import = 0

========================================================================
Received Import Request.
  Time since last request: 0.000354 seconds.
  path: Assets/Animations/Character Anims (4)/Character (31).controller
  artifactKey: Guid(9b614df26da26e2438242e790961830f) Importer(2089858483,b0f066a214c2f5e87bad3c948f4d605d)
Start importing Assets/Animations/Character Anims (4)/Character (31).controller using Guid(9b614df26da26e2438242e790961830f) Importer(2089858483,b0f066a214c2f5e87bad3c948f4d605d) (ScriptedImporter) -> (artifact id: '3a514ea5072f74d3005910c139fa2500') in 0.0142269 seconds
Number of updated asset objects reloaded before import = 0Number of asset objects unloaded after import = 13

========================================================================
Received Import Request.
  Time since last request: 0.000041 seconds.
  path: Assets/AstarPathfindingProject/Core/GraphUpdateShape.cs
  artifactKey: Guid(1c31d3b0be14344e98aa458dc66c3a94) Importer(2089858483,b0f066a214c2f5e87bad3c948f4d605d)
Start importing Assets/AstarPathfindingProject/Core/GraphUpdateShape.cs using Guid(1c31d3b0be14344e98aa458dc66c3a94) Importer(2089858483,b0f066a214c2f5e87bad3c948f4d605d) (ScriptedImporter) -> (artifact id: '51039ac0a5b9a1bb87156e0d15af5dc1') in 0.0067899 seconds
Number of updated asset objects reloaded before import = 0Number of asset objects unloaded after import = 0

========================================================================
Received Import Request.
  Time since last request: 0.000157 seconds.
  path: Assets/Sounds/Pickup.ogg
  artifactKey: Guid(10c96de6a03895c418e3508f3ceb43c4) Importer(2089858483,b0f066a214c2f5e87bad3c948f4d605d)
Start importing Assets/Sounds/Pickup.ogg using Guid(10c96de6a03895c418e3508f3ceb43c4) Importer(2089858483,b0f066a214c2f5e87bad3c948f4d605d) (ScriptedImporter) -> (artifact id: '181aab480c81a96082aaa2db6004c0c1') in 0.0624092 seconds
Number of updated asset objects reloaded before import = 0Number of asset objects unloaded after import = 1

========================================================================
Received Import Request.
  Time since last request: 0.000132 seconds.
  path: Assets/Animations/Enemy1/run.anim
  artifactKey: Guid(73f95809ca726534b85bb01e2b40f84c) Importer(2089858483,b0f066a214c2f5e87bad3c948f4d605d)
Start importing Assets/Animations/Enemy1/run.anim using Guid(73f95809ca726534b85bb01e2b40f84c) Importer(2089858483,b0f066a214c2f5e87bad3c948f4d605d) (ScriptedImporter) -> (artifact id: '27dbf68ec93823ff70b4ffc02594b988') in 0.0103451 seconds
Number of updated asset objects reloaded before import = 0Number of asset objects unloaded after import = 1

========================================================================
Received Import Request.
  Time since last request: 0.000191 seconds.
  path: Assets/Animations/Enemy_orange/run.anim
  artifactKey: Guid(f85f2748376d12241b7e4c9a32bd487f) Importer(2089858483,b0f066a214c2f5e87bad3c948f4d605d)
Start importing Assets/Animations/Enemy_orange/run.anim using Guid(f85f2748376d12241b7e4c9a32bd487f) Importer(2089858483,b0f066a214c2f5e87bad3c948f4d605d) (ScriptedImporter) -> (artifact id: '1ead31bd10d6b9af72809e6a7d398572') in 0.0125635 seconds
Number of updated asset objects reloaded before import = 0Number of asset objects unloaded after import = 1

========================================================================
Received Import Request.
  Time since last request: 0.000046 seconds.
  path: Assets/Animations/Character Anims (1)/move.anim
  artifactKey: Guid(fd747184e2e9853498f45dfd379db8e8) Importer(2089858483,b0f066a214c2f5e87bad3c948f4d605d)
Start importing Assets/Animations/Character Anims (1)/move.anim using Guid(fd747184e2e9853498f45dfd379db8e8) Importer(2089858483,b0f066a214c2f5e87bad3c948f4d605d) (ScriptedImporter) -> (artifact id: '7f06c31352950b4c2e11cfe7fd906791') in 0.0166618 seconds
Number of updated asset objects reloaded before import = 0Number of asset objects unloaded after import = 1

========================================================================
Received Import Request.
  Time since last request: 0.000180 seconds.
  path: Assets/Animations/Character Anims (9)/attack.anim
  artifactKey: Guid(c19f1a2bf970b08469cd1e152b3bca2e) Importer(2089858483,b0f066a214c2f5e87bad3c948f4d605d)
Start importing Assets/Animations/Character Anims (9)/attack.anim using Guid(c19f1a2bf970b08469cd1e152b3bca2e) Importer(2089858483,b0f066a214c2f5e87bad3c948f4d605d) (ScriptedImporter) -> (artifact id: 'a164e4f71cca50727c116fe2ad2c5828') in 0.0121817 seconds
Number of updated asset objects reloaded before import = 0Number of asset objects unloaded after import = 1

========================================================================
Received Import Request.
  Time since last request: 0.000208 seconds.
  path: Assets/Sprites/platforms.png
  artifactKey: Guid(5c6b1c84f4926164a95c7a50c2d008d0) Importer(2089858483,b0f066a214c2f5e87bad3c948f4d605d)
Start importing Assets/Sprites/platforms.png using Guid(5c6b1c84f4926164a95c7a50c2d008d0) Importer(2089858483,b0f066a214c2f5e87bad3c948f4d605d) (ScriptedImporter) -> (artifact id: 'db0a05f4829462c98c836edffc311b04') in 0.0245925 seconds
Number of updated asset objects reloaded before import = 0Number of asset objects unloaded after import = 4

========================================================================
Received Import Request.
  Time since last request: 0.000044 seconds.
  path: Assets/Prefabs/fireball.prefab
  artifactKey: Guid(38524bc2b3ffcdc4f9e6d2dfb3aee388) Importer(2089858483,b0f066a214c2f5e87bad3c948f4d605d)
Start importing Assets/Prefabs/fireball.prefab using Guid(38524bc2b3ffcdc4f9e6d2dfb3aee388) Importer(2089858483,b0f066a214c2f5e87bad3c948f4d605d) (ScriptedImporter) -> (artifact id: '8a6d0ced426b3fc0e171656f61940855') in 0.0255788 seconds
Number of updated asset objects reloaded before import = 0Number of asset objects unloaded after import = 10

========================================================================
Received Import Request.
  Time since last request: 0.000051 seconds.
  path: Assets/Prefabs/Mountains.prefab
  artifactKey: Guid(e64e1995603f3c34ca98e03d81cfbb4f) Importer(2089858483,b0f066a214c2f5e87bad3c948f4d605d)
Start importing Assets/Prefabs/Mountains.prefab using Guid(e64e1995603f3c34ca98e03d81cfbb4f) Importer(2089858483,b0f066a214c2f5e87bad3c948f4d605d) (ScriptedImporter) -> (artifact id: '5aed00fd500b4157d74aef31ea67f52b') in 0.0204495 seconds
Number of updated asset objects reloaded before import = 0Number of asset objects unloaded after import = 66

========================================================================
Received Import Request.
  Time since last request: 0.000099 seconds.
  path: Assets/Animations/Character Anims (2)/move.anim
  artifactKey: Guid(83ca1949e5914964d88f69e6d365a43f) Importer(2089858483,b0f066a214c2f5e87bad3c948f4d605d)
Start importing Assets/Animations/Character Anims (2)/move.anim using Guid(83ca1949e5914964d88f69e6d365a43f) Importer(2089858483,b0f066a214c2f5e87bad3c948f4d605d) (ScriptedImporter) -> (artifact id: 'b0ffb053a83adeb818f2da1b97277e86') in 0.0149921 seconds
Number of updated asset objects reloaded before import = 0Number of asset objects unloaded after import = 1

========================================================================
Received Import Request.
  Time since last request: 0.000173 seconds.
  path: Assets/AstarPathfindingProject/CHANGELOG.md
  artifactKey: Guid(e271255bdfe8941f9ab0acccbb14dd82) Importer(2089858483,b0f066a214c2f5e87bad3c948f4d605d)
Start importing Assets/AstarPathfindingProject/CHANGELOG.md using Guid(e271255bdfe8941f9ab0acccbb14dd82) Importer(2089858483,b0f066a214c2f5e87bad3c948f4d605d) (ScriptedImporter) -> (artifact id: '93ebb3e95326f6c68510c10aad5db528') in 0.0072432 seconds
Number of updated asset objects reloaded before import = 0Number of asset objects unloaded after import = 1

========================================================================
Received Import Request.
  Time since last request: 0.005618 seconds.
  path: Assets/AstarPathfindingProject/Documentation/documentation.pdf
  artifactKey: Guid(3b746da7b40c860c894ce656f273a7de) Importer(2089858483,b0f066a214c2f5e87bad3c948f4d605d)
Start importing Assets/AstarPathfindingProject/Documentation/documentation.pdf using Guid(3b746da7b40c860c894ce656f273a7de) Importer(2089858483,b0f066a214c2f5e87bad3c948f4d605d) (ScriptedImporter) -> (artifact id: '1352ecdf393848247539bd69083d5b6c') in 0.0071575 seconds
Number of updated asset objects reloaded before import = 0Number of asset objects unloaded after import = 1

========================================================================
Received Import Request.
  Time since last request: 0.000186 seconds.
  path: Assets/AstarPathfindingProject/Modifiers/StartEndModifier.cs
  artifactKey: Guid(f72dd5db0de344ea19ae250ac5b68903) Importer(2089858483,b0f066a214c2f5e87bad3c948f4d605d)
Start importing Assets/AstarPathfindingProject/Modifiers/StartEndModifier.cs using Guid(f72dd5db0de344ea19ae250ac5b68903) Importer(2089858483,b0f066a214c2f5e87bad3c948f4d605d) (ScriptedImporter) -> (artifact id: '4682f653bc2d3c4f29dec3948698971b') in 0.0069241 seconds
Number of updated asset objects reloaded before import = 0Number of asset objects unloaded after import = 0

========================================================================
Received Import Request.
  Time since last request: 0.000195 seconds.
  path: Assets/AstarPathfindingProject/Editor/GraphUpdateSceneEditor.cs
  artifactKey: Guid(4c7bf5208cabd4676a4691ce4541bd62) Importer(2089858483,b0f066a214c2f5e87bad3c948f4d605d)
Start importing Assets/AstarPathfindingProject/Editor/GraphUpdateSceneEditor.cs using Guid(4c7bf5208cabd4676a4691ce4541bd62) Importer(2089858483,b0f066a214c2f5e87bad3c948f4d605d) (ScriptedImporter) -> (artifact id: '144a4467f925e4ed47a00d005a6a8d3f') in 0.0071822 seconds
Number of updated asset objects reloaded before import = 0Number of asset objects unloaded after import = 0

========================================================================
Received Import Request.
  Time since last request: 0.000320 seconds.
  path: Assets/AstarPathfindingProject/Pathfinders/ABPath.cs
  artifactKey: Guid(7833eca4f9a3c4a119943a3ef09cdfc9) Importer(2089858483,b0f066a214c2f5e87bad3c948f4d605d)
Start importing Assets/AstarPathfindingProject/Pathfinders/ABPath.cs using Guid(7833eca4f9a3c4a119943a3ef09cdfc9) Importer(2089858483,b0f066a214c2f5e87bad3c948f4d605d) (ScriptedImporter) -> (artifact id: '0bbac8b34dfd4956caf14cede3cfa18d') in 0.0089852 seconds
Number of updated asset objects reloaded before import = 0Number of asset objects unloaded after import = 0

========================================================================
Received Import Request.
  Time since last request: 0.000293 seconds.
  path: Assets/AstarPathfindingProject/Generators/Base.cs
  artifactKey: Guid(c7636164485c04efe8fad73ab1ee985f) Importer(2089858483,b0f066a214c2f5e87bad3c948f4d605d)
Start importing Assets/AstarPathfindingProject/Generators/Base.cs using Guid(c7636164485c04efe8fad73ab1ee985f) Importer(2089858483,b0f066a214c2f5e87bad3c948f4d605d) (ScriptedImporter) -> (artifact id: '55adc83f6e8356b46fec7021c03753d5') in 0.0072906 seconds
Number of updated asset objects reloaded before import = 0Number of asset objects unloaded after import = 0

========================================================================
Received Import Request.
  Time since last request: 0.000262 seconds.
  path: Assets/AstarPathfindingProject/Utilities/PathUtilities.cs
  artifactKey: Guid(7d93ae7d64ab84e23819ac5754065f34) Importer(2089858483,b0f066a214c2f5e87bad3c948f4d605d)
Start importing Assets/AstarPathfindingProject/Utilities/PathUtilities.cs using Guid(7d93ae7d64ab84e23819ac5754065f34) Importer(2089858483,b0f066a214c2f5e87bad3c948f4d605d) (ScriptedImporter) -> (artifact id: '46af2e1576d673c429adac8dee03db91') in 0.0080655 seconds
Number of updated asset objects reloaded before import = 0Number of asset objects unloaded after import = 0

========================================================================
Received Import Request.
  Time since last request: 0.000258 seconds.
  path: Assets/AstarPathfindingProject/Editor/CustomGraphEditorAttribute.cs
  artifactKey: Guid(576dcf42aca804a48b5923974edaee01) Importer(2089858483,b0f066a214c2f5e87bad3c948f4d605d)
Start importing Assets/AstarPathfindingProject/Editor/CustomGraphEditorAttribute.cs using Guid(576dcf42aca804a48b5923974edaee01) Importer(2089858483,b0f066a214c2f5e87bad3c948f4d605d) (ScriptedImporter) -> (artifact id: 'fcaaa2548b4e8d4d7154d5fce9380a0d') in 0.0079931 seconds
Number of updated asset objects reloaded before import = 0Number of asset objects unloaded after import = 0

========================================================================
Received Import Request.
  Time since last request: 0.000127 seconds.
  path: Assets/TextMesh Pro/Shaders/TMP_SDF-Mobile Overlay.shader
  artifactKey: Guid(a02a7d8c237544f1962732b55a9aebf1) Importer(2089858483,b0f066a214c2f5e87bad3c948f4d605d)
Start importing Assets/TextMesh Pro/Shaders/TMP_SDF-Mobile Overlay.shader using Guid(a02a7d8c237544f1962732b55a9aebf1) Importer(2089858483,b0f066a214c2f5e87bad3c948f4d605d) (ScriptedImporter) -> (artifact id: '8712b5ff28fd1cf87b9a1ba74b797c21') in 0.0233833 seconds
Number of updated asset objects reloaded before import = 0Number of asset objects unloaded after import = 1

========================================================================
Received Import Request.
  Time since last request: 0.000161 seconds.
  path: Assets/AstarPathfindingProject/Navmesh/NavmeshUpdates.cs
  artifactKey: Guid(8c8c76379ef6d496bb3624f29adc556a) Importer(2089858483,b0f066a214c2f5e87bad3c948f4d605d)
Start importing Assets/AstarPathfindingProject/Navmesh/NavmeshUpdates.cs using Guid(8c8c76379ef6d496bb3624f29adc556a) Importer(2089858483,b0f066a214c2f5e87bad3c948f4d605d) (ScriptedImporter) -> (artifact id: '5eac9f5d141e8e4b581c2eedbae7ce9b') in 0.007602 seconds
Number of updated asset objects reloaded before import = 0Number of asset objects unloaded after import = 0

========================================================================
Received Import Request.
  Time since last request: 0.000218 seconds.
  path: Assets/AstarPathfindingProject/Utilities/AstarProfiler.cs
  artifactKey: Guid(0d7c020300da24330bbc70ec30fee5d5) Importer(2089858483,b0f066a214c2f5e87bad3c948f4d605d)
Start importing Assets/AstarPathfindingProject/Utilities/AstarProfiler.cs using Guid(0d7c020300da24330bbc70ec30fee5d5) Importer(2089858483,b0f066a214c2f5e87bad3c948f4d605d) (ScriptedImporter) -> (artifact id: '9ba638e305750eeaf76dd8e3db2d1453') in 0.0072396 seconds
Number of updated asset objects reloaded before import = 0Number of asset objects unloaded after import = 0

========================================================================
Received Import Request.
  Time since last request: 0.000234 seconds.
  path: Assets/TextMesh Pro/Resources/LineBreaking Leading Characters.txt
  artifactKey: Guid(d82c1b31c7e74239bff1220585707d2b) Importer(2089858483,b0f066a214c2f5e87bad3c948f4d605d)
Start importing Assets/TextMesh Pro/Resources/LineBreaking Leading Characters.txt using Guid(d82c1b31c7e74239bff1220585707d2b) Importer(2089858483,b0f066a214c2f5e87bad3c948f4d605d) (ScriptedImporter) -> (artifact id: 'a83b1a64227eac448a3a6d530dc5cd7f') in 0.007474 seconds
Number of updated asset objects reloaded before import = 0Number of asset objects unloaded after import = 1

========================================================================
Received Import Request.
  Time since last request: 0.000228 seconds.
  path: Assets/AstarPathfindingProject/Legacy/LegacyAIPath.cs
  artifactKey: Guid(c5ac18cdd242041b6bebc0e95b624c85) Importer(2089858483,b0f066a214c2f5e87bad3c948f4d605d)
Start importing Assets/AstarPathfindingProject/Legacy/LegacyAIPath.cs using Guid(c5ac18cdd242041b6bebc0e95b624c85) Importer(2089858483,b0f066a214c2f5e87bad3c948f4d605d) (ScriptedImporter) -> (artifact id: '7b7b7d8a69385cd363f478523afd8cba') in 0.0078723 seconds
Number of updated asset objects reloaded before import = 0Number of asset objects unloaded after import = 0

========================================================================
Received Import Request.
  Time since last request: 0.000270 seconds.
  path: Assets/AstarPathfindingProject/Core/AI/NavmeshController.cs
  artifactKey: Guid(20549335d45df4a329ece093b865221b) Importer(2089858483,b0f066a214c2f5e87bad3c948f4d605d)
Start importing Assets/AstarPathfindingProject/Core/AI/NavmeshController.cs using Guid(20549335d45df4a329ece093b865221b) Importer(2089858483,b0f066a214c2f5e87bad3c948f4d605d) (ScriptedImporter) -> (artifact id: '0c7587931ec177b8595f76132ac83373') in 0.0078335 seconds
Number of updated asset objects reloaded before import = 0Number of asset objects unloaded after import = 0

========================================================================
Received Import Request.
  Time since last request: 0.000226 seconds.
  path: Assets/AstarPathfindingProject/Core/AI/AIBase.cs
  artifactKey: Guid(a08f67bbe580e4ddfaebd06363c9cc97) Importer(2089858483,b0f066a214c2f5e87bad3c948f4d605d)
Start importing Assets/AstarPathfindingProject/Core/AI/AIBase.cs using Guid(a08f67bbe580e4ddfaebd06363c9cc97) Importer(2089858483,b0f066a214c2f5e87bad3c948f4d605d) (ScriptedImporter) -> (artifact id: 'da2834a3bd8bab65b29e62248ca22541') in 0.0076649 seconds
Number of updated asset objects reloaded before import = 0Number of asset objects unloaded after import = 0

========================================================================
Received Import Request.
  Time since last request: 0.000255 seconds.
  path: Assets/AstarPathfindingProject/Utilities/ProfileHelper.cs
  artifactKey: Guid(8ec9029c797ec471fa8b5640e1829fc0) Importer(2089858483,b0f066a214c2f5e87bad3c948f4d605d)
Start importing Assets/AstarPathfindingProject/Utilities/ProfileHelper.cs using Guid(8ec9029c797ec471fa8b5640e1829fc0) Importer(2089858483,b0f066a214c2f5e87bad3c948f4d605d) (ScriptedImporter) -> (artifact id: '934c9fb9ea641d81f330d4a248e6c58e') in 0.0078318 seconds
Number of updated asset objects reloaded before import = 0Number of asset objects unloaded after import = 0

========================================================================
Received Import Request.
  Time since last request: 0.000173 seconds.
  path: Assets/Free_Trees/Meshes/Palm_Tree.fbx
  artifactKey: Guid(1e50ef3048667495d90210b70c070c6b) Importer(2089858483,b0f066a214c2f5e87bad3c948f4d605d)
Start importing Assets/Free_Trees/Meshes/Palm_Tree.fbx using Guid(1e50ef3048667495d90210b70c070c6b) Importer(2089858483,b0f066a214c2f5e87bad3c948f4d605d) (ScriptedImporter) -> (artifact id: 'd40f096995213e1a6342420e559b0ee4') in 0.0741965 seconds
Number of updated asset objects reloaded before import = 0Number of asset objects unloaded after import = 8

========================================================================
Received Import Request.
  Time since last request: 0.000059 seconds.
  path: Assets/TextMesh Pro/Shaders/TMP_SDF-Mobile SSD.shader
  artifactKey: Guid(c8d12adcee749c344b8117cf7c7eb912) Importer(2089858483,b0f066a214c2f5e87bad3c948f4d605d)
Start importing Assets/TextMesh Pro/Shaders/TMP_SDF-Mobile SSD.shader using Guid(c8d12adcee749c344b8117cf7c7eb912) Importer(2089858483,b0f066a214c2f5e87bad3c948f4d605d) (ScriptedImporter) -> (artifact id: '658de78857fa92877686a9328d0efa03') in 0.0114619 seconds
Number of updated asset objects reloaded before import = 0Number of asset objects unloaded after import = 1

========================================================================
Received Import Request.
  Time since last request: 0.000219 seconds.
  path: Assets/TextMesh Pro/Shaders/TMP_Sprite.shader
  artifactKey: Guid(cf81c85f95fe47e1a27f6ae460cf182c) Importer(2089858483,b0f066a214c2f5e87bad3c948f4d605d)
Start importing Assets/TextMesh Pro/Shaders/TMP_Sprite.shader using Guid(cf81c85f95fe47e1a27f6ae460cf182c) Importer(2089858483,b0f066a214c2f5e87bad3c948f4d605d) (ScriptedImporter) -> (artifact id: 'a9ac6124668251de6a5842f95c6fcbb6') in 0.0093766 seconds
Number of updated asset objects reloaded before import = 0Number of asset objects unloaded after import = 1

========================================================================
Received Import Request.
  Time since last request: 0.000148 seconds.
  path: Assets/TextMesh Pro/Shaders/TMP_SDF-Surface-Mobile.shader
  artifactKey: Guid(85187c2149c549c5b33f0cdb02836b17) Importer(2089858483,b0f066a214c2f5e87bad3c948f4d605d)
Start importing Assets/TextMesh Pro/Shaders/TMP_SDF-Surface-Mobile.shader using Guid(85187c2149c549c5b33f0cdb02836b17) Importer(2089858483,b0f066a214c2f5e87bad3c948f4d605d) (ScriptedImporter) -> (artifact id: '27465d285f2597a2995b1f9614f8f767') in 0.0100086 seconds
Number of updated asset objects reloaded before import = 0Number of asset objects unloaded after import = 1

========================================================================
Received Import Request.
  Time since last request: 0.000032 seconds.
  path: Assets/AstarPathfindingProject/Editor/AstarUpdateChecker.cs
  artifactKey: Guid(8df9913c9ee004459b24d89644e573d7) Importer(2089858483,b0f066a214c2f5e87bad3c948f4d605d)
Start importing Assets/AstarPathfindingProject/Editor/AstarUpdateChecker.cs using Guid(8df9913c9ee004459b24d89644e573d7) Importer(2089858483,b0f066a214c2f5e87bad3c948f4d605d) (ScriptedImporter) -> (artifact id: '7721a8e5ffd4270f770b2bc15ab32ede') in 0.0069378 seconds
Number of updated asset objects reloaded before import = 0Number of asset objects unloaded after import = 0

========================================================================
Received Import Request.
  Time since last request: 0.000247 seconds.
  path: Assets/TextMesh Pro/Shaders/TMPro.cginc
  artifactKey: Guid(407bc68d299748449bbf7f48ee690f8d) Importer(2089858483,b0f066a214c2f5e87bad3c948f4d605d)
Start importing Assets/TextMesh Pro/Shaders/TMPro.cginc using Guid(407bc68d299748449bbf7f48ee690f8d) Importer(2089858483,b0f066a214c2f5e87bad3c948f4d605d) (ScriptedImporter) -> (artifact id: '75774b22acae3a811a5d12c3fe38759e') in 0.0078582 seconds
Number of updated asset objects reloaded before import = 0Number of asset objects unloaded after import = 1

========================================================================
Received Import Request.
  Time since last request: 0.000087 seconds.
  path: Assets/AstarPathfindingProject/Utilities/GraphGizmoHelper.cs
  artifactKey: Guid(20ed0bf48b2a14d78b8aa2ebe33f0069) Importer(2089858483,b0f066a214c2f5e87bad3c948f4d605d)
Start importing Assets/AstarPathfindingProject/Utilities/GraphGizmoHelper.cs using Guid(20ed0bf48b2a14d78b8aa2ebe33f0069) Importer(2089858483,b0f066a214c2f5e87bad3c948f4d605d) (ScriptedImporter) -> (artifact id: '66ea563f127e96168f79430d40f787de') in 0.0075291 seconds
Number of updated asset objects reloaded before import = 0Number of asset objects unloaded after import = 0

========================================================================
Received Import Request.
  Time since last request: 0.000124 seconds.
  path: Assets/TextMesh Pro/Shaders/TMP_SDF Overlay.shader
  artifactKey: Guid(dd89cf5b9246416f84610a006f916af7) Importer(2089858483,b0f066a214c2f5e87bad3c948f4d605d)
Start importing Assets/TextMesh Pro/Shaders/TMP_SDF Overlay.shader using Guid(dd89cf5b9246416f84610a006f916af7) Importer(2089858483,b0f066a214c2f5e87bad3c948f4d605d) (ScriptedImporter) -> (artifact id: '54a058a94e3d5f66b46c998f8a86b00d') in 0.0106867 seconds
Number of updated asset objects reloaded before import = 0Number of asset objects unloaded after import = 1

========================================================================
Received Import Request.
  Time since last request: 0.000161 seconds.
  path: Assets/Free_Trees/Meshes/Fir_Tree.fbx
  artifactKey: Guid(d7ad634caa1c049d49b730cc6d29c683) Importer(2089858483,b0f066a214c2f5e87bad3c948f4d605d)
Start importing Assets/Free_Trees/Meshes/Fir_Tree.fbx using Guid(d7ad634caa1c049d49b730cc6d29c683) Importer(2089858483,b0f066a214c2f5e87bad3c948f4d605d) (ScriptedImporter) -> (artifact id: '5d2be9dae8e4d09d9375bd7c919fb61d') in 0.0232235 seconds
Number of updated asset objects reloaded before import = 0Number of asset objects unloaded after import = 8

========================================================================
Received Import Request.
  Time since last request: 0.000042 seconds.
  path: Assets/TextMesh Pro/Sprites/EmojiOne.json
  artifactKey: Guid(8f05276190cf498a8153f6cbe761d4e6) Importer(2089858483,b0f066a214c2f5e87bad3c948f4d605d)
Start importing Assets/TextMesh Pro/Sprites/EmojiOne.json using Guid(8f05276190cf498a8153f6cbe761d4e6) Importer(2089858483,b0f066a214c2f5e87bad3c948f4d605d) (ScriptedImporter) -> (artifact id: 'd272b1a7f75c7d17ab642bbd35013b24') in 0.0097502 seconds
Number of updated asset objects reloaded before import = 0Number of asset objects unloaded after import = 1

========================================================================
Received Import Request.
  Time since last request: 0.000309 seconds.
  path: Assets/AstarPathfindingProject/Utilities/RetainedGizmos.cs
  artifactKey: Guid(7a3cd109c93704c7ba499b8653f402ac) Importer(2089858483,b0f066a214c2f5e87bad3c948f4d605d)
Start importing Assets/AstarPathfindingProject/Utilities/RetainedGizmos.cs using Guid(7a3cd109c93704c7ba499b8653f402ac) Importer(2089858483,b0f066a214c2f5e87bad3c948f4d605d) (ScriptedImporter) -> (artifact id: 'cc0d1a030ba8da8e5d19c2a1d57037bd') in 0.0087125 seconds
Number of updated asset objects reloaded before import = 0Number of asset objects unloaded after import = 0

========================================================================
Received Import Request.
  Time since last request: 0.158108 seconds.
  path: Assets/AstarPathfindingProject/Core/Misc/GraphEditorBase.cs
  artifactKey: Guid(704136724bc95455ebe477f42f5c5a84) Importer(2089858483,b0f066a214c2f5e87bad3c948f4d605d)
Start importing Assets/AstarPathfindingProject/Core/Misc/GraphEditorBase.cs using Guid(704136724bc95455ebe477f42f5c5a84) Importer(2089858483,b0f066a214c2f5e87bad3c948f4d605d) (ScriptedImporter) -> (artifact id: '1ebf58e9063d9760f314fa810c825a62') in 0.0075733 seconds
Number of updated asset objects reloaded before import = 0Number of asset objects unloaded after import = 0

========================================================================
Received Import Request.
  Time since last request: 0.000276 seconds.
  path: Assets/AstarPathfindingProject/Generators/NodeClasses/PointNode.cs
  artifactKey: Guid(986ad6174b59e40068c715a916740ce9) Importer(2089858483,b0f066a214c2f5e87bad3c948f4d605d)
Start importing Assets/AstarPathfindingProject/Generators/NodeClasses/PointNode.cs using Guid(986ad6174b59e40068c715a916740ce9) Importer(2089858483,b0f066a214c2f5e87bad3c948f4d605d) (ScriptedImporter) -> (artifact id: 'bf4be2e7f946ca7881294092a05db7b8') in 0.0246103 seconds
Number of updated asset objects reloaded before import = 0Number of asset objects unloaded after import = 0

========================================================================
Received Import Request.
  Time since last request: 0.000155 seconds.
  path: Assets/AstarPathfindingProject/ExampleScenes/Example9_Penalties/PenaltiesExample.unity
  artifactKey: Guid(af5549f83cd6e498dbe788615aa953da) Importer(2089858483,b0f066a214c2f5e87bad3c948f4d605d)
Start importing Assets/AstarPathfindingProject/ExampleScenes/Example9_Penalties/PenaltiesExample.unity using Guid(af5549f83cd6e498dbe788615aa953da) Importer(2089858483,b0f066a214c2f5e87bad3c948f4d605d) (ScriptedImporter) -> (artifact id: '514d96ccfc1a075c78af0405679035e4') in 0.0120411 seconds
Number of updated asset objects reloaded before import = 0Number of asset objects unloaded after import = 1

========================================================================
Received Import Request.
  Time since last request: 0.000147 seconds.
  path: Assets/AstarPathfindingProject/Core/Misc/ThreadControlQueue.cs
  artifactKey: Guid(e6a8344fd0d1c453cbaf5c5eb8f55ca5) Importer(2089858483,b0f066a214c2f5e87bad3c948f4d605d)
Start importing Assets/AstarPathfindingProject/Core/Misc/ThreadControlQueue.cs using Guid(e6a8344fd0d1c453cbaf5c5eb8f55ca5) Importer(2089858483,b0f066a214c2f5e87bad3c948f4d605d) (ScriptedImporter) -> (artifact id: '9c8e925dcb38d374279afaf351c1fffe') in 0.007643 seconds
Number of updated asset objects reloaded before import = 0Number of asset objects unloaded after import = 0

========================================================================
Received Import Request.
  Time since last request: 0.000403 seconds.
  path: Assets/AstarPathfindingProject/ExampleScenes/Example6_Navmesh/example6.fbx
  artifactKey: Guid(7fdfb9a3e0fdf4df880ebc7fa5f56398) Importer(2089858483,b0f066a214c2f5e87bad3c948f4d605d)
Start importing Assets/AstarPathfindingProject/ExampleScenes/Example6_Navmesh/example6.fbx using Guid(7fdfb9a3e0fdf4df880ebc7fa5f56398) Importer(2089858483,b0f066a214c2f5e87bad3c948f4d605d) (ScriptedImporter) -> (artifact id: '86136002a04980beeb90078a1c87ca20') in 0.0470489 seconds
Number of updated asset objects reloaded before import = 0Number of asset objects unloaded after import = 10

========================================================================
Received Import Request.
  Time since last request: 0.000059 seconds.
  path: Assets/AstarPathfindingProject/ExampleScenes/Example2_Terrain/dynamicObstacle.anim
  artifactKey: Guid(fca8a128acb4a4567ae3aacfdb0e4a13) Importer(2089858483,b0f066a214c2f5e87bad3c948f4d605d)
Start importing Assets/AstarPathfindingProject/ExampleScenes/Example2_Terrain/dynamicObstacle.anim using Guid(fca8a128acb4a4567ae3aacfdb0e4a13) Importer(2089858483,b0f066a214c2f5e87bad3c948f4d605d) (ScriptedImporter) -> (artifact id: '1212d37b2f8ec2b9c6ec3a193633deeb') in 0.0118656 seconds
Number of updated asset objects reloaded before import = 0Number of asset objects unloaded after import = 1

========================================================================
Received Import Request.
  Time since last request: 0.000095 seconds.
  path: Assets/AstarPathfindingProject/Editor/EditorAssets/pixelBox3_separator.png
  artifactKey: Guid(e101da2dcb7a14fa2aed1a65c384a99b) Importer(2089858483,b0f066a214c2f5e87bad3c948f4d605d)
Start importing Assets/AstarPathfindingProject/Editor/EditorAssets/pixelBox3_separator.png using Guid(e101da2dcb7a14fa2aed1a65c384a99b) Importer(2089858483,b0f066a214c2f5e87bad3c948f4d605d) (ScriptedImporter) -> (artifact id: 'a34e30cd1311e8a68dafa1b7a12995ca') in 0.0196033 seconds
Number of updated asset objects reloaded before import = 0Number of asset objects unloaded after import = 1

========================================================================
Received Import Request.
  Time since last request: 0.000312 seconds.
  path: Assets/AstarPathfindingProject/Core/Misc/MovementUtilities.cs
  artifactKey: Guid(0a6cffd9895f94907aa43f18b0904587) Importer(2089858483,b0f066a214c2f5e87bad3c948f4d605d)
Start importing Assets/AstarPathfindingProject/Core/Misc/MovementUtilities.cs using Guid(0a6cffd9895f94907aa43f18b0904587) Importer(2089858483,b0f066a214c2f5e87bad3c948f4d605d) (ScriptedImporter) -> (artifact id: '83838946561f97e3d664d212c7956bf9') in 0.0067626 seconds
Number of updated asset objects reloaded before import = 0Number of asset objects unloaded after import = 0

========================================================================
Received Import Request.
  Time since last request: 0.000091 seconds.
  path: Assets/AstarPathfindingProject/ExampleScenes/Example2_Terrain/Example2.unity
  artifactKey: Guid(b04e6b995408741cf8dc427c6173f5f8) Importer(2089858483,b0f066a214c2f5e87bad3c948f4d605d)
Start importing Assets/AstarPathfindingProject/ExampleScenes/Example2_Terrain/Example2.unity using Guid(b04e6b995408741cf8dc427c6173f5f8) Importer(2089858483,b0f066a214c2f5e87bad3c948f4d605d) (ScriptedImporter) -> (artifact id: '8e08a327f2c23585ea8a127df3203411') in 0.0107196 seconds
Number of updated asset objects reloaded before import = 0Number of asset objects unloaded after import = 1

========================================================================
Received Import Request.
  Time since last request: 0.000205 seconds.
  path: Assets/AstarPathfindingProject/ExampleScenes/Example6_Navmesh/NavmeshExample.unity
  artifactKey: Guid(32536486e77cc4002ae78cd83c90bb2b) Importer(2089858483,b0f066a214c2f5e87bad3c948f4d605d)
Start importing Assets/AstarPathfindingProject/ExampleScenes/Example6_Navmesh/NavmeshExample.unity using Guid(32536486e77cc4002ae78cd83c90bb2b) Importer(2089858483,b0f066a214c2f5e87bad3c948f4d605d) (ScriptedImporter) -> (artifact id: '95458d6c6a1721a2cd169162736d48af') in 0.0130066 seconds
Number of updated asset objects reloaded before import = 0Number of asset objects unloaded after import = 1

========================================================================
Received Import Request.
  Time since last request: 0.000301 seconds.
  path: Assets/AstarPathfindingProject/Core/Serialization/SimpleJsonReplacement.cs
  artifactKey: Guid(f6973e76355ee420394e5f521d20e2cc) Importer(2089858483,b0f066a214c2f5e87bad3c948f4d605d)
Start importing Assets/AstarPathfindingProject/Core/Serialization/SimpleJsonReplacement.cs using Guid(f6973e76355ee420394e5f521d20e2cc) Importer(2089858483,b0f066a214c2f5e87bad3c948f4d605d) (ScriptedImporter) -> (artifact id: '9d83df5016e34a9e26f6f9d0a6945081') in 0.0083813 seconds
Number of updated asset objects reloaded before import = 0Number of asset objects unloaded after import = 0

========================================================================
Received Import Request.
  Time since last request: 0.000307 seconds.
  path: Assets/AstarPathfindingProject/ExampleScenes/ExampleScripts/MineBotAI.cs
  artifactKey: Guid(3f35b84b127b849e38b74966118e7e0f) Importer(2089858483,b0f066a214c2f5e87bad3c948f4d605d)
Start importing Assets/AstarPathfindingProject/ExampleScenes/ExampleScripts/MineBotAI.cs using Guid(3f35b84b127b849e38b74966118e7e0f) Importer(2089858483,b0f066a214c2f5e87bad3c948f4d605d) (ScriptedImporter) -> (artifact id: '32bf0979adfbf54143b4f8ed65b140bc') in 0.0075141 seconds
Number of updated asset objects reloaded before import = 0Number of asset objects unloaded after import = 0

========================================================================
Received Import Request.
  Time since last request: 0.000221 seconds.
  path: Assets/AstarPathfindingProject/Core/Nodes/GraphNode.cs
  artifactKey: Guid(a660e0d66fb3b49d19d438de51ac6744) Importer(2089858483,b0f066a214c2f5e87bad3c948f4d605d)
Start importing Assets/AstarPathfindingProject/Core/Nodes/GraphNode.cs using Guid(a660e0d66fb3b49d19d438de51ac6744) Importer(2089858483,b0f066a214c2f5e87bad3c948f4d605d) (ScriptedImporter) -> (artifact id: '5a18ca7d068188a9e20c775949dd3aed') in 0.0075954 seconds
Number of updated asset objects reloaded before import = 0Number of asset objects unloaded after import = 0

========================================================================
Received Import Request.
  Time since last request: 0.000281 seconds.
  path: Assets/AstarPathfindingProject/Core/Misc/PathPool.cs
  artifactKey: Guid(cefe1014ab62848a89016fb97b1f8f7b) Importer(2089858483,b0f066a214c2f5e87bad3c948f4d605d)
Start importing Assets/AstarPathfindingProject/Core/Misc/PathPool.cs using Guid(cefe1014ab62848a89016fb97b1f8f7b) Importer(2089858483,b0f066a214c2f5e87bad3c948f4d605d) (ScriptedImporter) -> (artifact id: '99617826505c1a0881d264c2d9a3d5a1') in 0.0082248 seconds
Number of updated asset objects reloaded before import = 0Number of asset objects unloaded after import = 0

========================================================================
Received Import Request.
  Time since last request: 0.000278 seconds.
  path: Assets/AstarPathfindingProject/ExampleScenes/Example12_Procedural/ProceduralPrefab1.prefab
  artifactKey: Guid(b11992e5e8afb4e63a1ccab9daf6f07c) Importer(2089858483,b0f066a214c2f5e87bad3c948f4d605d)
Start importing Assets/AstarPathfindingProject/ExampleScenes/Example12_Procedural/ProceduralPrefab1.prefab using Guid(b11992e5e8afb4e63a1ccab9daf6f07c) Importer(2089858483,b0f066a214c2f5e87bad3c948f4d605d) (ScriptedImporter) -> (artifact id: '1da7594b11dcd7694b0eaf1c22c67b67') in 0.0161034 seconds
Number of updated asset objects reloaded before import = 0Number of asset objects unloaded after import = 10

========================================================================
Received Import Request.
  Time since last request: 0.000048 seconds.
  path: Assets/AstarPathfindingProject/ExampleScenes/Prefabs/TargetReachedEffect.prefab
  artifactKey: Guid(441e67a4721e749f0bca9581956f2729) Importer(2089858483,b0f066a214c2f5e87bad3c948f4d605d)
Start importing Assets/AstarPathfindingProject/ExampleScenes/Prefabs/TargetReachedEffect.prefab using Guid(441e67a4721e749f0bca9581956f2729) Importer(2089858483,b0f066a214c2f5e87bad3c948f4d605d) (ScriptedImporter) -> (artifact id: '465c7f6ee8d614190d00b6a640171d0d') in 0.0094856 seconds
Number of updated asset objects reloaded before import = 0Number of asset objects unloaded after import = 4

========================================================================
Received Import Request.
  Time since last request: 0.000055 seconds.
  path: Assets/AstarPathfindingProject/Core/Serialization/JsonConverters.cs
  artifactKey: Guid(e736879b230a341c59bfcaed0bec3ac3) Importer(2089858483,b0f066a214c2f5e87bad3c948f4d605d)
Start importing Assets/AstarPathfindingProject/Core/Serialization/JsonConverters.cs using Guid(e736879b230a341c59bfcaed0bec3ac3) Importer(2089858483,b0f066a214c2f5e87bad3c948f4d605d) (ScriptedImporter) -> (artifact id: 'e42c33963e988772cc713d5dc5d88211') in 0.010101 seconds
Number of updated asset objects reloaded before import = 0Number of asset objects unloaded after import = 0

========================================================================
Received Import Request.
  Time since last request: 0.000317 seconds.
  path: Assets/AstarPathfindingProject/ExampleScenes/Materials/Door.mat
  artifactKey: Guid(863174fbef875425ca78e4c949f12318) Importer(2089858483,b0f066a214c2f5e87bad3c948f4d605d)
Start importing Assets/AstarPathfindingProject/ExampleScenes/Materials/Door.mat using Guid(863174fbef875425ca78e4c949f12318) Importer(2089858483,b0f066a214c2f5e87bad3c948f4d605d) (ScriptedImporter) -> (artifact id: '493ef07d08e6afe40218184910a8e8c0') in 0.0832307 seconds
Number of updated asset objects reloaded before import = 0Number of asset objects unloaded after import = 1

========================================================================
Received Import Request.
  Time since last request: 0.000210 seconds.
  path: Assets/AstarPathfindingProject/ExampleScenes/Example5_PointGraph/PointGraphExample.unity
  artifactKey: Guid(1cd57dbb745d9402f97fa830e41cd128) Importer(2089858483,b0f066a214c2f5e87bad3c948f4d605d)
Start importing Assets/AstarPathfindingProject/ExampleScenes/Example5_PointGraph/PointGraphExample.unity using Guid(1cd57dbb745d9402f97fa830e41cd128) Importer(2089858483,b0f066a214c2f5e87bad3c948f4d605d) (ScriptedImporter) -> (artifact id: 'e2b4fccc6acf1670a956773ddbf9929d') in 0.0179613 seconds
Number of updated asset objects reloaded before import = 0Number of asset objects unloaded after import = 1

========================================================================
Received Import Request.
  Time since last request: 0.000200 seconds.
  path: Assets/AstarPathfindingProject/ExampleScenes/Materials/AI.mat
  artifactKey: Guid(db55ebdb9473a4a80a0037f64aafccce) Importer(2089858483,b0f066a214c2f5e87bad3c948f4d605d)
Start importing Assets/AstarPathfindingProject/ExampleScenes/Materials/AI.mat using Guid(db55ebdb9473a4a80a0037f64aafccce) Importer(2089858483,b0f066a214c2f5e87bad3c948f4d605d) (ScriptedImporter) -> (artifact id: '6e2e3e76dbf731a8d0d617d6fceafd1c') in 0.0126923 seconds
Number of updated asset objects reloaded before import = 0Number of asset objects unloaded after import = 1

========================================================================
Received Import Request.
  Time since last request: 0.000285 seconds.
  path: Assets/AstarPathfindingProject/Core/Serialization/SimpleZipReplacement.cs
  artifactKey: Guid(e4ab3c0aea7564a9c9af3bf72ed95858) Importer(2089858483,b0f066a214c2f5e87bad3c948f4d605d)
Start importing Assets/AstarPathfindingProject/Core/Serialization/SimpleZipReplacement.cs using Guid(e4ab3c0aea7564a9c9af3bf72ed95858) Importer(2089858483,b0f066a214c2f5e87bad3c948f4d605d) (ScriptedImporter) -> (artifact id: 'b0703597367b57cdf56e9e43f7642136') in 0.0091149 seconds
Number of updated asset objects reloaded before import = 0Number of asset objects unloaded after import = 0

========================================================================
Received Import Request.
  Time since last request: 0.000244 seconds.
  path: Assets/AstarPathfindingProject/ExampleScenes/Example12_Procedural/Procedural.unity
  artifactKey: Guid(9df9f020877fb4842b75396ddf708b69) Importer(2089858483,b0f066a214c2f5e87bad3c948f4d605d)
Start importing Assets/AstarPathfindingProject/ExampleScenes/Example12_Procedural/Procedural.unity using Guid(9df9f020877fb4842b75396ddf708b69) Importer(2089858483,b0f066a214c2f5e87bad3c948f4d605d) (ScriptedImporter) -> (artifact id: '8164a72212215b380444f2252025101c') in 0.0178527 seconds
Number of updated asset objects reloaded before import = 0Number of asset objects unloaded after import = 1

========================================================================
Received Import Request.
  Time since last request: 0.000170 seconds.
  path: Assets/AstarPathfindingProject/ExampleScenes/Example12_Procedural/cylinder.fbx
  artifactKey: Guid(436b69414b04047fca3929c70df57c4f) Importer(2089858483,b0f066a214c2f5e87bad3c948f4d605d)
Start importing Assets/AstarPathfindingProject/ExampleScenes/Example12_Procedural/cylinder.fbx using Guid(436b69414b04047fca3929c70df57c4f) Importer(2089858483,b0f066a214c2f5e87bad3c948f4d605d) (ScriptedImporter) -> (artifact id: '0175d8f44c102152ed156bdff4064616') in 0.0351174 seconds
Number of updated asset objects reloaded before import = 0Number of asset objects unloaded after import = 10

========================================================================
Received Import Request.
  Time since last request: 0.000038 seconds.
  path: Assets/AstarPathfindingProject/ExampleScenes/Example5_PointGraph/ground.psd
  artifactKey: Guid(b0749c40ee03a46eaa0401867a08b963) Importer(2089858483,b0f066a214c2f5e87bad3c948f4d605d)
Start importing Assets/AstarPathfindingProject/ExampleScenes/Example5_PointGraph/ground.psd using Guid(b0749c40ee03a46eaa0401867a08b963) Importer(2089858483,b0f066a214c2f5e87bad3c948f4d605d) (ScriptedImporter) -> (artifact id: '218574f4e19a625378f5e509d27e8e9d') in 0.0200756 seconds
Number of updated asset objects reloaded before import = 0Number of asset objects unloaded after import = 1

========================================================================
Received Import Request.
  Time since last request: 0.000241 seconds.
  path: Assets/AstarPathfindingProject/Core/Misc/HierarchicalGraph.cs
  artifactKey: Guid(aa5d6e4a6adb04d4ca9b7e735addcbd5) Importer(2089858483,b0f066a214c2f5e87bad3c948f4d605d)
Start importing Assets/AstarPathfindingProject/Core/Misc/HierarchicalGraph.cs using Guid(aa5d6e4a6adb04d4ca9b7e735addcbd5) Importer(2089858483,b0f066a214c2f5e87bad3c948f4d605d) (ScriptedImporter) -> (artifact id: '9cee19925c3e014eafdc68632f873335') in 0.0090438 seconds
Number of updated asset objects reloaded before import = 0Number of asset objects unloaded after import = 0

========================================================================
Received Import Request.
  Time since last request: 0.000214 seconds.
  path: Assets/AstarPathfindingProject/Editor/EditorAssets/pixelBox.png
  artifactKey: Guid(bdec0523f27864115b7b727c8f5d90e2) Importer(2089858483,b0f066a214c2f5e87bad3c948f4d605d)
Start importing Assets/AstarPathfindingProject/Editor/EditorAssets/pixelBox.png using Guid(bdec0523f27864115b7b727c8f5d90e2) Importer(2089858483,b0f066a214c2f5e87bad3c948f4d605d) (ScriptedImporter) -> (artifact id: '95b5f8e6d70f1982d6e53835ed3e4094') in 0.0224895 seconds
Number of updated asset objects reloaded before import = 0Number of asset objects unloaded after import = 1

========================================================================
Received Import Request.
  Time since last request: 0.000198 seconds.
  path: Assets/AstarPathfindingProject/Editor/EditorAssets/pixelBox2.png
  artifactKey: Guid(2fa6580cc9f7f40919411d1ed85c6fe1) Importer(2089858483,b0f066a214c2f5e87bad3c948f4d605d)
Start importing Assets/AstarPathfindingProject/Editor/EditorAssets/pixelBox2.png using Guid(2fa6580cc9f7f40919411d1ed85c6fe1) Importer(2089858483,b0f066a214c2f5e87bad3c948f4d605d) (ScriptedImporter) -> (artifact id: '0c9bd481082702947d11270e148ba6e3') in 0.0214233 seconds
Number of updated asset objects reloaded before import = 0Number of asset objects unloaded after import = 1

========================================================================
Received Import Request.
  Time since last request: 0.005529 seconds.
  path: Assets/AstarPathfindingProject/Generators/Utilities/GridLookup.cs
  artifactKey: Guid(7b09e5cbe5d4644c2b4ed9eed14cc13a) Importer(2089858483,b0f066a214c2f5e87bad3c948f4d605d)
Start importing Assets/AstarPathfindingProject/Generators/Utilities/GridLookup.cs using Guid(7b09e5cbe5d4644c2b4ed9eed14cc13a) Importer(2089858483,b0f066a214c2f5e87bad3c948f4d605d) (ScriptedImporter) -> (artifact id: '5ff2360ebe9b1b9e20993f801ad10247') in 0.0101719 seconds
Number of updated asset objects reloaded before import = 0Number of asset objects unloaded after import = 0

========================================================================
Received Import Request.
  Time since last request: 0.000138 seconds.
  path: Assets/TextMesh Pro/Examples & Extras/Scripts/Benchmark01.cs
  artifactKey: Guid(f970ea55f9f84bf79b05dab180b8c125) Importer(2089858483,b0f066a214c2f5e87bad3c948f4d605d)
Start importing Assets/TextMesh Pro/Examples & Extras/Scripts/Benchmark01.cs using Guid(f970ea55f9f84bf79b05dab180b8c125) Importer(2089858483,b0f066a214c2f5e87bad3c948f4d605d) (ScriptedImporter) -> (artifact id: '44f6489e9324194dc83516386d13dd02') in 0.0089026 seconds
Number of updated asset objects reloaded before import = 0Number of asset objects unloaded after import = 0

========================================================================
Received Import Request.
  Time since last request: 0.000339 seconds.
  path: Assets/TextMesh Pro/Examples & Extras/Textures/Brushed Metal 3.jpg
  artifactKey: Guid(f88677df267a41d6be1e7a6133e7d227) Importer(2089858483,b0f066a214c2f5e87bad3c948f4d605d)
Start importing Assets/TextMesh Pro/Examples & Extras/Textures/Brushed Metal 3.jpg using Guid(f88677df267a41d6be1e7a6133e7d227) Importer(2089858483,b0f066a214c2f5e87bad3c948f4d605d) (ScriptedImporter) -> (artifact id: '943a0dae57473ab3cf8f44fdf077c644') in 0.0217395 seconds
Number of updated asset objects reloaded before import = 0Number of asset objects unloaded after import = 1

========================================================================
Received Import Request.
  Time since last request: 0.000175 seconds.
  path: Assets/AstarPathfindingProject/Editor/EditorAssets/DarkSkin/lock_closed@1x.png
  artifactKey: Guid(aaae516f9c5404f77a3e586cdd59695b) Importer(2089858483,b0f066a214c2f5e87bad3c948f4d605d)
Start importing Assets/AstarPathfindingProject/Editor/EditorAssets/DarkSkin/lock_closed@1x.png using Guid(aaae516f9c5404f77a3e586cdd59695b) Importer(2089858483,b0f066a214c2f5e87bad3c948f4d605d) (ScriptedImporter) -> (artifact id: '95aea5db74e120fc1c6c3ec2dd9d72b1') in 0.0173087 seconds
Number of updated asset objects reloaded before import = 0Number of asset objects unloaded after import = 1

========================================================================
Received Import Request.
  Time since last request: 0.000184 seconds.
  path: Assets/TextMesh Pro/Examples & Extras/Scripts/DropdownSample.cs
  artifactKey: Guid(ac1eb05af6d391b4eb0f4c070a99f1d0) Importer(2089858483,b0f066a214c2f5e87bad3c948f4d605d)
Start importing Assets/TextMesh Pro/Examples & Extras/Scripts/DropdownSample.cs using Guid(ac1eb05af6d391b4eb0f4c070a99f1d0) Importer(2089858483,b0f066a214c2f5e87bad3c948f4d605d) (ScriptedImporter) -> (artifact id: '4c52adce49bdd90f006c2944662b6b72') in 0.0087355 seconds
Number of updated asset objects reloaded before import = 0Number of asset objects unloaded after import = 0

========================================================================
Received Import Request.
  Time since last request: 0.000237 seconds.
  path: Assets/TextMesh Pro/Examples & Extras/Textures/Small Crate_normal.jpg
  artifactKey: Guid(8878a782f4334ecbbcf683b3ac780966) Importer(2089858483,b0f066a214c2f5e87bad3c948f4d605d)
Start importing Assets/TextMesh Pro/Examples & Extras/Textures/Small Crate_normal.jpg using Guid(8878a782f4334ecbbcf683b3ac780966) Importer(2089858483,b0f066a214c2f5e87bad3c948f4d605d) (ScriptedImporter) -> (artifact id: 'cf6211d5299e85fdff2885ca554a9c26') in 0.0240258 seconds
Number of updated asset objects reloaded before import = 0Number of asset objects unloaded after import = 1

========================================================================
Received Import Request.
  Time since last request: 0.000171 seconds.
  path: Assets/TextMesh Pro/Examples & Extras/Scripts/ShaderPropAnimator.cs
  artifactKey: Guid(2787a46a4dc848c1b4b7b9307b614bfd) Importer(2089858483,b0f066a214c2f5e87bad3c948f4d605d)
Start importing Assets/TextMesh Pro/Examples & Extras/Scripts/ShaderPropAnimator.cs using Guid(2787a46a4dc848c1b4b7b9307b614bfd) Importer(2089858483,b0f066a214c2f5e87bad3c948f4d605d) (ScriptedImporter) -> (artifact id: 'b88ed7e09fae992c33bbe14971a5f53d') in 0.0081547 seconds
Number of updated asset objects reloaded before import = 0Number of asset objects unloaded after import = 0

========================================================================
Received Import Request.
  Time since last request: 0.000280 seconds.
  path: Assets/TextMesh Pro/Examples & Extras/Prefabs/TextMeshPro - Prefab 1.prefab
  artifactKey: Guid(a6e39ced0ea046bcb636c3f0b2e2a745) Importer(2089858483,b0f066a214c2f5e87bad3c948f4d605d)
Start importing Assets/TextMesh Pro/Examples & Extras/Prefabs/TextMeshPro - Prefab 1.prefab using Guid(a6e39ced0ea046bcb636c3f0b2e2a745) Importer(2089858483,b0f066a214c2f5e87bad3c948f4d605d) (ScriptedImporter) -> (artifact id: 'fac9ee7e58ee57496f39c02f898b6c2f') in 0.2423575 seconds
Number of updated asset objects reloaded before import = 0Number of asset objects unloaded after import = 16

========================================================================
Received Import Request.
  Time since last request: 0.000061 seconds.
  path: Assets/TextMesh Pro/Examples & Extras/Textures/Floor Cement.jpg
  artifactKey: Guid(283f897e4925411ebbaa758b4cb13fc2) Importer(2089858483,b0f066a214c2f5e87bad3c948f4d605d)
Start importing Assets/TextMesh Pro/Examples & Extras/Textures/Floor Cement.jpg using Guid(283f897e4925411ebbaa758b4cb13fc2) Importer(2089858483,b0f066a214c2f5e87bad3c948f4d605d) (ScriptedImporter) -> (artifact id: '4ded7904e2d9d4101d88a9b36a9ea68a') in 0.0209094 seconds
Number of updated asset objects reloaded before import = 0Number of asset objects unloaded after import = 1

========================================================================
Received Import Request.
  Time since last request: 0.000142 seconds.
  path: Assets/TextMesh Pro/Examples & Extras/Scripts/TeleType.cs
  artifactKey: Guid(e32c266ee6204b21a427753cb0694c81) Importer(2089858483,b0f066a214c2f5e87bad3c948f4d605d)
Start importing Assets/TextMesh Pro/Examples & Extras/Scripts/TeleType.cs using Guid(e32c266ee6204b21a427753cb0694c81) Importer(2089858483,b0f066a214c2f5e87bad3c948f4d605d) (ScriptedImporter) -> (artifact id: '13551be1ab04c05c34af8e57276fc761') in 0.0064196 seconds
Number of updated asset objects reloaded before import = 0Number of asset objects unloaded after import = 0

========================================================================
Received Import Request.
  Time since last request: 0.000176 seconds.
  path: Assets/TextMesh Pro/Resources/Fonts & Materials/LiberationSans SDF - Drop Shadow.mat
  artifactKey: Guid(e73a58f6e2794ae7b1b7e50b7fb811b0) Importer(2089858483,b0f066a214c2f5e87bad3c948f4d605d)
Start importing Assets/TextMesh Pro/Resources/Fonts & Materials/LiberationSans SDF - Drop Shadow.mat using Guid(e73a58f6e2794ae7b1b7e50b7fb811b0) Importer(2089858483,b0f066a214c2f5e87bad3c948f4d605d) (ScriptedImporter) -> (artifact id: '27e8e06123ef6264713dd1f3bddd1afa') in 0.028592 seconds
Number of updated asset objects reloaded before import = 0Number of asset objects unloaded after import = 2

========================================================================
Received Import Request.
  Time since last request: 0.000046 seconds.
  path: Assets/AstarPathfindingProject/Editor/EditorAssets/DarkSkin/gizmoButton_on@1x.png
  artifactKey: Guid(54ad5f6eb8a9349568e58cd1204388a2) Importer(2089858483,b0f066a214c2f5e87bad3c948f4d605d)
Start importing Assets/AstarPathfindingProject/Editor/EditorAssets/DarkSkin/gizmoButton_on@1x.png using Guid(54ad5f6eb8a9349568e58cd1204388a2) Importer(2089858483,b0f066a214c2f5e87bad3c948f4d605d) (ScriptedImporter) -> (artifact id: '380938100826dcbff8bcade16824594b') in 0.0228237 seconds
Number of updated asset objects reloaded before import = 0Number of asset objects unloaded after import = 1

========================================================================
Received Import Request.
  Time since last request: 0.000092 seconds.
  path: Assets/TextMesh Pro/Examples & Extras/Scenes/Benchmark (Floating Text).unity
  artifactKey: Guid(16177da2e3254cee91944756d5f8ddd3) Importer(2089858483,b0f066a214c2f5e87bad3c948f4d605d)
Start importing Assets/TextMesh Pro/Examples & Extras/Scenes/Benchmark (Floating Text).unity using Guid(16177da2e3254cee91944756d5f8ddd3) Importer(2089858483,b0f066a214c2f5e87bad3c948f4d605d) (ScriptedImporter) -> (artifact id: '7305658cb99bf8450dc532d2fccfe7be') in 0.0096701 seconds
Number of updated asset objects reloaded before import = 0Number of asset objects unloaded after import = 1

========================================================================
Received Import Request.
  Time since last request: 0.000106 seconds.
  path: Assets/AstarPathfindingProject/Editor/EditorAssets/DarkSkin/infoButton_active@2x.png
  artifactKey: Guid(9b266e42522c048f6b62832985be51ed) Importer(2089858483,b0f066a214c2f5e87bad3c948f4d605d)
Start importing Assets/AstarPathfindingProject/Editor/EditorAssets/DarkSkin/infoButton_active@2x.png using Guid(9b266e42522c048f6b62832985be51ed) Importer(2089858483,b0f066a214c2f5e87bad3c948f4d605d) (ScriptedImporter) -> (artifact id: '59536779475e6032a93c04a3f3d3bcba') in 0.0204512 seconds
Number of updated asset objects reloaded before import = 0Number of asset objects unloaded after import = 1

========================================================================
Received Import Request.
  Time since last request: 0.000171 seconds.
  path: Assets/TextMesh Pro/Examples & Extras/Scripts/ChatController.cs
  artifactKey: Guid(53d91f98a2664f5cb9af11de72ac54ec) Importer(2089858483,b0f066a214c2f5e87bad3c948f4d605d)
Start importing Assets/TextMesh Pro/Examples & Extras/Scripts/ChatController.cs using Guid(53d91f98a2664f5cb9af11de72ac54ec) Importer(2089858483,b0f066a214c2f5e87bad3c948f4d605d) (ScriptedImporter) -> (artifact id: 'b9fdbe25ad3429f0fada0c6cfa95c3b3') in 0.0067807 seconds
Number of updated asset objects reloaded before import = 0Number of asset objects unloaded after import = 0

========================================================================
Received Import Request.
  Time since last request: 0.000206 seconds.
  path: Assets/TextMesh Pro/Examples & Extras/Scripts/TMP_TextEventHandler.cs
  artifactKey: Guid(1312ae25639a4bae8e25ae223209cc50) Importer(2089858483,b0f066a214c2f5e87bad3c948f4d605d)
Start importing Assets/TextMesh Pro/Examples & Extras/Scripts/TMP_TextEventHandler.cs using Guid(1312ae25639a4bae8e25ae223209cc50) Importer(2089858483,b0f066a214c2f5e87bad3c948f4d605d) (ScriptedImporter) -> (artifact id: '4b915affce51bd6e0b636b5cfc8b7f79') in 0.0083244 seconds
Number of updated asset objects reloaded before import = 0Number of asset objects unloaded after import = 0

========================================================================
Received Import Request.
  Time since last request: 0.000167 seconds.
  path: Assets/TextMesh Pro/Examples & Extras/Scenes/13 - Soft Hyphenation.unity
  artifactKey: Guid(875684baf40f4d008ce806d03e2a81b2) Importer(2089858483,b0f066a214c2f5e87bad3c948f4d605d)
Start importing Assets/TextMesh Pro/Examples & Extras/Scenes/13 - Soft Hyphenation.unity using Guid(875684baf40f4d008ce806d03e2a81b2) Importer(2089858483,b0f066a214c2f5e87bad3c948f4d605d) (ScriptedImporter) -> (artifact id: '1eeef11fc99787f5fce97eae0f885a11') in 0.008359 seconds
Number of updated asset objects reloaded before import = 0Number of asset objects unloaded after import = 1

========================================================================
Received Import Request.
  Time since last request: 0.000171 seconds.
  path: Assets/TextMesh Pro/Examples & Extras/Scripts/TMPro_InstructionOverlay.cs
  artifactKey: Guid(c3c1afeda5e545e0b19add5373896d2e) Importer(2089858483,b0f066a214c2f5e87bad3c948f4d605d)
Start importing Assets/TextMesh Pro/Examples & Extras/Scripts/TMPro_InstructionOverlay.cs using Guid(c3c1afeda5e545e0b19add5373896d2e) Importer(2089858483,b0f066a214c2f5e87bad3c948f4d605d) (ScriptedImporter) -> (artifact id: 'ea675983351710bfbddc8819e55e4bb0') in 0.0077444 seconds
Number of updated asset objects reloaded before import = 0Number of asset objects unloaded after import = 0

========================================================================
Received Import Request.
  Time since last request: 0.000210 seconds.
  path: Assets/TextMesh Pro/Examples & Extras/Scenes/07 - Superscript & Subscript Example.unity
  artifactKey: Guid(03ec435d4b7140e9b2d87f79136d8374) Importer(2089858483,b0f066a214c2f5e87bad3c948f4d605d)
Start importing Assets/TextMesh Pro/Examples & Extras/Scenes/07 - Superscript & Subscript Example.unity using Guid(03ec435d4b7140e9b2d87f79136d8374) Importer(2089858483,b0f066a214c2f5e87bad3c948f4d605d) (ScriptedImporter) -> (artifact id: 'fd68bbef9311c476b045c8a5f73dcf67') in 0.0096624 seconds
Number of updated asset objects reloaded before import = 0Number of asset objects unloaded after import = 1

========================================================================
Received Import Request.
  Time since last request: 0.000319 seconds.
  path: Assets/TextMesh Pro/Examples & Extras/Scenes/24 - Surface Shader Example.unity
  artifactKey: Guid(8c4969fd8ba94a68b07cf11f3e7a5137) Importer(2089858483,b0f066a214c2f5e87bad3c948f4d605d)
Start importing Assets/TextMesh Pro/Examples & Extras/Scenes/24 - Surface Shader Example.unity using Guid(8c4969fd8ba94a68b07cf11f3e7a5137) Importer(2089858483,b0f066a214c2f5e87bad3c948f4d605d) (ScriptedImporter) -> (artifact id: '58e8feec048f0cded2ccbff890c7413f') in 0.0117236 seconds
Number of updated asset objects reloaded before import = 0Number of asset objects unloaded after import = 1

========================================================================
Received Import Request.
  Time since last request: 0.000226 seconds.
  path: Assets/TextMesh Pro/Examples & Extras/Scenes/15 - Inline Graphics & Sprites.unity
  artifactKey: Guid(e76e6c0f81964cbda3fe0b7d26ed8060) Importer(2089858483,b0f066a214c2f5e87bad3c948f4d605d)
Start importing Assets/TextMesh Pro/Examples & Extras/Scenes/15 - Inline Graphics & Sprites.unity using Guid(e76e6c0f81964cbda3fe0b7d26ed8060) Importer(2089858483,b0f066a214c2f5e87bad3c948f4d605d) (ScriptedImporter) -> (artifact id: 'e4be462cd57a1a364784d9a4800f89da') in 0.0087471 seconds
Number of updated asset objects reloaded before import = 0Number of asset objects unloaded after import = 1

========================================================================
Received Import Request.
  Time since last request: 0.000112 seconds.
  path: Assets/AstarPathfindingProject/Editor/EditorAssets/images/upDownButtons_02.png
  artifactKey: Guid(c7970d065c27b4d7c9ac2ff73b61733e) Importer(2089858483,b0f066a214c2f5e87bad3c948f4d605d)
Start importing Assets/AstarPathfindingProject/Editor/EditorAssets/images/upDownButtons_02.png using Guid(c7970d065c27b4d7c9ac2ff73b61733e) Importer(2089858483,b0f066a214c2f5e87bad3c948f4d605d) (ScriptedImporter) -> (artifact id: '84d4b50e4f2f6ccd88d45061f842062b') in 0.0194259 seconds
Number of updated asset objects reloaded before import = 0Number of asset objects unloaded after import = 1

========================================================================
Received Import Request.
  Time since last request: 0.000399 seconds.
  path: Assets/AstarPathfindingProject/Editor/EditorAssets/Materials/Navmesh.cginc
  artifactKey: Guid(1b135520270114849b121a628fe61ba8) Importer(2089858483,b0f066a214c2f5e87bad3c948f4d605d)
Start importing Assets/AstarPathfindingProject/Editor/EditorAssets/Materials/Navmesh.cginc using Guid(1b135520270114849b121a628fe61ba8) Importer(2089858483,b0f066a214c2f5e87bad3c948f4d605d) (ScriptedImporter) -> (artifact id: '0b04f7f5333d1f83dd2530a77b785b4b') in 0.0076424 seconds
Number of updated asset objects reloaded before import = 0Number of asset objects unloaded after import = 1

========================================================================
Received Import Request.
  Time since last request: 0.000226 seconds.
  path: Assets/AstarPathfindingProject/ExampleScenes/Prefabs/MineBot/mine_bot@forward.FBX
  artifactKey: Guid(1da85f72a7a82bc4eabdbd8f0683bde2) Importer(2089858483,b0f066a214c2f5e87bad3c948f4d605d)
Start importing Assets/AstarPathfindingProject/ExampleScenes/Prefabs/MineBot/mine_bot@forward.FBX using Guid(1da85f72a7a82bc4eabdbd8f0683bde2) Importer(2089858483,b0f066a214c2f5e87bad3c948f4d605d) (ScriptedImporter) -> (artifact id: '02b495d9d3b0caa92309fddd059c6791') in 0.0406993 seconds
Number of updated asset objects reloaded before import = 0Number of asset objects unloaded after import = 57

========================================================================
Received Import Request.
  Time since last request: 0.000052 seconds.
  path: Assets/TextMesh Pro/Examples & Extras/Resources/Color Gradient Presets/Dark to Light Green - Vertical.asset
  artifactKey: Guid(4c86a3366cd840348ebe8dc438570ee4) Importer(2089858483,b0f066a214c2f5e87bad3c948f4d605d)
Start importing Assets/TextMesh Pro/Examples & Extras/Resources/Color Gradient Presets/Dark to Light Green - Vertical.asset using Guid(4c86a3366cd840348ebe8dc438570ee4) Importer(2089858483,b0f066a214c2f5e87bad3c948f4d605d) (ScriptedImporter) -> (artifact id: 'f841f5d4be49e628afb31388d88423b6') in 0.012521 seconds
Number of updated asset objects reloaded before import = 0Number of asset objects unloaded after import = 1

========================================================================
Received Import Request.
  Time since last request: 0.000170 seconds.
  path: Assets/TextMesh Pro/Examples & Extras/Resources/Fonts & Materials/Anton SDF - Drop Shadow.mat
  artifactKey: Guid(749b9069dc4742c5bfa5c74644049926) Importer(2089858483,b0f066a214c2f5e87bad3c948f4d605d)
Start importing Assets/TextMesh Pro/Examples & Extras/Resources/Fonts & Materials/Anton SDF - Drop Shadow.mat using Guid(749b9069dc4742c5bfa5c74644049926) Importer(2089858483,b0f066a214c2f5e87bad3c948f4d605d) (ScriptedImporter) -> (artifact id: '44b78bdcc62449cdcb1753b14aa248f7') in 0.0116448 seconds
Number of updated asset objects reloaded before import = 0Number of asset objects unloaded after import = 2

========================================================================
Received Import Request.
  Time since last request: 0.000070 seconds.
  path: Assets/AstarPathfindingProject/Editor/EditorAssets/DarkSkin/pixelBox2.png
  artifactKey: Guid(5d951d0a838a34f40ac2b9ce8968a7d6) Importer(2089858483,b0f066a214c2f5e87bad3c948f4d605d)
Start importing Assets/AstarPathfindingProject/Editor/EditorAssets/DarkSkin/pixelBox2.png using Guid(5d951d0a838a34f40ac2b9ce8968a7d6) Importer(2089858483,b0f066a214c2f5e87bad3c948f4d605d) (ScriptedImporter) -> (artifact id: '75660b64de349894add77a3dab275b39') in 0.0206848 seconds
Number of updated asset objects reloaded before import = 0Number of asset objects unloaded after import = 1

========================================================================
Received Import Request.
  Time since last request: 0.000108 seconds.
  path: Assets/TextMesh Pro/Examples & Extras/Resources/Color Gradient Presets/Light to Dark Green - Vertical.asset
  artifactKey: Guid(5cf8ae092ca54931b443bec5148f3c59) Importer(2089858483,b0f066a214c2f5e87bad3c948f4d605d)
Start importing Assets/TextMesh Pro/Examples & Extras/Resources/Color Gradient Presets/Light to Dark Green - Vertical.asset using Guid(5cf8ae092ca54931b443bec5148f3c59) Importer(2089858483,b0f066a214c2f5e87bad3c948f4d605d) (ScriptedImporter) -> (artifact id: '1ee44d929fae64c9f2c874fc264746bb') in 0.0107737 seconds
Number of updated asset objects reloaded before import = 0Number of asset objects unloaded after import = 1

========================================================================
Received Import Request.
  Time since last request: 0.000130 seconds.
  path: Assets/AstarPathfindingProject/Editor/EditorAssets/DarkSkin/lock_open@2x.png
  artifactKey: Guid(957d0fd6ae3494da9aed50c5d7d7ce4e) Importer(2089858483,b0f066a214c2f5e87bad3c948f4d605d)
Start importing Assets/AstarPathfindingProject/Editor/EditorAssets/DarkSkin/lock_open@2x.png using Guid(957d0fd6ae3494da9aed50c5d7d7ce4e) Importer(2089858483,b0f066a214c2f5e87bad3c948f4d605d) (ScriptedImporter) -> (artifact id: '094d57cebb4d640c43a75daefe67a9b1') in 0.0198374 seconds
Number of updated asset objects reloaded before import = 0Number of asset objects unloaded after import = 1

========================================================================
Received Import Request.
  Time since last request: 0.000098 seconds.
  path: Assets/TextMesh Pro/Examples & Extras/Scenes/01-  Single Line TextMesh Pro.unity
  artifactKey: Guid(2ac8cf212df6445e8aebbe3cb832e993) Importer(2089858483,b0f066a214c2f5e87bad3c948f4d605d)
Start importing Assets/TextMesh Pro/Examples & Extras/Scenes/01-  Single Line TextMesh Pro.unity using Guid(2ac8cf212df6445e8aebbe3cb832e993) Importer(2089858483,b0f066a214c2f5e87bad3c948f4d605d) (ScriptedImporter) -> (artifact id: 'adc66750cb4e09b1a9500db6b5b72c87') in 0.0095506 seconds
Number of updated asset objects reloaded before import = 0Number of asset objects unloaded after import = 1

========================================================================
Received Import Request.
  Time since last request: 0.000168 seconds.
  path: Assets/AstarPathfindingProject/PackageTools/Editor/EditorGUIx.cs
  artifactKey: Guid(2b6b4977544da4af3a4fe9e895fb6888) Importer(2089858483,b0f066a214c2f5e87bad3c948f4d605d)
Start importing Assets/AstarPathfindingProject/PackageTools/Editor/EditorGUIx.cs using Guid(2b6b4977544da4af3a4fe9e895fb6888) Importer(2089858483,b0f066a214c2f5e87bad3c948f4d605d) (ScriptedImporter) -> (artifact id: '700539a9b457fc4ba25f5aef88be3bfb') in 0.0081297 seconds
Number of updated asset objects reloaded before import = 0Number of asset objects unloaded after import = 0

========================================================================
Received Import Request.
  Time since last request: 0.000221 seconds.
  path: Assets/TextMesh Pro/Examples & Extras/Textures/Small Crate_diffuse.jpg
  artifactKey: Guid(602cb87b6a29443b8636370ea0751574) Importer(2089858483,b0f066a214c2f5e87bad3c948f4d605d)
Start importing Assets/TextMesh Pro/Examples & Extras/Textures/Small Crate_diffuse.jpg using Guid(602cb87b6a29443b8636370ea0751574) Importer(2089858483,b0f066a214c2f5e87bad3c948f4d605d) (ScriptedImporter) -> (artifact id: '0407a33024b9b4bf892986dee2bc7a35') in 0.0179336 seconds
Number of updated asset objects reloaded before import = 0Number of asset objects unloaded after import = 1

========================================================================
Received Import Request.
  Time since last request: 0.000096 seconds.
  path: Assets/AstarPathfindingProject/Editor/EditorAssets/DarkSkin/lock_open@1x.png
  artifactKey: Guid(c43744025f7024e20b5fe880600d19a7) Importer(2089858483,b0f066a214c2f5e87bad3c948f4d605d)
Start importing Assets/AstarPathfindingProject/Editor/EditorAssets/DarkSkin/lock_open@1x.png using Guid(c43744025f7024e20b5fe880600d19a7) Importer(2089858483,b0f066a214c2f5e87bad3c948f4d605d) (ScriptedImporter) -> (artifact id: '913062e9bad882f9372acc7035f234af') in 0.0247879 seconds
Number of updated asset objects reloaded before import = 0Number of asset objects unloaded after import = 1

========================================================================
Received Import Request.
  Time since last request: 0.000084 seconds.
  path: Assets/TextMesh Pro/Examples & Extras/Fonts/Oswald-Bold - OFL.txt
  artifactKey: Guid(d2cf87a8a7a94aa8b80dff1c807c1178) Importer(2089858483,b0f066a214c2f5e87bad3c948f4d605d)
Start importing Assets/TextMesh Pro/Examples & Extras/Fonts/Oswald-Bold - OFL.txt using Guid(d2cf87a8a7a94aa8b80dff1c807c1178) Importer(2089858483,b0f066a214c2f5e87bad3c948f4d605d) (ScriptedImporter) -> (artifact id: '8e4097f50f79208479ad7ded7cf7ba7e') in 0.0077712 seconds
Number of updated asset objects reloaded before import = 0Number of asset objects unloaded after import = 1

========================================================================
Received Import Request.
  Time since last request: 0.000097 seconds.
  path: Assets/AstarPathfindingProject/Editor/EditorAssets/LightSkin/lock_closed@2x.png
  artifactKey: Guid(7b229d059f89d49918aec1466c0c5819) Importer(2089858483,b0f066a214c2f5e87bad3c948f4d605d)
Start importing Assets/AstarPathfindingProject/Editor/EditorAssets/LightSkin/lock_closed@2x.png using Guid(7b229d059f89d49918aec1466c0c5819) Importer(2089858483,b0f066a214c2f5e87bad3c948f4d605d) (ScriptedImporter) -> (artifact id: '573b39a58c7cd4a578c20b9292bf4df8') in 0.0181097 seconds
Number of updated asset objects reloaded before import = 0Number of asset objects unloaded after import = 1

========================================================================
Received Import Request.
  Time since last request: 0.000300 seconds.
  path: Assets/AstarPathfindingProject/Editor/EditorAssets/DarkSkin/hex_diameter@1x.png
  artifactKey: Guid(aec40eb6c450c4bdea484100ff9fb9a4) Importer(2089858483,b0f066a214c2f5e87bad3c948f4d605d)
Start importing Assets/AstarPathfindingProject/Editor/EditorAssets/DarkSkin/hex_diameter@1x.png using Guid(aec40eb6c450c4bdea484100ff9fb9a4) Importer(2089858483,b0f066a214c2f5e87bad3c948f4d605d) (ScriptedImporter) -> (artifact id: '31955b526f7c0e1a7464640e4ddf4162') in 0.0214132 seconds
Number of updated asset objects reloaded before import = 0Number of asset objects unloaded after import = 1

========================================================================
Received Import Request.
  Time since last request: 0.000139 seconds.
  path: Assets/TextMesh Pro/Examples & Extras/Scripts/Benchmark04.cs
  artifactKey: Guid(dc20866c0d5e413ab7559440e15333ae) Importer(2089858483,b0f066a214c2f5e87bad3c948f4d605d)
Start importing Assets/TextMesh Pro/Examples & Extras/Scripts/Benchmark04.cs using Guid(dc20866c0d5e413ab7559440e15333ae) Importer(2089858483,b0f066a214c2f5e87bad3c948f4d605d) (ScriptedImporter) -> (artifact id: 'a44934ebaef43d10067abffda71637e2') in 0.0073267 seconds
Number of updated asset objects reloaded before import = 0Number of asset objects unloaded after import = 0

========================================================================
Received Import Request.
  Time since last request: 0.000259 seconds.
  path: Assets/TextMesh Pro/Examples & Extras/Resources/Fonts & Materials/Anton SDF - Outline.mat
  artifactKey: Guid(a00013af81304728b2be1f4309ee2433) Importer(2089858483,b0f066a214c2f5e87bad3c948f4d605d)
Start importing Assets/TextMesh Pro/Examples & Extras/Resources/Fonts & Materials/Anton SDF - Outline.mat using Guid(a00013af81304728b2be1f4309ee2433) Importer(2089858483,b0f066a214c2f5e87bad3c948f4d605d) (ScriptedImporter) -> (artifact id: '643d77c1f3677becc704b6a809d2cbfd') in 0.0132516 seconds
Number of updated asset objects reloaded before import = 0Number of asset objects unloaded after import = 2

========================================================================
Received Import Request.
  Time since last request: 0.000043 seconds.
  path: Assets/TextMesh Pro/Examples & Extras/Fonts/Bangers - OFL.txt
  artifactKey: Guid(efe0bf4ac872451e91612d1ae593f480) Importer(2089858483,b0f066a214c2f5e87bad3c948f4d605d)
Start importing Assets/TextMesh Pro/Examples & Extras/Fonts/Bangers - OFL.txt using Guid(efe0bf4ac872451e91612d1ae593f480) Importer(2089858483,b0f066a214c2f5e87bad3c948f4d605d) (ScriptedImporter) -> (artifact id: '5e79d91efa7bcfb9888ce62636dac234') in 0.0071563 seconds
Number of updated asset objects reloaded before import = 0Number of asset objects unloaded after import = 1

========================================================================
Received Import Request.
  Time since last request: 0.000274 seconds.
  path: Assets/AstarPathfindingProject/Editor/EditorAssets/LightSkin/deleteButton@1x.png
  artifactKey: Guid(3240f334343ca4dee8239c16d2de57c6) Importer(2089858483,b0f066a214c2f5e87bad3c948f4d605d)
Start importing Assets/AstarPathfindingProject/Editor/EditorAssets/LightSkin/deleteButton@1x.png using Guid(3240f334343ca4dee8239c16d2de57c6) Importer(2089858483,b0f066a214c2f5e87bad3c948f4d605d) (ScriptedImporter) -> (artifact id: 'bbee906c7155d15577184a43cc6d062a') in 0.020434 seconds
Number of updated asset objects reloaded before import = 0Number of asset objects unloaded after import = 1

========================================================================
Received Import Request.
  Time since last request: 0.000076 seconds.
  path: Assets/AstarPathfindingProject/PackageTools/Editor/EditorBase.cs
  artifactKey: Guid(58753931a68ae48b3973d0ce32d1a760) Importer(2089858483,b0f066a214c2f5e87bad3c948f4d605d)
Start importing Assets/AstarPathfindingProject/PackageTools/Editor/EditorBase.cs using Guid(58753931a68ae48b3973d0ce32d1a760) Importer(2089858483,b0f066a214c2f5e87bad3c948f4d605d) (ScriptedImporter) -> (artifact id: '60e23eeac7578d8b893c8b90af848406') in 0.0080243 seconds
Number of updated asset objects reloaded before import = 0Number of asset objects unloaded after import = 0

========================================================================
Received Import Request.
  Time since last request: 0.000363 seconds.
  path: Assets/TextMesh Pro/Resources/Fonts & Materials/LiberationSans SDF - Fallback.asset
  artifactKey: Guid(2e498d1c8094910479dc3e1b768306a4) Importer(2089858483,b0f066a214c2f5e87bad3c948f4d605d)
Start importing Assets/TextMesh Pro/Resources/Fonts & Materials/LiberationSans SDF - Fallback.asset using Guid(2e498d1c8094910479dc3e1b768306a4) Importer(2089858483,b0f066a214c2f5e87bad3c948f4d605d) (ScriptedImporter) -> (artifact id: '329c97219570715cbaa9d78bcd1aa6be') in 0.0666776 seconds
Number of updated asset objects reloaded before import = 0Number of asset objects unloaded after import = 5

========================================================================
Received Import Request.
  Time since last request: 0.000046 seconds.
  path: Assets/AstarPathfindingProject/Editor/EditorAssets/LightSkin/infoButton_active@2x.png
  artifactKey: Guid(8acb97c3fcc694bf3b7d33b1ff321337) Importer(2089858483,b0f066a214c2f5e87bad3c948f4d605d)
Start importing Assets/AstarPathfindingProject/Editor/EditorAssets/LightSkin/infoButton_active@2x.png using Guid(8acb97c3fcc694bf3b7d33b1ff321337) Importer(2089858483,b0f066a214c2f5e87bad3c948f4d605d) (ScriptedImporter) -> (artifact id: 'd81aefd96484824662d26aa5459b2ee8') in 0.0198764 seconds
Number of updated asset objects reloaded before import = 0Number of asset objects unloaded after import = 1

========================================================================
Received Import Request.
  Time since last request: 0.000203 seconds.
  path: Assets/AstarPathfindingProject/Editor/EditorAssets/images/ArrowDown_on.png
  artifactKey: Guid(d8951099054c64beaaa49d675d71cfcf) Importer(2089858483,b0f066a214c2f5e87bad3c948f4d605d)
Start importing Assets/AstarPathfindingProject/Editor/EditorAssets/images/ArrowDown_on.png using Guid(d8951099054c64beaaa49d675d71cfcf) Importer(2089858483,b0f066a214c2f5e87bad3c948f4d605d) (ScriptedImporter) -> (artifact id: '0f85731059e3bad69691618758840f1e') in 0.0197712 seconds
Number of updated asset objects reloaded before import = 0Number of asset objects unloaded after import = 1

========================================================================
Received Import Request.
  Time since last request: 0.000185 seconds.
  path: Assets/TextMesh Pro/Examples & Extras/Resources/Fonts & Materials/Roboto-Bold SDF - Surface.mat
  artifactKey: Guid(e6b276ec991f467aa14ef1f3cc665993) Importer(2089858483,b0f066a214c2f5e87bad3c948f4d605d)
Start importing Assets/TextMesh Pro/Examples & Extras/Resources/Fonts & Materials/Roboto-Bold SDF - Surface.mat using Guid(e6b276ec991f467aa14ef1f3cc665993) Importer(2089858483,b0f066a214c2f5e87bad3c948f4d605d) (ScriptedImporter) -> (artifact id: '80d615af5ccb754fd108bb2275eb7348') in 0.017583 seconds
Number of updated asset objects reloaded before import = 0Number of asset objects unloaded after import = 2

========================================================================
Received Import Request.
  Time since last request: 0.000115 seconds.
  path: Assets/AstarPathfindingProject/Editor/EditorAssets/LightSkin/colorInterpolationBox.png
  artifactKey: Guid(9bf4f8f9d8795455bb87213dd56ed793) Importer(2089858483,b0f066a214c2f5e87bad3c948f4d605d)
Start importing Assets/AstarPathfindingProject/Editor/EditorAssets/LightSkin/colorInterpolationBox.png using Guid(9bf4f8f9d8795455bb87213dd56ed793) Importer(2089858483,b0f066a214c2f5e87bad3c948f4d605d) (ScriptedImporter) -> (artifact id: 'd08aea8423bbc6abb7d2bfdc72722755') in 0.0197658 seconds
Number of updated asset objects reloaded before import = 0Number of asset objects unloaded after import = 1

========================================================================
Received Import Request.
  Time since last request: 0.000419 seconds.
  path: Assets/TextMesh Pro/Examples & Extras/Resources/Fonts & Materials/Bangers SDF Logo.mat
  artifactKey: Guid(f4e195ac1e204eff960149d1cb34e18c) Importer(2089858483,b0f066a214c2f5e87bad3c948f4d605d)
Start importing Assets/TextMesh Pro/Examples & Extras/Resources/Fonts & Materials/Bangers SDF Logo.mat using Guid(f4e195ac1e204eff960149d1cb34e18c) Importer(2089858483,b0f066a214c2f5e87bad3c948f4d605d) (ScriptedImporter) -> (artifact id: 'aaffea6828e6fcd24ad55ed5d69531fa') in 0.0178505 seconds
Number of updated asset objects reloaded before import = 0Number of asset objects unloaded after import = 4

========================================================================
Received Import Request.
  Time since last request: 0.000046 seconds.
  path: Assets/AstarPathfindingProject/Editor/EditorAssets/images/gridPivotSelect_Normal.png
  artifactKey: Guid(9de7a15ab4e1d48da9861247bc34226d) Importer(2089858483,b0f066a214c2f5e87bad3c948f4d605d)
Start importing Assets/AstarPathfindingProject/Editor/EditorAssets/images/gridPivotSelect_Normal.png using Guid(9de7a15ab4e1d48da9861247bc34226d) Importer(2089858483,b0f066a214c2f5e87bad3c948f4d605d) (ScriptedImporter) -> (artifact id: 'a635fa6e7d57e0ad8a6ada05910c989c') in 0.0206979 seconds
Number of updated asset objects reloaded before import = 0Number of asset objects unloaded after import = 1

========================================================================
Received Import Request.
  Time since last request: 0.000144 seconds.
  path: Assets/AstarPathfindingProject/ExampleScenes/Prefabs/MineBot/Materials/mine_bot@left-01 - Default.mat
  artifactKey: Guid(84be6514d56e743dd9b8f1a1fca98f50) Importer(2089858483,b0f066a214c2f5e87bad3c948f4d605d)
Start importing Assets/AstarPathfindingProject/ExampleScenes/Prefabs/MineBot/Materials/mine_bot@left-01 - Default.mat using Guid(84be6514d56e743dd9b8f1a1fca98f50) Importer(2089858483,b0f066a214c2f5e87bad3c948f4d605d) (ScriptedImporter) -> (artifact id: '68204cb6de1deffc7cb870c5af9fc63b') in 0.0134089 seconds
Number of updated asset objects reloaded before import = 0Number of asset objects unloaded after import = 1

========================================================================
Received Import Request.
  Time since last request: 0.000168 seconds.
  path: Assets/AstarPathfindingProject/Editor/EditorAssets/LightSkin/gizmoButton_off@1x.png
  artifactKey: Guid(c780955fc9d0f458abc0de8f2f9cedb2) Importer(2089858483,b0f066a214c2f5e87bad3c948f4d605d)
Start importing Assets/AstarPathfindingProject/Editor/EditorAssets/LightSkin/gizmoButton_off@1x.png using Guid(c780955fc9d0f458abc0de8f2f9cedb2) Importer(2089858483,b0f066a214c2f5e87bad3c948f4d605d) (ScriptedImporter) -> (artifact id: 'c7f5c56f446d6f9e1c937a945431f4f6') in 0.0197803 seconds
Number of updated asset objects reloaded before import = 0Number of asset objects unloaded after import = 1

========================================================================
Received Import Request.
  Time since last request: 0.000144 seconds.
  path: Assets/AstarPathfindingProject/ExampleScenes/Prefabs/MineBot/Materials/mine_bot@right-01 - Default.mat
  artifactKey: Guid(a0410f0ca50c248fbaad373ecfcf872b) Importer(2089858483,b0f066a214c2f5e87bad3c948f4d605d)
Start importing Assets/AstarPathfindingProject/ExampleScenes/Prefabs/MineBot/Materials/mine_bot@right-01 - Default.mat using Guid(a0410f0ca50c248fbaad373ecfcf872b) Importer(2089858483,b0f066a214c2f5e87bad3c948f4d605d) (ScriptedImporter) -> (artifact id: 'ed8897f6f0d762c7f8f27a6a31debff9') in 0.009546 seconds
Number of updated asset objects reloaded before import = 0Number of asset objects unloaded after import = 1

========================================================================
Received Import Request.
  Time since last request: 0.000174 seconds.
  path: Assets/TextMesh Pro/Examples & Extras/Resources/Fonts & Materials/Oswald Bold SDF.asset
  artifactKey: Guid(0161d805a3764c089bef00bfe00793f5) Importer(2089858483,b0f066a214c2f5e87bad3c948f4d605d)
Start importing Assets/TextMesh Pro/Examples & Extras/Resources/Fonts & Materials/Oswald Bold SDF.asset using Guid(0161d805a3764c089bef00bfe00793f5) Importer(2089858483,b0f066a214c2f5e87bad3c948f4d605d) (ScriptedImporter) -> (artifact id: 'f252a54f48109bd9006eca823d8c00da') in 0.0370847 seconds
Number of updated asset objects reloaded before import = 0Number of asset objects unloaded after import = 5

========================================================================
Received Import Request.
  Time since last request: 0.000038 seconds.
  path: Assets/AstarPathfindingProject/Editor/EditorAssets/LightSkin/pixelBox3@2x.png
  artifactKey: Guid(5ed56a3e069cd4b5aa4360154acc026a) Importer(2089858483,b0f066a214c2f5e87bad3c948f4d605d)
Start importing Assets/AstarPathfindingProject/Editor/EditorAssets/LightSkin/pixelBox3@2x.png using Guid(5ed56a3e069cd4b5aa4360154acc026a) Importer(2089858483,b0f066a214c2f5e87bad3c948f4d605d) (ScriptedImporter) -> (artifact id: '8f3cdf2c61ba0ac1ab65b00e683fdde4') in 0.0201059 seconds
Number of updated asset objects reloaded before import = 0Number of asset objects unloaded after import = 1

========================================================================
Received Import Request.
  Time since last request: 0.000266 seconds.
  path: Assets/AstarPathfindingProject/Editor/EditorAssets/LightSkin/infoButton@1x.png
  artifactKey: Guid(efb7b60811b9a4ec7b92ecfcaa9bcd0d) Importer(2089858483,b0f066a214c2f5e87bad3c948f4d605d)
Start importing Assets/AstarPathfindingProject/Editor/EditorAssets/LightSkin/infoButton@1x.png using Guid(efb7b60811b9a4ec7b92ecfcaa9bcd0d) Importer(2089858483,b0f066a214c2f5e87bad3c948f4d605d) (ScriptedImporter) -> (artifact id: '08d686b78ea3bb2c4ba535c75d125ec2') in 0.0200231 seconds
Number of updated asset objects reloaded before import = 0Number of asset objects unloaded after import = 1

========================================================================
Received Import Request.
  Time since last request: 0.000204 seconds.
  path: Assets/AstarPathfindingProject/ExampleScenes/Prefabs/MineBot/idle.anim
  artifactKey: Guid(60beda8287b9b40af9a67b70527af106) Importer(2089858483,b0f066a214c2f5e87bad3c948f4d605d)
Start importing Assets/AstarPathfindingProject/ExampleScenes/Prefabs/MineBot/idle.anim using Guid(60beda8287b9b40af9a67b70527af106) Importer(2089858483,b0f066a214c2f5e87bad3c948f4d605d) (ScriptedImporter) -> (artifact id: '3f647297c0925a86ff89c4152e43aabc') in 0.013967 seconds
Number of updated asset objects reloaded before import = 0Number of asset objects unloaded after import = 1

========================================================================
Received Import Request.
  Time since last request: 0.000233 seconds.
  path: Assets/AstarPathfindingProject/PackageTools/Editor/PackageToolsEditor.asmdef
  artifactKey: Guid(774e21169c4ac4ec8a01db9cdb98d33b) Importer(2089858483,b0f066a214c2f5e87bad3c948f4d605d)
Start importing Assets/AstarPathfindingProject/PackageTools/Editor/PackageToolsEditor.asmdef using Guid(774e21169c4ac4ec8a01db9cdb98d33b) Importer(2089858483,b0f066a214c2f5e87bad3c948f4d605d) (ScriptedImporter) -> (artifact id: 'da4772d76cfd683a8683dfe058413362') in 0.007979 seconds
Number of updated asset objects reloaded before import = 0Number of asset objects unloaded after import = 1

========================================================================
Received Import Request.
  Time since last request: 0.000261 seconds.
  path: Assets/AstarPathfindingProject/Editor/EditorAssets/DarkSkin/hex_width@2x.png
  artifactKey: Guid(321a1fe2502bc493d87337a3a4429cf5) Importer(2089858483,b0f066a214c2f5e87bad3c948f4d605d)
Start importing Assets/AstarPathfindingProject/Editor/EditorAssets/DarkSkin/hex_width@2x.png using Guid(321a1fe2502bc493d87337a3a4429cf5) Importer(2089858483,b0f066a214c2f5e87bad3c948f4d605d) (ScriptedImporter) -> (artifact id: 'cf7b5c834e6f4af64afdff59cd32798d') in 0.0198013 seconds
Number of updated asset objects reloaded before import = 0Number of asset objects unloaded after import = 1

========================================================================
Received Import Request.
  Time since last request: 0.000192 seconds.
  path: Assets/AstarPathfindingProject/ExampleScenes/Materials/Textures/Shadow.psd
  artifactKey: Guid(741d7187968324981907bd5a897bb005) Importer(2089858483,b0f066a214c2f5e87bad3c948f4d605d)
Start importing Assets/AstarPathfindingProject/ExampleScenes/Materials/Textures/Shadow.psd using Guid(741d7187968324981907bd5a897bb005) Importer(2089858483,b0f066a214c2f5e87bad3c948f4d605d) (ScriptedImporter) -> (artifact id: '276866214c27bb6232b665059c107d44') in 0.0177755 seconds
Number of updated asset objects reloaded before import = 0Number of asset objects unloaded after import = 1

========================================================================
Received Import Request.
  Time since last request: 0.000142 seconds.
  path: Assets/TextMesh Pro/Examples & Extras/Resources/Fonts & Materials/Roboto-Bold SDF.asset
  artifactKey: Guid(5302535af1044152a457ed104f1f4b91) Importer(2089858483,b0f066a214c2f5e87bad3c948f4d605d)
Start importing Assets/TextMesh Pro/Examples & Extras/Resources/Fonts & Materials/Roboto-Bold SDF.asset using Guid(5302535af1044152a457ed104f1f4b91) Importer(2089858483,b0f066a214c2f5e87bad3c948f4d605d) (ScriptedImporter) -> (artifact id: '5dfa0e504441f38160ec6a98ed8b24d1') in 0.0331505 seconds
Number of updated asset objects reloaded before import = 0Number of asset objects unloaded after import = 5

========================================================================
Received Import Request.
  Time since last request: 0.000063 seconds.
  path: Assets/AstarPathfindingProject/Editor/EditorAssets/images/ArrowUp.png
  artifactKey: Guid(b1722c752c8754c5281b2efd6cf8477c) Importer(2089858483,b0f066a214c2f5e87bad3c948f4d605d)
Start importing Assets/AstarPathfindingProject/Editor/EditorAssets/images/ArrowUp.png using Guid(b1722c752c8754c5281b2efd6cf8477c) Importer(2089858483,b0f066a214c2f5e87bad3c948f4d605d) (ScriptedImporter) -> (artifact id: '77c1d2518a93c62f74b96dc1396b8db3') in 0.0200357 seconds
Number of updated asset objects reloaded before import = 0Number of asset objects unloaded after import = 1

========================================================================
Received Import Request.
  Time since last request: 0.000183 seconds.
  path: Assets/TextMesh Pro/Examples & Extras/Textures/Gradient Vertical (Color).jpg
  artifactKey: Guid(03d0538de6e24c0f819bfc9ce084dfa9) Importer(2089858483,b0f066a214c2f5e87bad3c948f4d605d)
Start importing Assets/TextMesh Pro/Examples & Extras/Textures/Gradient Vertical (Color).jpg using Guid(03d0538de6e24c0f819bfc9ce084dfa9) Importer(2089858483,b0f066a214c2f5e87bad3c948f4d605d) (ScriptedImporter) -> (artifact id: 'c501b58281ab5d1efcfb74a8cdf708bf') in 0.0177286 seconds
Number of updated asset objects reloaded before import = 0Number of asset objects unloaded after import = 1

========================================================================
Received Import Request.
  Time since last request: 0.000246 seconds.
  path: Assets/TextMesh Pro/Examples & Extras/Resources/Fonts & Materials/Anton SDF.asset
  artifactKey: Guid(8a89fa14b10d46a99122fd4f73fca9a2) Importer(2089858483,b0f066a214c2f5e87bad3c948f4d605d)
Start importing Assets/TextMesh Pro/Examples & Extras/Resources/Fonts & Materials/Anton SDF.asset using Guid(8a89fa14b10d46a99122fd4f73fca9a2) Importer(2089858483,b0f066a214c2f5e87bad3c948f4d605d) (ScriptedImporter) -> (artifact id: '3face16820884b1d547099804a1c145e') in 0.0312974 seconds
Number of updated asset objects reloaded before import = 0Number of asset objects unloaded after import = 5

Editor requested this worker to shutdown with reason: Scaling down because of idle timeout
AssetImportWorker is now disconnected from the server
Process exiting
Exiting without the bug reporter. Application will terminate with return code 0