[Licensing::Module] Trying to connect to existing licensing client channel...
Built from '6000.3/staging' branch; Version is '6000.3.7f1 (696ec25a53d1) revision 6909634'; Using compiler version '194234433'; Build Type 'Release'
[Licensing::IpcConnector] Successfully connected to: "LicenseClient-phung" at "2026-05-08T11:30:21.173103Z"
OS: 'Windows 11  (10.0.26200) CoreSingleLanguage' Language: 'en' Physical Memory: 23370 MB
BatchMode: 1, IsHumanControllingUs: 0, StartBugReporterOnCrash: 0, Is64bit: 1
System  architecture: x64
Process architecture: x64
Date: 2026-05-08T11:30:21Z

COMMAND LINE ARGUMENTS:
C:\Program Files\Unity\Hub\Editor\6000.3.7f1\Editor\Unity.exe
-adb2
-batchMode
-noUpm
-name
AssetImportWorker1
-projectPath
D:/University/Game_Application_Development/Darkling-Quest
-logFile
Logs/AssetImportWorker1.log
-srvPort
64882
-licensingIpc
LicenseClient-phung
-job-worker-count
7
-background-job-worker-count
8
-gc-helper-count
1
-name
AssetImport
Successfully changed project path to: D:/University/Game_Application_Development/Darkling-Quest
D:/University/Game_Application_Development/Darkling-Quest
[UnityMemory] Configuration Parameters - Can be set up in boot.config
    "memorysetup-temp-allocator-size-nav-mesh-worker=65536"
    "memorysetup-temp-allocator-size-audio-worker=65536"
    "memorysetup-temp-allocator-size-gfx=262144"
    "memorysetup-allocator-temp-initial-block-size-main=262144"
    "memorysetup-allocator-temp-initial-block-size-worker=262144"
    "memorysetup-temp-allocator-size-background-worker=32768"
    "memorysetup-temp-allocator-size-job-worker=262144"
    "memorysetup-temp-allocator-size-preload-manager=33554432"
    "memorysetup-temp-allocator-size-gi-baking-worker=262144"
    "memorysetup-temp-allocator-size-gi-baking-worker=262144"
    "memorysetup-temp-allocator-size-gi-baking-worker=262144"
    "memorysetup-temp-allocator-size-gi-baking-worker=262144"
    "memorysetup-temp-allocator-size-gi-baking-worker=262144"
    "memorysetup-bucket-allocator-granularity=16"
    "memorysetup-bucket-allocator-bucket-count=8"
    "memorysetup-bucket-allocator-block-size=33554432"
    "memorysetup-bucket-allocator-block-count=8"
    "memorysetup-main-allocator-block-size=16777216"
    "memorysetup-thread-allocator-block-size=16777216"
    "memorysetup-gfx-main-allocator-block-size=16777216"
    "memorysetup-gfx-thread-allocator-block-size=16777216"
    "memorysetup-cache-allocator-block-size=4194304"
    "memorysetup-typetree-allocator-block-size=2097152"
    "memorysetup-profiler-bucket-allocator-granularity=16"
    "memorysetup-profiler-bucket-allocator-bucket-count=8"
    "memorysetup-profiler-bucket-allocator-block-size=33554432"
    "memorysetup-profiler-bucket-allocator-block-count=8"
    "memorysetup-profiler-allocator-block-size=16777216"
    "memorysetup-profiler-editor-allocator-block-size=1048576"
    "memorysetup-temp-allocator-size-main=16777216"
    "memorysetup-job-temp-allocator-block-size=2097152"
    "memorysetup-job-temp-allocator-block-size-background=1048576"
    "memorysetup-job-temp-allocator-reduction-small-platforms=262144"
    "memorysetup-temp-allocator-size-cloud-worker=32768"
Player connection [19840]  Target information:

Player connection [19840]  * "[IP] 10.10.59.37 [Port] 0 [Flags] 2 [Guid] 2623660570 [EditorId] 2623660570 [Version] 1048832 [Id] WindowsEditor(7,HubertPhung) [Debug] 1 [PackageName] WindowsEditor [ProjectName] Editor" 

Player connection [19840] Host joined multi-casting on [225.0.0.222:54997]...
Player connection [19840] Host joined alternative multi-casting on [225.0.0.222:34997]...
JobSystem: Creating JobQueue using job-worker-count value 7
Input System module state changed to: Initialized.
[Physics::Module] Initialized fallback backend.
[Physics::Module] Id: 0xdecafbad
Library Redirect Path: Library/
[Physics::Module] Selected backend.
[Physics::Module] Name: PhysX
[Physics::Module] Id: 0xf2b8ea05
[Physics::Module] SDK Version: 4.1.2
[Physics::Module] Integration Version: 1.0.0
[Physics::Module] Threading Mode: Multi-Threaded
Refreshing native plugins compatible for Editor in 14.67 ms, found 4 plugins.
Preloading 0 native plugins for Editor in 0.00 ms.
Initialize engine version: 6000.3.7f1 (696ec25a53d1)
[Subsystems] Discovering subsystems at path C:/Program Files/Unity/Hub/Editor/6000.3.7f1/Editor/Data/Resources/UnitySubsystems
[Subsystems] Discovering subsystems at path D:/University/Game_Application_Development/Darkling-Quest/Assets
GfxDevice: creating device client; kGfxThreadingModeNonThreaded
Direct3D:
    Version:  Direct3D 11.0 [level 11.1]
    Renderer: AMD Radeon(TM) Graphics (ID=0x164c)
    Vendor:   ATI
    VRAM:     11685 MB
    Driver:   31.0.21923.13006
Initialize mono
Mono path[0] = 'C:/Program Files/Unity/Hub/Editor/6000.3.7f1/Editor/Data/Managed'
Mono path[1] = 'C:/Program Files/Unity/Hub/Editor/6000.3.7f1/Editor/Data/MonoBleedingEdge/lib/mono/unityjit-win32'
Mono config path = 'C:/Program Files/Unity/Hub/Editor/6000.3.7f1/Editor/Data/MonoBleedingEdge/etc'
Using monoOptions --debugger-agent=transport=dt_socket,embedding=1,server=y,suspend=n,address=127.0.0.1:56920
Begin MonoManager ReloadAssembly
Registering precompiled unity dll's ...
Register platform support module: C:/Program Files/Unity/Hub/Editor/6000.3.7f1/Editor/Data/PlaybackEngines/WindowsStandaloneSupport/UnityEditor.WindowsStandalone.Extensions.dll
Registered in 0.003833 seconds.
- Loaded All Assemblies, in  1.338 seconds
Native extension for WindowsStandalone target not found
ScheduleIndexationOnStartup MainProcess:False IndexOnStartup:True
Mono: successfully reloaded assembly
- Finished resetting the current domain, in  1.452 seconds
Domain Reload Profiling: 2783ms
	BeginReloadAssembly (406ms)
		ExecutionOrderSort (0ms)
		DisableScriptedObjects (0ms)
		BackupInstance (0ms)
		ReleaseScriptingObjects (0ms)
		CreateAndSetChildDomain (2ms)
	RebuildCommonClasses (120ms)
	RebuildNativeTypeToScriptingClass (34ms)
	initialDomainReloadingComplete (149ms)
	LoadAllAssembliesAndSetupDomain (621ms)
		LoadAssemblies (399ms)
		RebuildTransferFunctionScriptingTraits (0ms)
		AnalyzeDomain (610ms)
			TypeCache.Refresh (606ms)
				TypeCache.ScanAssembly (560ms)
			BuildScriptInfoCaches (1ms)
			ResolveRequiredComponents (1ms)
	FinalizeReload (1453ms)
		ReleaseScriptCaches (0ms)
		RebuildScriptCaches (0ms)
		SetupLoadedEditorAssemblies (1327ms)
			LogAssemblyErrors (0ms)
			InitializePlatformSupportModulesInManaged (146ms)
			SetLoadedEditorAssemblies (14ms)
			BeforeProcessingInitializeOnLoad (386ms)
			ProcessInitializeOnLoadAttributes (576ms)
			ProcessInitializeOnLoadMethodAttributes (205ms)
			AfterProcessingInitializeOnLoad (0ms)
			EditorAssembliesLoaded (0ms)
		ExecutionOrderSort2 (0ms)
		AwakeInstancesAfterBackupRestoration (0ms)
========================================================================
Worker process is ready to serve import requests
Import Worker Mode flag is 0x00
Begin MonoManager ReloadAssembly
[Licensing::Module] Licensing is not yet initialized.
[Licensing::Client] Handshaking with LicensingClient:
  Version:                 1.17.4+4293ba1
  Session Id:              23431d4c2bec468a9ef1590d47ad7c46
  Correlation Id:          d314afb8028188622af5b5e3a6cef862
  External correlation Id: 2730944118207843072
  Machine Id:              zymwo4JgznGPzT08Hn+2l3330oU=
[Licensing::Module] Successfully connected to LicensingClient on channel: "LicenseClient-phung" (connect: 0.00s, validation: 0.01s, handshake: 6.01s)
[Licensing::IpcConnector] Successfully connected to: "LicenseClient-phung-notifications" at "2026-05-08T11:30:27.1907253Z"
[Licensing::Module] Licensing Background thread has ended after 6.02s
[Licensing::Module] Licensing is initialized (took 1.03s).
[Licensing::Client] Successfully resolved entitlement details
[Licensing::Module] License group:
  Id: 18967844823795-UnityPersXXXX
  Product: Unity Personal
  Type: Assigned
  Expiration: Unlimited
- Loaded All Assemblies, in  3.081 seconds
Refreshing native plugins compatible for Editor in 4.28 ms, found 4 plugins.
Native extension for WindowsStandalone target not found
Package Manager log level set to [2]
[Package Manager] Failed to launch server process. Reason: Unity was launched with the -noUpm command-line argument
[Package Manager] Unable to send message (not connected to server process).
[Package Manager] Cannot connect to Unity Package Manager local server
ScheduleIndexationOnStartup MainProcess:False IndexOnStartup:True
Mono: successfully reloaded assembly
- Finished resetting the current domain, in  2.181 seconds
Domain Reload Profiling: 5257ms
	BeginReloadAssembly (1453ms)
		ExecutionOrderSort (0ms)
		DisableScriptedObjects (18ms)
		BackupInstance (0ms)
		ReleaseScriptingObjects (0ms)
		CreateAndSetChildDomain (66ms)
	RebuildCommonClasses (90ms)
	RebuildNativeTypeToScriptingClass (31ms)
	initialDomainReloadingComplete (104ms)
	LoadAllAssembliesAndSetupDomain (1395ms)
		LoadAssemblies (1079ms)
		RebuildTransferFunctionScriptingTraits (0ms)
		AnalyzeDomain (553ms)
			TypeCache.Refresh (408ms)
				TypeCache.ScanAssembly (381ms)
			BuildScriptInfoCaches (122ms)
			ResolveRequiredComponents (14ms)
	FinalizeReload (2183ms)
		ReleaseScriptCaches (0ms)
		RebuildScriptCaches (0ms)
		SetupLoadedEditorAssemblies (1846ms)
			LogAssemblyErrors (0ms)
			InitializePlatformSupportModulesInManaged (5ms)
			SetLoadedEditorAssemblies (10ms)
			BeforeProcessingInitializeOnLoad (536ms)
			ProcessInitializeOnLoadAttributes (1085ms)
			ProcessInitializeOnLoadMethodAttributes (195ms)
			AfterProcessingInitializeOnLoad (14ms)
			EditorAssembliesLoaded (1ms)
		ExecutionOrderSort2 (0ms)
		AwakeInstancesAfterBackupRestoration (23ms)
Launched and connected shader compiler UnityShaderCompiler.exe after 0.03 seconds
Refreshing native plugins compatible for Editor in 5.68 ms, found 4 plugins.
Preloading 0 native plugins for Editor in 0.00 ms.
Unloading 1 Unused Serialized files (Serialized files now loaded: 0)
Unloading 4947 unused Assets / (1.8 MB). Loaded Objects now: 5546.
Memory consumption went from 102.4 MB to 100.6 MB.
Total: 25.790400 ms (FindLiveObjects: 1.456900 ms CreateObjectMapping: 1.874100 ms MarkObjects: 17.786800 ms  DeleteObjects: 4.669000 ms)

========================================================================
Received Import Request.
  Time since last request: 5708.656920 seconds.
  path: Assets/Scripts/Enemy.cs
  artifactKey: Guid(4084477ebf5b14e4a9853fdc9324a6ba) Importer(2089858483,b0f066a214c2f5e87bad3c948f4d605d)
Start importing Assets/Scripts/Enemy.cs using Guid(4084477ebf5b14e4a9853fdc9324a6ba) Importer(2089858483,b0f066a214c2f5e87bad3c948f4d605d) (ScriptedImporter) -> (artifact id: '087d624d8c2a1dc79a9ee2cd137b094d') in 0.2582334 seconds
Number of updated asset objects reloaded before import = 0Number of asset objects unloaded after import = 0

========================================================================
Received Import Request.
  Time since last request: 0.000115 seconds.
  path: Assets/Prefabs/Lance.prefab
  artifactKey: Guid(5f2fbaf985faab0468a42bfda6cee3d1) Importer(2089858483,b0f066a214c2f5e87bad3c948f4d605d)
Start importing Assets/Prefabs/Lance.prefab using Guid(5f2fbaf985faab0468a42bfda6cee3d1) Importer(2089858483,b0f066a214c2f5e87bad3c948f4d605d) (ScriptedImporter) -> (artifact id: '1d102025c8be19162aaf6ee480b21cf5') in 0.1749132 seconds
Number of updated asset objects reloaded before import = 0Number of asset objects unloaded after import = 10

========================================================================
Received Import Request.
  Time since last request: 0.000075 seconds.
  path: Assets/Sprites/characters.png
  artifactKey: Guid(0c1e734fa85636743af3bc22c6d99ba8) Importer(2089858483,b0f066a214c2f5e87bad3c948f4d605d)
Start importing Assets/Sprites/characters.png using Guid(0c1e734fa85636743af3bc22c6d99ba8) Importer(2089858483,b0f066a214c2f5e87bad3c948f4d605d) (ScriptedImporter) -> (artifact id: '0348a5ba75466e62aac439aea917b4c5') in 1.3141338 seconds
Number of updated asset objects reloaded before import = 0Number of asset objects unloaded after import = 251

========================================================================
Received Import Request.
  Time since last request: 0.000094 seconds.
  path: Assets/Prefabs/Green Bat.prefab
  artifactKey: Guid(28528c8ce5869ea41bbfcbb5e73e00d8) Importer(2089858483,b0f066a214c2f5e87bad3c948f4d605d)
Start importing Assets/Prefabs/Green Bat.prefab using Guid(28528c8ce5869ea41bbfcbb5e73e00d8) Importer(2089858483,b0f066a214c2f5e87bad3c948f4d605d) (ScriptedImporter) -> (artifact id: 'f02344b56884d15efc406120438cd8d6') in 0.0946763 seconds
Number of updated asset objects reloaded before import = 0Number of asset objects unloaded after import = 22

========================================================================
Received Import Request.
  Time since last request: 0.000066 seconds.
  path: Assets/Prefabs/Character (49).prefab
  artifactKey: Guid(e57e4a9993bf7e746a30701597e5637e) Importer(2089858483,b0f066a214c2f5e87bad3c948f4d605d)
Start importing Assets/Prefabs/Character (49).prefab using Guid(e57e4a9993bf7e746a30701597e5637e) Importer(2089858483,b0f066a214c2f5e87bad3c948f4d605d) (ScriptedImporter) -> (artifact id: '41680da4c3c13874c59bc3687234daa9') in 0.0983992 seconds
Number of updated asset objects reloaded before import = 0Number of asset objects unloaded after import = 24

========================================================================
Received Import Request.
  Time since last request: 0.000081 seconds.
  path: Assets/Font/FreckleFace-Regular.ttf
  artifactKey: Guid(170c1e2e273459948b4e59a93e0d1f8d) Importer(2089858483,b0f066a214c2f5e87bad3c948f4d605d)
Start importing Assets/Font/FreckleFace-Regular.ttf using Guid(170c1e2e273459948b4e59a93e0d1f8d) Importer(2089858483,b0f066a214c2f5e87bad3c948f4d605d) (ScriptedImporter) -> (artifact id: 'ba5959b9df7ef1395265ca498d708b23') in 0.0434952 seconds
Number of updated asset objects reloaded before import = 0Number of asset objects unloaded after import = 3

========================================================================
Received Import Request.
  Time since last request: 0.000048 seconds.
  path: Assets/Animations/Character Anims (10)/move.anim
  artifactKey: Guid(d5af21ec143387a4bbe16edbc438651d) Importer(2089858483,b0f066a214c2f5e87bad3c948f4d605d)
Start importing Assets/Animations/Character Anims (10)/move.anim using Guid(d5af21ec143387a4bbe16edbc438651d) Importer(2089858483,b0f066a214c2f5e87bad3c948f4d605d) (ScriptedImporter) -> (artifact id: '93a4d6f56076bb1ddd8970dedaae9568') in 0.0276941 seconds
Number of updated asset objects reloaded before import = 0Number of asset objects unloaded after import = 1

========================================================================
Received Import Request.
  Time since last request: 0.000210 seconds.
  path: Assets/Animations/Character Anims (2)/attack.anim
  artifactKey: Guid(5f2dca0e921714f4a8f8f9a4321214ba) Importer(2089858483,b0f066a214c2f5e87bad3c948f4d605d)
Start importing Assets/Animations/Character Anims (2)/attack.anim using Guid(5f2dca0e921714f4a8f8f9a4321214ba) Importer(2089858483,b0f066a214c2f5e87bad3c948f4d605d) (ScriptedImporter) -> (artifact id: 'ed14b4a472b3b686c029682c1c812dc3') in 0.0144427 seconds
Number of updated asset objects reloaded before import = 0Number of asset objects unloaded after import = 1

========================================================================
Received Import Request.
  Time since last request: 0.000399 seconds.
  path: Assets/AstarPathfindingProject/Readme_upgrading.txt
  artifactKey: Guid(893b17192239c453594fc4d8e250d5e8) Importer(2089858483,b0f066a214c2f5e87bad3c948f4d605d)
Start importing Assets/AstarPathfindingProject/Readme_upgrading.txt using Guid(893b17192239c453594fc4d8e250d5e8) Importer(2089858483,b0f066a214c2f5e87bad3c948f4d605d) (ScriptedImporter) -> (artifact id: '6aeb91878b9db16344af074a8fb999ae') in 0.0086493 seconds
Number of updated asset objects reloaded before import = 0Number of asset objects unloaded after import = 1

========================================================================
Received Import Request.
  Time since last request: 0.000054 seconds.
  path: Assets/Scenes/Level3.unity
  artifactKey: Guid(3e33b4f617d977544bf4b27e7cc3aa14) Importer(2089858483,b0f066a214c2f5e87bad3c948f4d605d)
Start importing Assets/Scenes/Level3.unity using Guid(3e33b4f617d977544bf4b27e7cc3aa14) Importer(2089858483,b0f066a214c2f5e87bad3c948f4d605d) (ScriptedImporter) -> (artifact id: 'f929778f4beb01769eff6976c04d7421') in 0.0267691 seconds
Number of updated asset objects reloaded before import = 0Number of asset objects unloaded after import = 1

========================================================================
Received Import Request.
  Time since last request: 0.000165 seconds.
  path: Assets/Prefabs/Worm.prefab
  artifactKey: Guid(5c46f8b1a5fcc6c40aef671f07bbaa54) Importer(2089858483,b0f066a214c2f5e87bad3c948f4d605d)
Start importing Assets/Prefabs/Worm.prefab using Guid(5c46f8b1a5fcc6c40aef671f07bbaa54) Importer(2089858483,b0f066a214c2f5e87bad3c948f4d605d) (ScriptedImporter) -> (artifact id: '2a09443892f012a05c08d29a150bb247') in 0.0296742 seconds
Number of updated asset objects reloaded before import = 0Number of asset objects unloaded after import = 43

========================================================================
Received Import Request.
  Time since last request: 0.000066 seconds.
  path: Assets/Animations/Character Anims (2)/idle.anim
  artifactKey: Guid(c665239ad63c1c84483c7bb096c25e18) Importer(2089858483,b0f066a214c2f5e87bad3c948f4d605d)
Start importing Assets/Animations/Character Anims (2)/idle.anim using Guid(c665239ad63c1c84483c7bb096c25e18) Importer(2089858483,b0f066a214c2f5e87bad3c948f4d605d) (ScriptedImporter) -> (artifact id: 'ed5ba91ef18fcb4bcf49c325767b4120') in 0.0113011 seconds
Number of updated asset objects reloaded before import = 0Number of asset objects unloaded after import = 1

========================================================================
Received Import Request.
  Time since last request: 0.000165 seconds.
  path: Assets/Sounds/Water Truck - Trevor Garrod.mp3
  artifactKey: Guid(11021551cea200b4db273d2779f4d788) Importer(2089858483,b0f066a214c2f5e87bad3c948f4d605d)
Start importing Assets/Sounds/Water Truck - Trevor Garrod.mp3 using Guid(11021551cea200b4db273d2779f4d788) Importer(2089858483,b0f066a214c2f5e87bad3c948f4d605d) (ScriptedImporter) -> (artifact id: 'a4a92dcd463e9d99d4943561221a2a31') in 0.078396 seconds
Number of updated asset objects reloaded before import = 0Number of asset objects unloaded after import = 1

========================================================================
Received Import Request.
  Time since last request: 0.000413 seconds.
  path: Assets/Animations/Enemy1/Enemy1.controller
  artifactKey: Guid(4b688393091c0bc438e1b7021f7f8629) Importer(2089858483,b0f066a214c2f5e87bad3c948f4d605d)
Start importing Assets/Animations/Enemy1/Enemy1.controller using Guid(4b688393091c0bc438e1b7021f7f8629) Importer(2089858483,b0f066a214c2f5e87bad3c948f4d605d) (ScriptedImporter) -> (artifact id: '4aad0d35605c82da55078e39d3d1706c') in 0.0154446 seconds
Number of updated asset objects reloaded before import = 0Number of asset objects unloaded after import = 8

========================================================================
Received Import Request.
  Time since last request: 0.000044 seconds.
  path: Assets/Animations/Player/jump.anim
  artifactKey: Guid(00cab9a271aadaf409f8f30d48806d39) Importer(2089858483,b0f066a214c2f5e87bad3c948f4d605d)
Start importing Assets/Animations/Player/jump.anim using Guid(00cab9a271aadaf409f8f30d48806d39) Importer(2089858483,b0f066a214c2f5e87bad3c948f4d605d) (ScriptedImporter) -> (artifact id: '09c3c7984fc2776d3ab26f2a4a32b887') in 0.013009 seconds
Number of updated asset objects reloaded before import = 0Number of asset objects unloaded after import = 1

========================================================================
Received Import Request.
  Time since last request: 0.000161 seconds.
  path: Assets/Animations/Worm/Worm.controller
  artifactKey: Guid(2822530b647935148a0c618c0ccdacf7) Importer(2089858483,b0f066a214c2f5e87bad3c948f4d605d)
Start importing Assets/Animations/Worm/Worm.controller using Guid(2822530b647935148a0c618c0ccdacf7) Importer(2089858483,b0f066a214c2f5e87bad3c948f4d605d) (ScriptedImporter) -> (artifact id: '6e0b97010689ea263f19b4578458a0b8') in 0.0136618 seconds
Number of updated asset objects reloaded before import = 0Number of asset objects unloaded after import = 8

========================================================================
Received Import Request.
  Time since last request: 0.000067 seconds.
  path: Assets/Animations/MovingPlatform/Moving Platform.controller
  artifactKey: Guid(afb653124a37803459962ed2ecfa4c74) Importer(2089858483,b0f066a214c2f5e87bad3c948f4d605d)
Start importing Assets/Animations/MovingPlatform/Moving Platform.controller using Guid(afb653124a37803459962ed2ecfa4c74) Importer(2089858483,b0f066a214c2f5e87bad3c948f4d605d) (ScriptedImporter) -> (artifact id: '3dacc8f46abfadb3952f48df41ab2e9c') in 0.0100295 seconds
Number of updated asset objects reloaded before import = 0Number of asset objects unloaded after import = 4

========================================================================
Received Import Request.
  Time since last request: 0.000124 seconds.
  path: Assets/Animations/Character Anims (4)/idle.anim
  artifactKey: Guid(edbdf6249d62ed746a4ecdcfe4340bb5) Importer(2089858483,b0f066a214c2f5e87bad3c948f4d605d)
Start importing Assets/Animations/Character Anims (4)/idle.anim using Guid(edbdf6249d62ed746a4ecdcfe4340bb5) Importer(2089858483,b0f066a214c2f5e87bad3c948f4d605d) (ScriptedImporter) -> (artifact id: '829285461a8aba62006a8dee36961533') in 0.0111412 seconds
Number of updated asset objects reloaded before import = 0Number of asset objects unloaded after import = 1

========================================================================
Received Import Request.
  Time since last request: 0.000194 seconds.
  path: Assets/Animations/Shot Effect/explod.anim
  artifactKey: Guid(a403a8c6ba4063f47b85757c3d5675e9) Importer(2089858483,b0f066a214c2f5e87bad3c948f4d605d)
Start importing Assets/Animations/Shot Effect/explod.anim using Guid(a403a8c6ba4063f47b85757c3d5675e9) Importer(2089858483,b0f066a214c2f5e87bad3c948f4d605d) (ScriptedImporter) -> (artifact id: '86d57987ce619973be1d6bc8f82be2bb') in 0.0125558 seconds
Number of updated asset objects reloaded before import = 0Number of asset objects unloaded after import = 1

========================================================================
Received Import Request.
  Time since last request: 0.000187 seconds.
  path: Assets/Animations/Character Anims (8)/Character (80).controller
  artifactKey: Guid(5fd780d9fc9f07c4e8186c15c3521cb8) Importer(2089858483,b0f066a214c2f5e87bad3c948f4d605d)
Start importing Assets/Animations/Character Anims (8)/Character (80).controller using Guid(5fd780d9fc9f07c4e8186c15c3521cb8) Importer(2089858483,b0f066a214c2f5e87bad3c948f4d605d) (ScriptedImporter) -> (artifact id: '1cdb369276a202eade30008c52d139e4') in 0.0128835 seconds
Number of updated asset objects reloaded before import = 0Number of asset objects unloaded after import = 13

========================================================================
Received Import Request.
  Time since last request: 0.000046 seconds.
  path: Assets/Animations/Flyer/Flyer.controller
  artifactKey: Guid(1c7ee31829edb2646b717a6597f4f30c) Importer(2089858483,b0f066a214c2f5e87bad3c948f4d605d)
Start importing Assets/Animations/Flyer/Flyer.controller using Guid(1c7ee31829edb2646b717a6597f4f30c) Importer(2089858483,b0f066a214c2f5e87bad3c948f4d605d) (ScriptedImporter) -> (artifact id: '8086beec82ab02329d1bca28340c8363') in 0.0112113 seconds
Number of updated asset objects reloaded before import = 0Number of asset objects unloaded after import = 4

========================================================================
Received Import Request.
  Time since last request: 0.000104 seconds.
  path: Assets/Animations/Shake/shake.anim
  artifactKey: Guid(12fda8371b472dc4dae9a50365009f62) Importer(2089858483,b0f066a214c2f5e87bad3c948f4d605d)
Start importing Assets/Animations/Shake/shake.anim using Guid(12fda8371b472dc4dae9a50365009f62) Importer(2089858483,b0f066a214c2f5e87bad3c948f4d605d) (ScriptedImporter) -> (artifact id: 'fa2d2941b6d0e1967310edefeb525223') in 0.011929 seconds
Number of updated asset objects reloaded before import = 0Number of asset objects unloaded after import = 1

========================================================================
Received Import Request.
  Time since last request: 0.000290 seconds.
  path: Assets/Sprites/platforms3.png
  artifactKey: Guid(a0915fdfc1f3e9a4b808ec1c3163e9cb) Importer(2089858483,b0f066a214c2f5e87bad3c948f4d605d)
Start importing Assets/Sprites/platforms3.png using Guid(a0915fdfc1f3e9a4b808ec1c3163e9cb) Importer(2089858483,b0f066a214c2f5e87bad3c948f4d605d) (ScriptedImporter) -> (artifact id: '4ecd7c40e5288795538d3f22faf54586') in 0.0376614 seconds
Number of updated asset objects reloaded before import = 0Number of asset objects unloaded after import = 7

========================================================================
Received Import Request.
  Time since last request: 0.000748 seconds.
  path: Assets/Sounds/Sword Swing.wav
  artifactKey: Guid(bb5d03ea5cb24524a80c3e6ba90437eb) Importer(2089858483,b0f066a214c2f5e87bad3c948f4d605d)
Start importing Assets/Sounds/Sword Swing.wav using Guid(bb5d03ea5cb24524a80c3e6ba90437eb) Importer(2089858483,b0f066a214c2f5e87bad3c948f4d605d) (ScriptedImporter) -> (artifact id: 'ed2e8eb3aae13cb9e91cad2c700c26b9') in 0.0709442 seconds
Number of updated asset objects reloaded before import = 0Number of asset objects unloaded after import = 1

========================================================================
Received Import Request.
  Time since last request: 0.000044 seconds.
  path: Assets/Animations/Warlock/idle.anim
  artifactKey: Guid(69428e4da17fe1647805a0b3354318b7) Importer(2089858483,b0f066a214c2f5e87bad3c948f4d605d)
Start importing Assets/Animations/Warlock/idle.anim using Guid(69428e4da17fe1647805a0b3354318b7) Importer(2089858483,b0f066a214c2f5e87bad3c948f4d605d) (ScriptedImporter) -> (artifact id: '440c31540ef50030e973f8c3cce08b48') in 0.0141765 seconds
Number of updated asset objects reloaded before import = 0Number of asset objects unloaded after import = 1

========================================================================
Received Import Request.
  Time since last request: 0.000111 seconds.
  path: Assets/Prefabs/Oak_Tree.prefab
  artifactKey: Guid(c44bd9bdc114d4a60932c0087d9d1732) Importer(2089858483,b0f066a214c2f5e87bad3c948f4d605d)
Start importing Assets/Prefabs/Oak_Tree.prefab using Guid(c44bd9bdc114d4a60932c0087d9d1732) Importer(2089858483,b0f066a214c2f5e87bad3c948f4d605d) (ScriptedImporter) -> (artifact id: '5f77811c0fb3a40f32250f9d83f7742a') in 0.0342424 seconds
Number of updated asset objects reloaded before import = 0Number of asset objects unloaded after import = 8

========================================================================
Received Import Request.
  Time since last request: 0.000063 seconds.
  path: Assets/Prefabs/GameEnd.prefab
  artifactKey: Guid(f761ea81919d1a242a5f80e5ef3eb9c1) Importer(2089858483,b0f066a214c2f5e87bad3c948f4d605d)
Start importing Assets/Prefabs/GameEnd.prefab using Guid(f761ea81919d1a242a5f80e5ef3eb9c1) Importer(2089858483,b0f066a214c2f5e87bad3c948f4d605d) (ScriptedImporter) -> (artifact id: '74e0c927643f0de1f87ca24efe674080') in 0.090801 seconds
Number of updated asset objects reloaded before import = 0Number of asset objects unloaded after import = 81

========================================================================
Received Import Request.
  Time since last request: 0.000073 seconds.
  path: Assets/Sprites/platform5.png
  artifactKey: Guid(9ebdbe4d54c2ed842ab3520d56ac3a86) Importer(2089858483,b0f066a214c2f5e87bad3c948f4d605d)
Start importing Assets/Sprites/platform5.png using Guid(9ebdbe4d54c2ed842ab3520d56ac3a86) Importer(2089858483,b0f066a214c2f5e87bad3c948f4d605d) (ScriptedImporter) -> (artifact id: 'c61b6a97996430c82b122d858c46e432') in 0.0310854 seconds
Number of updated asset objects reloaded before import = 0Number of asset objects unloaded after import = 3

========================================================================
Received Import Request.
  Time since last request: 0.000057 seconds.
  path: Assets/Sprites/settingIcon2.png
  artifactKey: Guid(9a7e85ccfe97f96438fd6b68c460f74b) Importer(2089858483,b0f066a214c2f5e87bad3c948f4d605d)
Start importing Assets/Sprites/settingIcon2.png using Guid(9a7e85ccfe97f96438fd6b68c460f74b) Importer(2089858483,b0f066a214c2f5e87bad3c948f4d605d) (ScriptedImporter) -> (artifact id: '6fc362757718941bcffd2de3308d8f02') in 0.020959 seconds
Number of updated asset objects reloaded before import = 0Number of asset objects unloaded after import = 3

========================================================================
Received Import Request.
  Time since last request: 0.000042 seconds.
  path: Assets/AstarPathfindingProject/Core/AstarData.cs
  artifactKey: Guid(38d211caa07cb44ef886481aa1cf755c) Importer(2089858483,b0f066a214c2f5e87bad3c948f4d605d)
Start importing Assets/AstarPathfindingProject/Core/AstarData.cs using Guid(38d211caa07cb44ef886481aa1cf755c) Importer(2089858483,b0f066a214c2f5e87bad3c948f4d605d) (ScriptedImporter) -> (artifact id: 'a80267f55a9ba30f7549b56d19ffdf35') in 0.0068718 seconds
Number of updated asset objects reloaded before import = 0Number of asset objects unloaded after import = 0

========================================================================
Received Import Request.
  Time since last request: 0.000301 seconds.
  path: Assets/AstarPathfindingProject/Readme.txt
  artifactKey: Guid(37e2b7ba5db684426ab22f42ef266b76) Importer(2089858483,b0f066a214c2f5e87bad3c948f4d605d)
Start importing Assets/AstarPathfindingProject/Readme.txt using Guid(37e2b7ba5db684426ab22f42ef266b76) Importer(2089858483,b0f066a214c2f5e87bad3c948f4d605d) (ScriptedImporter) -> (artifact id: '474f372bb95184bb8697e2526a90a000') in 0.006989 seconds
Number of updated asset objects reloaded before import = 0Number of asset objects unloaded after import = 1

========================================================================
Received Import Request.
  Time since last request: 0.000109 seconds.
  path: Assets/Animations/Character Anims (1)/idle.anim
  artifactKey: Guid(55652b75532adb6408d29991cea5e22d) Importer(2089858483,b0f066a214c2f5e87bad3c948f4d605d)
Start importing Assets/Animations/Character Anims (1)/idle.anim using Guid(55652b75532adb6408d29991cea5e22d) Importer(2089858483,b0f066a214c2f5e87bad3c948f4d605d) (ScriptedImporter) -> (artifact id: 'a96427ccdc1aca70b32d3a9f1d8a1f7c') in 0.0102631 seconds
Number of updated asset objects reloaded before import = 0Number of asset objects unloaded after import = 1

========================================================================
Received Import Request.
  Time since last request: 0.000144 seconds.
  path: Assets/Prefabs/Enemy1.prefab
  artifactKey: Guid(612edc91057cde045bf9a45fbbe10bc5) Importer(2089858483,b0f066a214c2f5e87bad3c948f4d605d)
Start importing Assets/Prefabs/Enemy1.prefab using Guid(612edc91057cde045bf9a45fbbe10bc5) Importer(2089858483,b0f066a214c2f5e87bad3c948f4d605d) (ScriptedImporter) -> (artifact id: '1fe06f859cd9925e0f35138ac0894002') in 0.0287489 seconds
Number of updated asset objects reloaded before import = 0Number of asset objects unloaded after import = 41

========================================================================
Received Import Request.
  Time since last request: 0.000048 seconds.
  path: Assets/Scripts/Menu.cs
  artifactKey: Guid(a3a168854da1321408c43fec11006ce8) Importer(2089858483,b0f066a214c2f5e87bad3c948f4d605d)
Start importing Assets/Scripts/Menu.cs using Guid(a3a168854da1321408c43fec11006ce8) Importer(2089858483,b0f066a214c2f5e87bad3c948f4d605d) (ScriptedImporter) -> (artifact id: '4fb1e72b5717fb2fa35d5cc57a83bc4e') in 0.0084093 seconds
Number of updated asset objects reloaded before import = 0Number of asset objects unloaded after import = 0

========================================================================
Received Import Request.
  Time since last request: 0.000769 seconds.
  path: Assets/Animations/Flyer/idle.anim
  artifactKey: Guid(176336f7263bad54886c96ff5b73eeee) Importer(2089858483,b0f066a214c2f5e87bad3c948f4d605d)
Start importing Assets/Animations/Flyer/idle.anim using Guid(176336f7263bad54886c96ff5b73eeee) Importer(2089858483,b0f066a214c2f5e87bad3c948f4d605d) (ScriptedImporter) -> (artifact id: 'a0837f916841784fa7aeba74302fdf7c') in 0.0130816 seconds
Number of updated asset objects reloaded before import = 0Number of asset objects unloaded after import = 1

========================================================================
Received Import Request.
  Time since last request: 0.006055 seconds.
  path: Assets/AstarPathfindingProject/Documentation/documentation.html
  artifactKey: Guid(6549c7b2e2cf5e591a7b810697ba7c5b) Importer(2089858483,b0f066a214c2f5e87bad3c948f4d605d)
Start importing Assets/AstarPathfindingProject/Documentation/documentation.html using Guid(6549c7b2e2cf5e591a7b810697ba7c5b) Importer(2089858483,b0f066a214c2f5e87bad3c948f4d605d) (ScriptedImporter) -> (artifact id: '426774e2f0b412411dee401bead1a496') in 0.0088711 seconds
Number of updated asset objects reloaded before import = 0Number of asset objects unloaded after import = 1

========================================================================
Received Import Request.
  Time since last request: 0.000079 seconds.
  path: Assets/TextMesh Pro/Shaders/TMP_SDF.shader
  artifactKey: Guid(68e6db2ebdc24f95958faec2be5558d6) Importer(2089858483,b0f066a214c2f5e87bad3c948f4d605d)
Start importing Assets/TextMesh Pro/Shaders/TMP_SDF.shader using Guid(68e6db2ebdc24f95958faec2be5558d6) Importer(2089858483,b0f066a214c2f5e87bad3c948f4d605d) (ScriptedImporter) -> (artifact id: '3214e38da9761fd8986077af698edd7a') in 0.0209185 seconds
Number of updated asset objects reloaded before import = 0Number of asset objects unloaded after import = 1

========================================================================
Received Import Request.
  Time since last request: 0.000147 seconds.
  path: Assets/AstarPathfindingProject/Utilities/DynamicGridObstacle.cs
  artifactKey: Guid(183748dd497aa473a98ff0cd8cb67fc5) Importer(2089858483,b0f066a214c2f5e87bad3c948f4d605d)
Start importing Assets/AstarPathfindingProject/Utilities/DynamicGridObstacle.cs using Guid(183748dd497aa473a98ff0cd8cb67fc5) Importer(2089858483,b0f066a214c2f5e87bad3c948f4d605d) (ScriptedImporter) -> (artifact id: 'bb2905c963ea88887cabfdb0173908c8') in 0.0084641 seconds
Number of updated asset objects reloaded before import = 0Number of asset objects unloaded after import = 0

========================================================================
Received Import Request.
  Time since last request: 0.000211 seconds.
  path: Assets/AstarPathfindingProject/Generators/QuadtreeGraph.cs
  artifactKey: Guid(4931e76e5e5784200a904f4b59596556) Importer(2089858483,b0f066a214c2f5e87bad3c948f4d605d)
Start importing Assets/AstarPathfindingProject/Generators/QuadtreeGraph.cs using Guid(4931e76e5e5784200a904f4b59596556) Importer(2089858483,b0f066a214c2f5e87bad3c948f4d605d) (ScriptedImporter) -> (artifact id: '8d31e20f6162d8bdb42581e23a6bcf0c') in 0.0076767 seconds
Number of updated asset objects reloaded before import = 0Number of asset objects unloaded after import = 0

========================================================================
Received Import Request.
  Time since last request: 0.000372 seconds.
  path: Assets/AstarPathfindingProject/Core/Misc/AutoRepathPolicy.cs
  artifactKey: Guid(2664ef60fd2811ba280670298a6d312b) Importer(2089858483,b0f066a214c2f5e87bad3c948f4d605d)
Start importing Assets/AstarPathfindingProject/Core/Misc/AutoRepathPolicy.cs using Guid(2664ef60fd2811ba280670298a6d312b) Importer(2089858483,b0f066a214c2f5e87bad3c948f4d605d) (ScriptedImporter) -> (artifact id: '0af62a9705b426e92e865b0a83e0cc53') in 0.0089841 seconds
Number of updated asset objects reloaded before import = 0Number of asset objects unloaded after import = 0

========================================================================
Received Import Request.
  Time since last request: 0.000323 seconds.
  path: Assets/AstarPathfindingProject/Core/Misc/ArrayPool.cs
  artifactKey: Guid(787a564bf2d894ee09284b775074864c) Importer(2089858483,b0f066a214c2f5e87bad3c948f4d605d)
Start importing Assets/AstarPathfindingProject/Core/Misc/ArrayPool.cs using Guid(787a564bf2d894ee09284b775074864c) Importer(2089858483,b0f066a214c2f5e87bad3c948f4d605d) (ScriptedImporter) -> (artifact id: '25bd19ddc033493d95c5b1d5b7bfc8c6') in 0.0070778 seconds
Number of updated asset objects reloaded before import = 0Number of asset objects unloaded after import = 0

========================================================================
Received Import Request.
  Time since last request: 0.000162 seconds.
  path: Assets/TextMesh Pro/Shaders/TMP_Bitmap-Custom-Atlas.shader
  artifactKey: Guid(48bb5f55d8670e349b6e614913f9d910) Importer(2089858483,b0f066a214c2f5e87bad3c948f4d605d)
Start importing Assets/TextMesh Pro/Shaders/TMP_Bitmap-Custom-Atlas.shader using Guid(48bb5f55d8670e349b6e614913f9d910) Importer(2089858483,b0f066a214c2f5e87bad3c948f4d605d) (ScriptedImporter) -> (artifact id: '426a8198f11d99281cb8ae13ceacb2da') in 0.0090264 seconds
Number of updated asset objects reloaded before import = 0Number of asset objects unloaded after import = 1

========================================================================
Received Import Request.
  Time since last request: 0.000131 seconds.
  path: Assets/AstarPathfindingProject/Generators/GridGenerator.cs
  artifactKey: Guid(d5d28978e568e40429b2981fab3e380e) Importer(2089858483,b0f066a214c2f5e87bad3c948f4d605d)
Start importing Assets/AstarPathfindingProject/Generators/GridGenerator.cs using Guid(d5d28978e568e40429b2981fab3e380e) Importer(2089858483,b0f066a214c2f5e87bad3c948f4d605d) (ScriptedImporter) -> (artifact id: '46a9560b9d2888e5fa35ef7ab256b955') in 0.0069384 seconds
Number of updated asset objects reloaded before import = 0Number of asset objects unloaded after import = 0

========================================================================
Received Import Request.
  Time since last request: 0.000195 seconds.
  path: Assets/AstarPathfindingProject/Generators/NavmeshBase.cs
  artifactKey: Guid(f8b76f19632144117a3ac7f28faf2c15) Importer(2089858483,b0f066a214c2f5e87bad3c948f4d605d)
Start importing Assets/AstarPathfindingProject/Generators/NavmeshBase.cs using Guid(f8b76f19632144117a3ac7f28faf2c15) Importer(2089858483,b0f066a214c2f5e87bad3c948f4d605d) (ScriptedImporter) -> (artifact id: '5d30424b4d6af1c138fda55d7e01dec7') in 0.0085824 seconds
Number of updated asset objects reloaded before import = 0Number of asset objects unloaded after import = 0

========================================================================
Received Import Request.
  Time since last request: 0.000206 seconds.
  path: Assets/AstarPathfindingProject/Plugins/dependencies.txt
  artifactKey: Guid(cfd9baf6289e54259afb1420c5bee619) Importer(2089858483,b0f066a214c2f5e87bad3c948f4d605d)
Start importing Assets/AstarPathfindingProject/Plugins/dependencies.txt using Guid(cfd9baf6289e54259afb1420c5bee619) Importer(2089858483,b0f066a214c2f5e87bad3c948f4d605d) (ScriptedImporter) -> (artifact id: '2b0e0a8135e7ae6c80178a25bf87ea4a') in 0.0073597 seconds
Number of updated asset objects reloaded before import = 0Number of asset objects unloaded after import = 1

========================================================================
Received Import Request.
  Time since last request: 0.000182 seconds.
  path: Assets/TextMesh Pro/Shaders/TMPro_Mobile.cginc
  artifactKey: Guid(c334973cef89a9840b0b0c507e0377ab) Importer(2089858483,b0f066a214c2f5e87bad3c948f4d605d)
Start importing Assets/TextMesh Pro/Shaders/TMPro_Mobile.cginc using Guid(c334973cef89a9840b0b0c507e0377ab) Importer(2089858483,b0f066a214c2f5e87bad3c948f4d605d) (ScriptedImporter) -> (artifact id: '4704eb7f1d99a18b3dc3983fb9807446') in 0.007696 seconds
Number of updated asset objects reloaded before import = 0Number of asset objects unloaded after import = 1

========================================================================
Received Import Request.
  Time since last request: 0.000198 seconds.
  path: Assets/AstarPathfindingProject/Core/Misc/AnimationLink.cs
  artifactKey: Guid(d2e8b1fd6fa484fc29f8a26fb5e8662b) Importer(2089858483,b0f066a214c2f5e87bad3c948f4d605d)
Start importing Assets/AstarPathfindingProject/Core/Misc/AnimationLink.cs using Guid(d2e8b1fd6fa484fc29f8a26fb5e8662b) Importer(2089858483,b0f066a214c2f5e87bad3c948f4d605d) (ScriptedImporter) -> (artifact id: 'c4da7b06e241836860e61f021f6f515d') in 0.0077639 seconds
Number of updated asset objects reloaded before import = 0Number of asset objects unloaded after import = 0

========================================================================
Received Import Request.
  Time since last request: 0.000173 seconds.
  path: Assets/TextMesh Pro/Shaders/TMP_SDF-Mobile.shader
  artifactKey: Guid(fe393ace9b354375a9cb14cdbbc28be4) Importer(2089858483,b0f066a214c2f5e87bad3c948f4d605d)
Start importing Assets/TextMesh Pro/Shaders/TMP_SDF-Mobile.shader using Guid(fe393ace9b354375a9cb14cdbbc28be4) Importer(2089858483,b0f066a214c2f5e87bad3c948f4d605d) (ScriptedImporter) -> (artifact id: 'cc4ae0ae541e9e3d5f277b5932357112') in 0.0104568 seconds
Number of updated asset objects reloaded before import = 0Number of asset objects unloaded after import = 1

========================================================================
Received Import Request.
  Time since last request: 0.000121 seconds.
  path: Assets/AstarPathfindingProject/PackageTools/UniqueComponentAttribute.cs
  artifactKey: Guid(e256d5533142c4434897b4da38791511) Importer(2089858483,b0f066a214c2f5e87bad3c948f4d605d)
Start importing Assets/AstarPathfindingProject/PackageTools/UniqueComponentAttribute.cs using Guid(e256d5533142c4434897b4da38791511) Importer(2089858483,b0f066a214c2f5e87bad3c948f4d605d) (ScriptedImporter) -> (artifact id: '8edd25f4118735da2b976a6a9e7cc7ab') in 0.0075852 seconds
Number of updated asset objects reloaded before import = 0Number of asset objects unloaded after import = 0

========================================================================
Received Import Request.
  Time since last request: 0.000282 seconds.
  path: Assets/AstarPathfindingProject/Modifiers/FunnelModifier.cs
  artifactKey: Guid(77f586f285b3847808d79083bd19ef1f) Importer(2089858483,b0f066a214c2f5e87bad3c948f4d605d)
Start importing Assets/AstarPathfindingProject/Modifiers/FunnelModifier.cs using Guid(77f586f285b3847808d79083bd19ef1f) Importer(2089858483,b0f066a214c2f5e87bad3c948f4d605d) (ScriptedImporter) -> (artifact id: 'b3a977c4ed4bf39761d6876a0bb99e6d') in 0.008231 seconds
Number of updated asset objects reloaded before import = 0Number of asset objects unloaded after import = 0

========================================================================
Received Import Request.
  Time since last request: 0.000227 seconds.
  path: Assets/AstarPathfindingProject/Editor/AstarPathEditor.cs
  artifactKey: Guid(aa27fa41f8abe460a8b64e13d7be43ad) Importer(2089858483,b0f066a214c2f5e87bad3c948f4d605d)
Start importing Assets/AstarPathfindingProject/Editor/AstarPathEditor.cs using Guid(aa27fa41f8abe460a8b64e13d7be43ad) Importer(2089858483,b0f066a214c2f5e87bad3c948f4d605d) (ScriptedImporter) -> (artifact id: 'ff63f2c1769d56434980ef31f8487be4') in 0.0081387 seconds
Number of updated asset objects reloaded before import = 0Number of asset objects unloaded after import = 0

========================================================================
Received Import Request.
  Time since last request: 0.000362 seconds.
  path: Assets/AstarPathfindingProject/Utilities/DotNetReplacements.cs
  artifactKey: Guid(c306b1bfc824f40909c5a91e06e4090f) Importer(2089858483,b0f066a214c2f5e87bad3c948f4d605d)
Start importing Assets/AstarPathfindingProject/Utilities/DotNetReplacements.cs using Guid(c306b1bfc824f40909c5a91e06e4090f) Importer(2089858483,b0f066a214c2f5e87bad3c948f4d605d) (ScriptedImporter) -> (artifact id: '530417c2e88fbde4fd0d58d510d4fbe5') in 0.0090344 seconds
Number of updated asset objects reloaded before import = 0Number of asset objects unloaded after import = 0

========================================================================
Received Import Request.
  Time since last request: 0.000325 seconds.
  path: Assets/TextMesh Pro/Documentation/TextMesh Pro User Guide 2016.pdf
  artifactKey: Guid(1b8d251f9af63b746bf2f7ffe00ebb9b) Importer(2089858483,b0f066a214c2f5e87bad3c948f4d605d)
Start importing Assets/TextMesh Pro/Documentation/TextMesh Pro User Guide 2016.pdf using Guid(1b8d251f9af63b746bf2f7ffe00ebb9b) Importer(2089858483,b0f066a214c2f5e87bad3c948f4d605d) (ScriptedImporter) -> (artifact id: '229dbf94d46674134cc7ff513404aaa9') in 0.007076 seconds
Number of updated asset objects reloaded before import = 0Number of asset objects unloaded after import = 1

========================================================================
Received Import Request.
  Time since last request: 0.000125 seconds.
  path: Assets/AstarPathfindingProject/Editor/ProceduralGridMoverEditor.cs
  artifactKey: Guid(b50f1b778f5176f18b2305552cc4639c) Importer(2089858483,b0f066a214c2f5e87bad3c948f4d605d)
Start importing Assets/AstarPathfindingProject/Editor/ProceduralGridMoverEditor.cs using Guid(b50f1b778f5176f18b2305552cc4639c) Importer(2089858483,b0f066a214c2f5e87bad3c948f4d605d) (ScriptedImporter) -> (artifact id: 'd8d1c7e2c2c712ba0730c7ece0b84d18') in 0.0072324 seconds
Number of updated asset objects reloaded before import = 0Number of asset objects unloaded after import = 0

========================================================================
Received Import Request.
  Time since last request: 0.000181 seconds.
  path: Assets/TextMesh Pro/Shaders/TMP_SDF-Mobile Masking.shader
  artifactKey: Guid(bc1ede39bf3643ee8e493720e4259791) Importer(2089858483,b0f066a214c2f5e87bad3c948f4d605d)
Start importing Assets/TextMesh Pro/Shaders/TMP_SDF-Mobile Masking.shader using Guid(bc1ede39bf3643ee8e493720e4259791) Importer(2089858483,b0f066a214c2f5e87bad3c948f4d605d) (ScriptedImporter) -> (artifact id: '02d4cc698df39b858e232ec177f50579') in 0.0084411 seconds
Number of updated asset objects reloaded before import = 0Number of asset objects unloaded after import = 1

========================================================================
Received Import Request.
  Time since last request: 0.000111 seconds.
  path: Assets/AstarPathfindingProject/Modifiers/AlternativePath.cs
  artifactKey: Guid(a537d958aa5bb4f35b0d7b40d72278f2) Importer(2089858483,b0f066a214c2f5e87bad3c948f4d605d)
Start importing Assets/AstarPathfindingProject/Modifiers/AlternativePath.cs using Guid(a537d958aa5bb4f35b0d7b40d72278f2) Importer(2089858483,b0f066a214c2f5e87bad3c948f4d605d) (ScriptedImporter) -> (artifact id: 'ab0830428b57f4559e187bb9898d383e') in 0.0077046 seconds
Number of updated asset objects reloaded before import = 0Number of asset objects unloaded after import = 0

========================================================================
Received Import Request.
  Time since last request: 0.000351 seconds.
  path: Assets/AstarPathfindingProject/Modifiers/SimpleSmoothModifier.cs
  artifactKey: Guid(cb6a34d769a1e4ac7b0b30e433aa443c) Importer(2089858483,b0f066a214c2f5e87bad3c948f4d605d)
Start importing Assets/AstarPathfindingProject/Modifiers/SimpleSmoothModifier.cs using Guid(cb6a34d769a1e4ac7b0b30e433aa443c) Importer(2089858483,b0f066a214c2f5e87bad3c948f4d605d) (ScriptedImporter) -> (artifact id: 'bf47ef0f6f4c67dfc870a898634a4fb9') in 0.0084036 seconds
Number of updated asset objects reloaded before import = 0Number of asset objects unloaded after import = 0

========================================================================
Received Import Request.
  Time since last request: 0.000151 seconds.
  path: Assets/TextMesh Pro/Sprites/EmojiOne Attribution.txt
  artifactKey: Guid(381dcb09d5029d14897e55f98031fca5) Importer(2089858483,b0f066a214c2f5e87bad3c948f4d605d)
Start importing Assets/TextMesh Pro/Sprites/EmojiOne Attribution.txt using Guid(381dcb09d5029d14897e55f98031fca5) Importer(2089858483,b0f066a214c2f5e87bad3c948f4d605d) (ScriptedImporter) -> (artifact id: '8aebe1c086bb01405b81034c7d0a5d82') in 0.0080718 seconds
Number of updated asset objects reloaded before import = 0Number of asset objects unloaded after import = 1

========================================================================
Received Import Request.
  Time since last request: 0.000130 seconds.
  path: Assets/AstarPathfindingProject/Documentation/index.md
  artifactKey: Guid(2b79fd5a5af73e4559215bde8ebd75e9) Importer(2089858483,b0f066a214c2f5e87bad3c948f4d605d)
Start importing Assets/AstarPathfindingProject/Documentation/index.md using Guid(2b79fd5a5af73e4559215bde8ebd75e9) Importer(2089858483,b0f066a214c2f5e87bad3c948f4d605d) (ScriptedImporter) -> (artifact id: '5071f3389f851e091c19cc6f15b7fe2f') in 0.0074429 seconds
Number of updated asset objects reloaded before import = 0Number of asset objects unloaded after import = 1

========================================================================
Received Import Request.
  Time since last request: 0.000322 seconds.
  path: Assets/AstarPathfindingProject/Modifiers/Modifiers.cs
  artifactKey: Guid(ce1f812d122764ce7a45f2dd03915e46) Importer(2089858483,b0f066a214c2f5e87bad3c948f4d605d)
Start importing Assets/AstarPathfindingProject/Modifiers/Modifiers.cs using Guid(ce1f812d122764ce7a45f2dd03915e46) Importer(2089858483,b0f066a214c2f5e87bad3c948f4d605d) (ScriptedImporter) -> (artifact id: '1230823fc261d6eb766d9a37df6701aa') in 0.009153 seconds
Number of updated asset objects reloaded before import = 0Number of asset objects unloaded after import = 0

========================================================================
Received Import Request.
  Time since last request: 0.000337 seconds.
  path: Assets/TextMesh Pro/Shaders/TMP_Bitmap-Mobile.shader
  artifactKey: Guid(1e3b057af24249748ff873be7fafee47) Importer(2089858483,b0f066a214c2f5e87bad3c948f4d605d)
Start importing Assets/TextMesh Pro/Shaders/TMP_Bitmap-Mobile.shader using Guid(1e3b057af24249748ff873be7fafee47) Importer(2089858483,b0f066a214c2f5e87bad3c948f4d605d) (ScriptedImporter) -> (artifact id: 'ae5a92c88c41c2d8951e526a59e08447') in 0.0103441 seconds
Number of updated asset objects reloaded before import = 0Number of asset objects unloaded after import = 1

========================================================================
Received Import Request.
  Time since last request: 0.000157 seconds.
  path: Assets/AstarPathfindingProject/Editor/SeekerEditor.cs
  artifactKey: Guid(95febb4c5ed8c46939368f03ecf4b3b0) Importer(2089858483,b0f066a214c2f5e87bad3c948f4d605d)
Start importing Assets/AstarPathfindingProject/Editor/SeekerEditor.cs using Guid(95febb4c5ed8c46939368f03ecf4b3b0) Importer(2089858483,b0f066a214c2f5e87bad3c948f4d605d) (ScriptedImporter) -> (artifact id: '3050feef7bec8b4cfbe1842e250d5db5') in 0.0078856 seconds
Number of updated asset objects reloaded before import = 0Number of asset objects unloaded after import = 0

========================================================================
Received Import Request.
  Time since last request: 0.000221 seconds.
  path: Assets/AstarPathfindingProject/Navmesh/RelevantGraphSurface.cs
  artifactKey: Guid(d064c7cb576144978a3535f4c71ac247) Importer(2089858483,b0f066a214c2f5e87bad3c948f4d605d)
Start importing Assets/AstarPathfindingProject/Navmesh/RelevantGraphSurface.cs using Guid(d064c7cb576144978a3535f4c71ac247) Importer(2089858483,b0f066a214c2f5e87bad3c948f4d605d) (ScriptedImporter) -> (artifact id: 'e34357a02c689d4322b15ea960f79ef1') in 0.0077775 seconds
Number of updated asset objects reloaded before import = 0Number of asset objects unloaded after import = 0

========================================================================
Received Import Request.
  Time since last request: 0.000129 seconds.
  path: Assets/AstarPathfindingProject/Utilities/AstarParallel.cs
  artifactKey: Guid(fa95ccba91f5c4ab8922aa7859f0a300) Importer(2089858483,b0f066a214c2f5e87bad3c948f4d605d)
Start importing Assets/AstarPathfindingProject/Utilities/AstarParallel.cs using Guid(fa95ccba91f5c4ab8922aa7859f0a300) Importer(2089858483,b0f066a214c2f5e87bad3c948f4d605d) (ScriptedImporter) -> (artifact id: '68195dd7f4b231e7561ce41933acf4e9') in 0.0076173 seconds
Number of updated asset objects reloaded before import = 0Number of asset objects unloaded after import = 0

========================================================================
Received Import Request.
  Time since last request: 0.000131 seconds.
  path: Assets/TextMesh Pro/Shaders/TMP_Bitmap.shader
  artifactKey: Guid(128e987d567d4e2c824d754223b3f3b0) Importer(2089858483,b0f066a214c2f5e87bad3c948f4d605d)
Start importing Assets/TextMesh Pro/Shaders/TMP_Bitmap.shader using Guid(128e987d567d4e2c824d754223b3f3b0) Importer(2089858483,b0f066a214c2f5e87bad3c948f4d605d) (ScriptedImporter) -> (artifact id: 'c7e7d7046c394350520cfe09a7285a87') in 0.0079765 seconds
Number of updated asset objects reloaded before import = 0Number of asset objects unloaded after import = 1

========================================================================
Received Import Request.
  Time since last request: 0.000146 seconds.
  path: Assets/TextMesh Pro/Resources/LineBreaking Following Characters.txt
  artifactKey: Guid(fade42e8bc714b018fac513c043d323b) Importer(2089858483,b0f066a214c2f5e87bad3c948f4d605d)
Start importing Assets/TextMesh Pro/Resources/LineBreaking Following Characters.txt using Guid(fade42e8bc714b018fac513c043d323b) Importer(2089858483,b0f066a214c2f5e87bad3c948f4d605d) (ScriptedImporter) -> (artifact id: '3581f5fbb4937ca85ec886096adb7cca') in 0.0059358 seconds
Number of updated asset objects reloaded before import = 0Number of asset objects unloaded after import = 1

========================================================================
Received Import Request.
  Time since last request: 0.000099 seconds.
  path: Assets/Free_Trees/Textures/tree_diffuse.png
  artifactKey: Guid(255283d354122406ebf8159c5ea35b7d) Importer(2089858483,b0f066a214c2f5e87bad3c948f4d605d)
Start importing Assets/Free_Trees/Textures/tree_diffuse.png using Guid(255283d354122406ebf8159c5ea35b7d) Importer(2089858483,b0f066a214c2f5e87bad3c948f4d605d) (ScriptedImporter) -> (artifact id: '5cedb6db6d74c3681a755ea2b86d4244') in 0.0245818 seconds
Number of updated asset objects reloaded before import = 0Number of asset objects unloaded after import = 1

========================================================================
Received Import Request.
  Time since last request: 0.000286 seconds.
  path: Assets/AstarPathfindingProject/Editor/AstarUpdateWindow.cs
  artifactKey: Guid(97d8d5fc46a644f22b0d66c6ee18e753) Importer(2089858483,b0f066a214c2f5e87bad3c948f4d605d)
Start importing Assets/AstarPathfindingProject/Editor/AstarUpdateWindow.cs using Guid(97d8d5fc46a644f22b0d66c6ee18e753) Importer(2089858483,b0f066a214c2f5e87bad3c948f4d605d) (ScriptedImporter) -> (artifact id: '3f7481e4ed18120267616a46837361a6') in 0.0088498 seconds
Number of updated asset objects reloaded before import = 0Number of asset objects unloaded after import = 0

========================================================================
Received Import Request.
  Time since last request: 0.158459 seconds.
  path: Assets/AstarPathfindingProject/Core/Misc/EditorResourceHelper.cs
  artifactKey: Guid(8127bc49e9e2d42dfa7a4e057842f165) Importer(2089858483,b0f066a214c2f5e87bad3c948f4d605d)
Start importing Assets/AstarPathfindingProject/Core/Misc/EditorResourceHelper.cs using Guid(8127bc49e9e2d42dfa7a4e057842f165) Importer(2089858483,b0f066a214c2f5e87bad3c948f4d605d) (ScriptedImporter) -> (artifact id: 'b99789c3e4cf87f14987413cf307f95d') in 0.0307474 seconds
Number of updated asset objects reloaded before import = 0Number of asset objects unloaded after import = 0

========================================================================
Received Import Request.
  Time since last request: 0.000257 seconds.
  path: Assets/AstarPathfindingProject/Core/Misc/GraphUtilities.cs
  artifactKey: Guid(fd178834bf6c54cdb8fc5f76a039a91c) Importer(2089858483,b0f066a214c2f5e87bad3c948f4d605d)
Start importing Assets/AstarPathfindingProject/Core/Misc/GraphUtilities.cs using Guid(fd178834bf6c54cdb8fc5f76a039a91c) Importer(2089858483,b0f066a214c2f5e87bad3c948f4d605d) (ScriptedImporter) -> (artifact id: 'db2f841d8b1715c4f923e2701cae0368') in 0.008103 seconds
Number of updated asset objects reloaded before import = 0Number of asset objects unloaded after import = 0

========================================================================
Received Import Request.
  Time since last request: 0.000212 seconds.
  path: Assets/AstarPathfindingProject/ExampleScenes/ExampleScripts/MineBotAnimation.cs
  artifactKey: Guid(8503d71a898994d3288ce1708e2707fe) Importer(2089858483,b0f066a214c2f5e87bad3c948f4d605d)
Start importing Assets/AstarPathfindingProject/ExampleScenes/ExampleScripts/MineBotAnimation.cs using Guid(8503d71a898994d3288ce1708e2707fe) Importer(2089858483,b0f066a214c2f5e87bad3c948f4d605d) (ScriptedImporter) -> (artifact id: '1253bf0aaffd127d34536bf533b92027') in 0.0087464 seconds
Number of updated asset objects reloaded before import = 0Number of asset objects unloaded after import = 0

========================================================================
Received Import Request.
  Time since last request: 0.000205 seconds.
  path: Assets/AstarPathfindingProject/Core/Serialization/JsonSerializer.cs
  artifactKey: Guid(edd6db33319e94141bb849f4f58261c3) Importer(2089858483,b0f066a214c2f5e87bad3c948f4d605d)
Start importing Assets/AstarPathfindingProject/Core/Serialization/JsonSerializer.cs using Guid(edd6db33319e94141bb849f4f58261c3) Importer(2089858483,b0f066a214c2f5e87bad3c948f4d605d) (ScriptedImporter) -> (artifact id: 'b20b2cc6bdcb40fb04c2a4e293489ab7') in 0.0084671 seconds
Number of updated asset objects reloaded before import = 0Number of asset objects unloaded after import = 0

========================================================================
Received Import Request.
  Time since last request: 0.000224 seconds.
  path: Assets/AstarPathfindingProject/ExampleScenes/Example15_2D/2D.unity
  artifactKey: Guid(15c1a00768b91406da1023481bb6b04e) Importer(2089858483,b0f066a214c2f5e87bad3c948f4d605d)
Start importing Assets/AstarPathfindingProject/ExampleScenes/Example15_2D/2D.unity using Guid(15c1a00768b91406da1023481bb6b04e) Importer(2089858483,b0f066a214c2f5e87bad3c948f4d605d) (ScriptedImporter) -> (artifact id: 'dee47a6f0f685bdbcbc86a61bd12e5ea') in 0.0169211 seconds
Number of updated asset objects reloaded before import = 0Number of asset objects unloaded after import = 1

========================================================================
Received Import Request.
  Time since last request: 0.000120 seconds.
  path: Assets/AstarPathfindingProject/ExampleScenes/Materials/SomeBox.mat
  artifactKey: Guid(86ebf3c4b42174d2a9d3c1dfd2476f32) Importer(2089858483,b0f066a214c2f5e87bad3c948f4d605d)
Start importing Assets/AstarPathfindingProject/ExampleScenes/Materials/SomeBox.mat using Guid(86ebf3c4b42174d2a9d3c1dfd2476f32) Importer(2089858483,b0f066a214c2f5e87bad3c948f4d605d) (ScriptedImporter) -> (artifact id: '2c2ba9ac98148084347846476124c260') in 0.0987626 seconds
Number of updated asset objects reloaded before import = 0Number of asset objects unloaded after import = 2

========================================================================
Received Import Request.
  Time since last request: 0.000052 seconds.
  path: Assets/AstarPathfindingProject/Editor/EditorAssets/AstarEditorSkinLight.guiskin
  artifactKey: Guid(66428235a3cda4584bd90de6998ad4d2) Importer(2089858483,b0f066a214c2f5e87bad3c948f4d605d)
Start importing Assets/AstarPathfindingProject/Editor/EditorAssets/AstarEditorSkinLight.guiskin using Guid(66428235a3cda4584bd90de6998ad4d2) Importer(2089858483,b0f066a214c2f5e87bad3c948f4d605d) (ScriptedImporter) -> (artifact id: '8c0a4017b6456e0718ecb2fad64e8a18') in 0.1804635 seconds
Number of updated asset objects reloaded before import = 0Number of asset objects unloaded after import = 1

========================================================================
Received Import Request.
  Time since last request: 0.000096 seconds.
  path: Assets/AstarPathfindingProject/ExampleScenes/Example5_PointGraph/ex5Ground.mat
  artifactKey: Guid(46e0ecefe2ba442a5825f21e42530872) Importer(2089858483,b0f066a214c2f5e87bad3c948f4d605d)
Start importing Assets/AstarPathfindingProject/ExampleScenes/Example5_PointGraph/ex5Ground.mat using Guid(46e0ecefe2ba442a5825f21e42530872) Importer(2089858483,b0f066a214c2f5e87bad3c948f4d605d) (ScriptedImporter) -> (artifact id: 'b26b51a367cb52c70767201dac828bbc') in 0.0141694 seconds
Number of updated asset objects reloaded before import = 0Number of asset objects unloaded after import = 2

========================================================================
Received Import Request.
  Time since last request: 0.000047 seconds.
  path: Assets/AstarPathfindingProject/ExampleScenes/ExampleScripts/DoorController.cs
  artifactKey: Guid(e96422fbb088f477baaf6f2ada396863) Importer(2089858483,b0f066a214c2f5e87bad3c948f4d605d)
Start importing Assets/AstarPathfindingProject/ExampleScenes/ExampleScripts/DoorController.cs using Guid(e96422fbb088f477baaf6f2ada396863) Importer(2089858483,b0f066a214c2f5e87bad3c948f4d605d) (ScriptedImporter) -> (artifact id: 'a74653278e5355f449186ab449044846') in 0.0090201 seconds
Number of updated asset objects reloaded before import = 0Number of asset objects unloaded after import = 0

========================================================================
Received Import Request.
  Time since last request: 0.000492 seconds.
  path: Assets/AstarPathfindingProject/ExampleScenes/Example12_Procedural/ProceduralWorld.cs
  artifactKey: Guid(b265527da9152484fa74392751085576) Importer(2089858483,b0f066a214c2f5e87bad3c948f4d605d)
Start importing Assets/AstarPathfindingProject/ExampleScenes/Example12_Procedural/ProceduralWorld.cs using Guid(b265527da9152484fa74392751085576) Importer(2089858483,b0f066a214c2f5e87bad3c948f4d605d) (ScriptedImporter) -> (artifact id: 'c8221bec66f545eee5d44bfcf5e30bca') in 0.0121056 seconds
Number of updated asset objects reloaded before import = 0Number of asset objects unloaded after import = 0

========================================================================
Received Import Request.
  Time since last request: 0.000261 seconds.
  path: Assets/AstarPathfindingProject/Editor/Legacy/LegacyAIPathEditor2.cs
  artifactKey: Guid(5075ffc0df8c943368fa824db55589b4) Importer(2089858483,b0f066a214c2f5e87bad3c948f4d605d)
Start importing Assets/AstarPathfindingProject/Editor/Legacy/LegacyAIPathEditor2.cs using Guid(5075ffc0df8c943368fa824db55589b4) Importer(2089858483,b0f066a214c2f5e87bad3c948f4d605d) (ScriptedImporter) -> (artifact id: 'e833fcae60c2a4fdb38c89867a5cc242') in 0.0085167 seconds
Number of updated asset objects reloaded before import = 0Number of asset objects unloaded after import = 0

========================================================================
Received Import Request.
  Time since last request: 0.000287 seconds.
  path: Assets/AstarPathfindingProject/Editor/ModifierEditors/RaycastModifierEditor.cs
  artifactKey: Guid(ec73ac2d3bd6342faace3242ff3e6f79) Importer(2089858483,b0f066a214c2f5e87bad3c948f4d605d)
Start importing Assets/AstarPathfindingProject/Editor/ModifierEditors/RaycastModifierEditor.cs using Guid(ec73ac2d3bd6342faace3242ff3e6f79) Importer(2089858483,b0f066a214c2f5e87bad3c948f4d605d) (ScriptedImporter) -> (artifact id: 'baf151eeb0a1d570f50c9183ae1d3434') in 0.0115349 seconds
Number of updated asset objects reloaded before import = 0Number of asset objects unloaded after import = 0

========================================================================
Received Import Request.
  Time since last request: 0.000428 seconds.
  path: Assets/AstarPathfindingProject/Editor/GraphEditors/PointGeneratorEditor.cs
  artifactKey: Guid(b563cffdf75ee4497b91d4ac8e106260) Importer(2089858483,b0f066a214c2f5e87bad3c948f4d605d)
Start importing Assets/AstarPathfindingProject/Editor/GraphEditors/PointGeneratorEditor.cs using Guid(b563cffdf75ee4497b91d4ac8e106260) Importer(2089858483,b0f066a214c2f5e87bad3c948f4d605d) (ScriptedImporter) -> (artifact id: 'c0ad6062c377595b8eb34fa29c25929d') in 0.0084189 seconds
Number of updated asset objects reloaded before import = 0Number of asset objects unloaded after import = 0

========================================================================
Received Import Request.
  Time since last request: 0.000162 seconds.
  path: Assets/AstarPathfindingProject/Editor/GraphEditors/GraphEditor.cs
  artifactKey: Guid(b0bbfd9d85ec946b2a05cdeaab0d6f5f) Importer(2089858483,b0f066a214c2f5e87bad3c948f4d605d)
Start importing Assets/AstarPathfindingProject/Editor/GraphEditors/GraphEditor.cs using Guid(b0bbfd9d85ec946b2a05cdeaab0d6f5f) Importer(2089858483,b0f066a214c2f5e87bad3c948f4d605d) (ScriptedImporter) -> (artifact id: '2708632535370e13497dc24611e48c8c') in 0.007539 seconds
Number of updated asset objects reloaded before import = 0Number of asset objects unloaded after import = 0

========================================================================
Received Import Request.
  Time since last request: 0.000230 seconds.
  path: Assets/AstarPathfindingProject/Editor/EditorAssets/AstarEditorSkinDark.guiskin
  artifactKey: Guid(8fc713511eb5d4fb9937ab63de6af346) Importer(2089858483,b0f066a214c2f5e87bad3c948f4d605d)
Start importing Assets/AstarPathfindingProject/Editor/EditorAssets/AstarEditorSkinDark.guiskin using Guid(8fc713511eb5d4fb9937ab63de6af346) Importer(2089858483,b0f066a214c2f5e87bad3c948f4d605d) (ScriptedImporter) -> (artifact id: '8262df649d934eeef18dd3d9c7896c07') in 0.0744645 seconds
Number of updated asset objects reloaded before import = 0Number of asset objects unloaded after import = 1

========================================================================
Received Import Request.
  Time since last request: 0.001053 seconds.
  path: Assets/AstarPathfindingProject/Generators/Utilities/GraphTransform.cs
  artifactKey: Guid(f9d3961465175430a84fd52d1bd31b05) Importer(2089858483,b0f066a214c2f5e87bad3c948f4d605d)
Start importing Assets/AstarPathfindingProject/Generators/Utilities/GraphTransform.cs using Guid(f9d3961465175430a84fd52d1bd31b05) Importer(2089858483,b0f066a214c2f5e87bad3c948f4d605d) (ScriptedImporter) -> (artifact id: '16680433d6c51e538dd6e295c0d46d8a') in 0.009456 seconds
Number of updated asset objects reloaded before import = 0Number of asset objects unloaded after import = 0

========================================================================
Received Import Request.
  Time since last request: 0.000300 seconds.
  path: Assets/AstarPathfindingProject/Plugins/DotNetZip/DotNetZipLicense.txt
  artifactKey: Guid(59ba0bf2b49f14a96917a04cee5df27e) Importer(2089858483,b0f066a214c2f5e87bad3c948f4d605d)
Start importing Assets/AstarPathfindingProject/Plugins/DotNetZip/DotNetZipLicense.txt using Guid(59ba0bf2b49f14a96917a04cee5df27e) Importer(2089858483,b0f066a214c2f5e87bad3c948f4d605d) (ScriptedImporter) -> (artifact id: 'e7018df3e266c885865e061dab360c77') in 0.0076371 seconds
Number of updated asset objects reloaded before import = 0Number of asset objects unloaded after import = 1

========================================================================
Received Import Request.
  Time since last request: 0.000189 seconds.
  path: Assets/TextMesh Pro/Examples & Extras/Textures/Wipe Pattern - Circle.psd
  artifactKey: Guid(10c49fcd9c64421db7c0133e61e55f97) Importer(2089858483,b0f066a214c2f5e87bad3c948f4d605d)
Start importing Assets/TextMesh Pro/Examples & Extras/Textures/Wipe Pattern - Circle.psd using Guid(10c49fcd9c64421db7c0133e61e55f97) Importer(2089858483,b0f066a214c2f5e87bad3c948f4d605d) (ScriptedImporter) -> (artifact id: '8aa133eb63dcd00447d97737e85cf737') in 0.0206223 seconds
Number of updated asset objects reloaded before import = 0Number of asset objects unloaded after import = 1

========================================================================
Received Import Request.
  Time since last request: 0.000123 seconds.
  path: Assets/TextMesh Pro/Examples & Extras/Scripts/TMP_TextEventCheck.cs
  artifactKey: Guid(d736ce056cf444ca96e424f4d9c42b76) Importer(2089858483,b0f066a214c2f5e87bad3c948f4d605d)
Start importing Assets/TextMesh Pro/Examples & Extras/Scripts/TMP_TextEventCheck.cs using Guid(d736ce056cf444ca96e424f4d9c42b76) Importer(2089858483,b0f066a214c2f5e87bad3c948f4d605d) (ScriptedImporter) -> (artifact id: 'feb08179c37eea0372f5b891298e1b38') in 0.0074018 seconds
Number of updated asset objects reloaded before import = 0Number of asset objects unloaded after import = 0

========================================================================
Received Import Request.
  Time since last request: 0.000195 seconds.
  path: Assets/TextMesh Pro/Examples & Extras/Scenes/14 - Multi Font & Sprites.unity
  artifactKey: Guid(22a2fba786ad4c40ac0ba09f0b933100) Importer(2089858483,b0f066a214c2f5e87bad3c948f4d605d)
Start importing Assets/TextMesh Pro/Examples & Extras/Scenes/14 - Multi Font & Sprites.unity using Guid(22a2fba786ad4c40ac0ba09f0b933100) Importer(2089858483,b0f066a214c2f5e87bad3c948f4d605d) (ScriptedImporter) -> (artifact id: 'c79ae8b3d1440798f161a62322d19821') in 0.0085605 seconds
Number of updated asset objects reloaded before import = 0Number of asset objects unloaded after import = 1

========================================================================
Received Import Request.
  Time since last request: 0.000209 seconds.
  path: Assets/TextMesh Pro/Examples & Extras/Scripts/Benchmark01_UGUI.cs
  artifactKey: Guid(8ef7be1c625941f7ba8ed7cc71718c0d) Importer(2089858483,b0f066a214c2f5e87bad3c948f4d605d)
Start importing Assets/TextMesh Pro/Examples & Extras/Scripts/Benchmark01_UGUI.cs using Guid(8ef7be1c625941f7ba8ed7cc71718c0d) Importer(2089858483,b0f066a214c2f5e87bad3c948f4d605d) (ScriptedImporter) -> (artifact id: 'cf74616f7709bd1a410b222cd7724d6f') in 0.0131156 seconds
Number of updated asset objects reloaded before import = 0Number of asset objects unloaded after import = 0

========================================================================
Received Import Request.
  Time since last request: 0.000213 seconds.
  path: Assets/TextMesh Pro/Examples & Extras/Scripts/TMP_TextInfoDebugTool.cs
  artifactKey: Guid(21256c5b62f346f18640dad779911e20) Importer(2089858483,b0f066a214c2f5e87bad3c948f4d605d)
Start importing Assets/TextMesh Pro/Examples & Extras/Scripts/TMP_TextInfoDebugTool.cs using Guid(21256c5b62f346f18640dad779911e20) Importer(2089858483,b0f066a214c2f5e87bad3c948f4d605d) (ScriptedImporter) -> (artifact id: '984fafad295fc371deb68ff64ddc3f3a') in 0.0084565 seconds
Number of updated asset objects reloaded before import = 0Number of asset objects unloaded after import = 0

========================================================================
Received Import Request.
  Time since last request: 0.000292 seconds.
  path: Assets/TextMesh Pro/Examples & Extras/Scripts/TMP_UiFrameRateCounter.cs
  artifactKey: Guid(24b0dc2d1d494adbbec1f4db26b4cf83) Importer(2089858483,b0f066a214c2f5e87bad3c948f4d605d)
Start importing Assets/TextMesh Pro/Examples & Extras/Scripts/TMP_UiFrameRateCounter.cs using Guid(24b0dc2d1d494adbbec1f4db26b4cf83) Importer(2089858483,b0f066a214c2f5e87bad3c948f4d605d) (ScriptedImporter) -> (artifact id: '3a5c831012546662355136a064e253f8') in 0.0085754 seconds
Number of updated asset objects reloaded before import = 0Number of asset objects unloaded after import = 0

========================================================================
Received Import Request.
  Time since last request: 0.000235 seconds.
  path: Assets/AstarPathfindingProject/Editor/EditorAssets/DarkSkin/editButton@2x.png
  artifactKey: Guid(e8ebb72a41d314b288545fddfd20cafd) Importer(2089858483,b0f066a214c2f5e87bad3c948f4d605d)
Start importing Assets/AstarPathfindingProject/Editor/EditorAssets/DarkSkin/editButton@2x.png using Guid(e8ebb72a41d314b288545fddfd20cafd) Importer(2089858483,b0f066a214c2f5e87bad3c948f4d605d) (ScriptedImporter) -> (artifact id: 'efd4f2569be0a9d3cdf1be5fcdfeb6dc') in 0.0203178 seconds
Number of updated asset objects reloaded before import = 0Number of asset objects unloaded after import = 1

========================================================================
Received Import Request.
  Time since last request: 0.000144 seconds.
  path: Assets/TextMesh Pro/Examples & Extras/Textures/Text Overflow - Linked Text Image 1.png
  artifactKey: Guid(4ccf43d26c4748c792174516f4a8fcef) Importer(2089858483,b0f066a214c2f5e87bad3c948f4d605d)
Start importing Assets/TextMesh Pro/Examples & Extras/Textures/Text Overflow - Linked Text Image 1.png using Guid(4ccf43d26c4748c792174516f4a8fcef) Importer(2089858483,b0f066a214c2f5e87bad3c948f4d605d) (ScriptedImporter) -> (artifact id: 'd73072e80f25d01566921eea81f12b76') in 0.0197506 seconds
Number of updated asset objects reloaded before import = 0Number of asset objects unloaded after import = 1

========================================================================
Received Import Request.
  Time since last request: 0.000230 seconds.
  path: Assets/TextMesh Pro/Examples & Extras/Scripts/TMP_PhoneNumberValidator.cs
  artifactKey: Guid(83680ab1a69f4102ac67d1459fe76e1f) Importer(2089858483,b0f066a214c2f5e87bad3c948f4d605d)
Start importing Assets/TextMesh Pro/Examples & Extras/Scripts/TMP_PhoneNumberValidator.cs using Guid(83680ab1a69f4102ac67d1459fe76e1f) Importer(2089858483,b0f066a214c2f5e87bad3c948f4d605d) (ScriptedImporter) -> (artifact id: 'dad4b9ae74a4c5bcfd2b1b06c0ff37f1') in 0.0084389 seconds
Number of updated asset objects reloaded before import = 0Number of asset objects unloaded after import = 0

========================================================================
Received Import Request.
  Time since last request: 0.000289 seconds.
  path: Assets/AstarPathfindingProject/Generators/Utilities/NavMeshRenderer.cs
  artifactKey: Guid(b56789f958bf1496ba91f7e2b4147166) Importer(2089858483,b0f066a214c2f5e87bad3c948f4d605d)
Start importing Assets/AstarPathfindingProject/Generators/Utilities/NavMeshRenderer.cs using Guid(b56789f958bf1496ba91f7e2b4147166) Importer(2089858483,b0f066a214c2f5e87bad3c948f4d605d) (ScriptedImporter) -> (artifact id: 'ab023eaba110f5d52e30edd84f96f0c7') in 0.0071573 seconds
Number of updated asset objects reloaded before import = 0Number of asset objects unloaded after import = 0

========================================================================
Received Import Request.
  Time since last request: 0.000236 seconds.
  path: Assets/AstarPathfindingProject/Editor/EditorAssets/DarkSkin/editButton_active@1x.png
  artifactKey: Guid(e0cb3cc51f25a48bf8b0c647452b09b1) Importer(2089858483,b0f066a214c2f5e87bad3c948f4d605d)
Start importing Assets/AstarPathfindingProject/Editor/EditorAssets/DarkSkin/editButton_active@1x.png using Guid(e0cb3cc51f25a48bf8b0c647452b09b1) Importer(2089858483,b0f066a214c2f5e87bad3c948f4d605d) (ScriptedImporter) -> (artifact id: '664519556220f23ac74ba7ee1c631d07') in 0.0200613 seconds
Number of updated asset objects reloaded before import = 0Number of asset objects unloaded after import = 1

========================================================================
Received Import Request.
  Time since last request: 0.000168 seconds.
  path: Assets/AstarPathfindingProject/Editor/EditorAssets/DarkSkin/gizmoButton_off@1x.png
  artifactKey: Guid(b05124c2b9dc5429a84ef0195a916fce) Importer(2089858483,b0f066a214c2f5e87bad3c948f4d605d)
Start importing Assets/AstarPathfindingProject/Editor/EditorAssets/DarkSkin/gizmoButton_off@1x.png using Guid(b05124c2b9dc5429a84ef0195a916fce) Importer(2089858483,b0f066a214c2f5e87bad3c948f4d605d) (ScriptedImporter) -> (artifact id: 'fed58922c09129ef9f2a9d5cb9ed0cf7') in 0.0201916 seconds
Number of updated asset objects reloaded before import = 0Number of asset objects unloaded after import = 1

========================================================================
Received Import Request.
  Time since last request: 0.000151 seconds.
  path: Assets/TextMesh Pro/Examples & Extras/Scenes/19 - Masking Texture & Soft Mask.unity
  artifactKey: Guid(9abcd5bd764646568a6ea70d00f9264c) Importer(2089858483,b0f066a214c2f5e87bad3c948f4d605d)
Start importing Assets/TextMesh Pro/Examples & Extras/Scenes/19 - Masking Texture & Soft Mask.unity using Guid(9abcd5bd764646568a6ea70d00f9264c) Importer(2089858483,b0f066a214c2f5e87bad3c948f4d605d) (ScriptedImporter) -> (artifact id: 'db185332db840e92b7afac42a05d36cd') in 0.012776 seconds
Number of updated asset objects reloaded before import = 0Number of asset objects unloaded after import = 1

========================================================================
Received Import Request.
  Time since last request: 0.000145 seconds.
  path: Assets/AstarPathfindingProject/Editor/EditorAssets/DarkSkin/editButton@1x.png
  artifactKey: Guid(705155b2c3fce47f0a818ac32d5abe3f) Importer(2089858483,b0f066a214c2f5e87bad3c948f4d605d)
Start importing Assets/AstarPathfindingProject/Editor/EditorAssets/DarkSkin/editButton@1x.png using Guid(705155b2c3fce47f0a818ac32d5abe3f) Importer(2089858483,b0f066a214c2f5e87bad3c948f4d605d) (ScriptedImporter) -> (artifact id: '5776395dfe81f8754d1bddc2edb4f9a9') in 0.0200892 seconds
Number of updated asset objects reloaded before import = 0Number of asset objects unloaded after import = 1

========================================================================
Received Import Request.
  Time since last request: 0.000166 seconds.
  path: Assets/TextMesh Pro/Examples & Extras/Fonts/Bangers.ttf
  artifactKey: Guid(5dd49b3eacc540408c98eee0de38e0f1) Importer(2089858483,b0f066a214c2f5e87bad3c948f4d605d)
Start importing Assets/TextMesh Pro/Examples & Extras/Fonts/Bangers.ttf using Guid(5dd49b3eacc540408c98eee0de38e0f1) Importer(2089858483,b0f066a214c2f5e87bad3c948f4d605d) (ScriptedImporter) -> (artifact id: '38325651a8bdcf707aa09584d357906d') in 0.0153926 seconds
Number of updated asset objects reloaded before import = 0Number of asset objects unloaded after import = 3

========================================================================
Received Import Request.
  Time since last request: 0.000053 seconds.
  path: Assets/AstarPathfindingProject/Generators/Utilities/ObjImporter.cs
  artifactKey: Guid(a4ed1c6c3af454395b428ad955994366) Importer(2089858483,b0f066a214c2f5e87bad3c948f4d605d)
Start importing Assets/AstarPathfindingProject/Generators/Utilities/ObjImporter.cs using Guid(a4ed1c6c3af454395b428ad955994366) Importer(2089858483,b0f066a214c2f5e87bad3c948f4d605d) (ScriptedImporter) -> (artifact id: 'dbc97d0fbe095c9f2e95521d7fe5f463') in 0.0076605 seconds
Number of updated asset objects reloaded before import = 0Number of asset objects unloaded after import = 0

========================================================================
Received Import Request.
  Time since last request: 0.000237 seconds.
  path: Assets/TextMesh Pro/Examples & Extras/Textures/Wipe Pattern - Radial Double.psd
  artifactKey: Guid(7631f4eff8f74ed38eb3eb9db17134e1) Importer(2089858483,b0f066a214c2f5e87bad3c948f4d605d)
Start importing Assets/TextMesh Pro/Examples & Extras/Textures/Wipe Pattern - Radial Double.psd using Guid(7631f4eff8f74ed38eb3eb9db17134e1) Importer(2089858483,b0f066a214c2f5e87bad3c948f4d605d) (ScriptedImporter) -> (artifact id: 'f787fdab481a3dc6de8c9a202be17eec') in 0.0205388 seconds
Number of updated asset objects reloaded before import = 0Number of asset objects unloaded after import = 1

========================================================================
Received Import Request.
  Time since last request: 0.000098 seconds.
  path: Assets/TextMesh Pro/Examples & Extras/Scripts/TextMeshSpawner.cs
  artifactKey: Guid(76c11bbcfddf44e0ba17d6c2751c8d84) Importer(2089858483,b0f066a214c2f5e87bad3c948f4d605d)
Start importing Assets/TextMesh Pro/Examples & Extras/Scripts/TextMeshSpawner.cs using Guid(76c11bbcfddf44e0ba17d6c2751c8d84) Importer(2089858483,b0f066a214c2f5e87bad3c948f4d605d) (ScriptedImporter) -> (artifact id: 'ae871f5280d57f923a80707e047976de') in 0.0073699 seconds
Number of updated asset objects reloaded before import = 0Number of asset objects unloaded after import = 0

========================================================================
Received Import Request.
  Time since last request: 0.000254 seconds.
  path: Assets/TextMesh Pro/Examples & Extras/Scripts/SimpleScript.cs
  artifactKey: Guid(9eff140b25d64601aabc6ba32245d099) Importer(2089858483,b0f066a214c2f5e87bad3c948f4d605d)
Start importing Assets/TextMesh Pro/Examples & Extras/Scripts/SimpleScript.cs using Guid(9eff140b25d64601aabc6ba32245d099) Importer(2089858483,b0f066a214c2f5e87bad3c948f4d605d) (ScriptedImporter) -> (artifact id: '44f70798b58f241f50558003510f7caf') in 0.0078563 seconds
Number of updated asset objects reloaded before import = 0Number of asset objects unloaded after import = 0

========================================================================
Received Import Request.
  Time since last request: 0.000115 seconds.
  path: Assets/TextMesh Pro/Examples & Extras/Scenes/08 - Improved Text Alignment.unity
  artifactKey: Guid(5fe2257128d9401fad0790f581dc8a6f) Importer(2089858483,b0f066a214c2f5e87bad3c948f4d605d)
Start importing Assets/TextMesh Pro/Examples & Extras/Scenes/08 - Improved Text Alignment.unity using Guid(5fe2257128d9401fad0790f581dc8a6f) Importer(2089858483,b0f066a214c2f5e87bad3c948f4d605d) (ScriptedImporter) -> (artifact id: '2de79b1bf5dcddadb8bb965e0aa5d9de') in 0.0086713 seconds
Number of updated asset objects reloaded before import = 0Number of asset objects unloaded after import = 1

========================================================================
Received Import Request.
  Time since last request: 0.000109 seconds.
  path: Assets/TextMesh Pro/Examples & Extras/Materials/Ground - Surface Shader Scene.mat
  artifactKey: Guid(aadd5a709a48466c887296bb5b1b8110) Importer(2089858483,b0f066a214c2f5e87bad3c948f4d605d)
Start importing Assets/TextMesh Pro/Examples & Extras/Materials/Ground - Surface Shader Scene.mat using Guid(aadd5a709a48466c887296bb5b1b8110) Importer(2089858483,b0f066a214c2f5e87bad3c948f4d605d) (ScriptedImporter) -> (artifact id: 'd624cc2043ae36baff18e1ee5a7932c6') in 0.1052954 seconds
Number of updated asset objects reloaded before import = 0Number of asset objects unloaded after import = 2

========================================================================
Received Import Request.
  Time since last request: 0.000050 seconds.
  path: Assets/AstarPathfindingProject/Editor/EditorAssets/DarkSkin/infoButton_active@1x.png
  artifactKey: Guid(d008deade2077407fbf14446df2547c9) Importer(2089858483,b0f066a214c2f5e87bad3c948f4d605d)
Start importing Assets/AstarPathfindingProject/Editor/EditorAssets/DarkSkin/infoButton_active@1x.png using Guid(d008deade2077407fbf14446df2547c9) Importer(2089858483,b0f066a214c2f5e87bad3c948f4d605d) (ScriptedImporter) -> (artifact id: 'c6c823c0ba02786d4071c2c7c384b587') in 0.0186738 seconds
Number of updated asset objects reloaded before import = 0Number of asset objects unloaded after import = 1

========================================================================
Received Import Request.
  Time since last request: 0.000230 seconds.
  path: Assets/TextMesh Pro/Examples & Extras/Scripts/Benchmark03.cs
  artifactKey: Guid(a73109742c8d47ac822895a473300c29) Importer(2089858483,b0f066a214c2f5e87bad3c948f4d605d)
Start importing Assets/TextMesh Pro/Examples & Extras/Scripts/Benchmark03.cs using Guid(a73109742c8d47ac822895a473300c29) Importer(2089858483,b0f066a214c2f5e87bad3c948f4d605d) (ScriptedImporter) -> (artifact id: 'a66de754fded0a92a18e1e42667b05d6') in 0.0079695 seconds
Number of updated asset objects reloaded before import = 0Number of asset objects unloaded after import = 0

========================================================================
Received Import Request.
  Time since last request: 0.000296 seconds.
  path: Assets/AstarPathfindingProject/Generators/Utilities/NavmeshTile.cs
  artifactKey: Guid(7408cbadf2e744d22853a92b15abede1) Importer(2089858483,b0f066a214c2f5e87bad3c948f4d605d)
Start importing Assets/AstarPathfindingProject/Generators/Utilities/NavmeshTile.cs using Guid(7408cbadf2e744d22853a92b15abede1) Importer(2089858483,b0f066a214c2f5e87bad3c948f4d605d) (ScriptedImporter) -> (artifact id: '6b734c58758cbe959623b363e6a03667') in 0.0068806 seconds
Number of updated asset objects reloaded before import = 0Number of asset objects unloaded after import = 0

========================================================================
Received Import Request.
  Time since last request: 0.000265 seconds.
  path: Assets/TextMesh Pro/Resources/Fonts & Materials/LiberationSans SDF.asset
  artifactKey: Guid(8f586378b4e144a9851e7b34d9b748ee) Importer(2089858483,b0f066a214c2f5e87bad3c948f4d605d)
Start importing Assets/TextMesh Pro/Resources/Fonts & Materials/LiberationSans SDF.asset using Guid(8f586378b4e144a9851e7b34d9b748ee) Importer(2089858483,b0f066a214c2f5e87bad3c948f4d605d) (ScriptedImporter) -> (artifact id: '8932a0573ec4ebb75d698b92c3d28024') in 0.1155541 seconds
Number of updated asset objects reloaded before import = 0Number of asset objects unloaded after import = 8

========================================================================
Received Import Request.
  Time since last request: 0.001749 seconds.
  path: Assets/AstarPathfindingProject/Editor/EditorAssets/LightSkin/lock_open@1x.png
  artifactKey: Guid(3805c157b9b38472684befb652c5d213) Importer(2089858483,b0f066a214c2f5e87bad3c948f4d605d)
Start importing Assets/AstarPathfindingProject/Editor/EditorAssets/LightSkin/lock_open@1x.png using Guid(3805c157b9b38472684befb652c5d213) Importer(2089858483,b0f066a214c2f5e87bad3c948f4d605d) (ScriptedImporter) -> (artifact id: '56f6c12906e0b58bb8b68432741364e0') in 0.0226019 seconds
Number of updated asset objects reloaded before import = 0Number of asset objects unloaded after import = 1

========================================================================
Received Import Request.
  Time since last request: 0.000190 seconds.
  path: Assets/AstarPathfindingProject/Editor/EditorAssets/images/gridPivotSelect.png
  artifactKey: Guid(b593db43606434498a7200f8281297d8) Importer(2089858483,b0f066a214c2f5e87bad3c948f4d605d)
Start importing Assets/AstarPathfindingProject/Editor/EditorAssets/images/gridPivotSelect.png using Guid(b593db43606434498a7200f8281297d8) Importer(2089858483,b0f066a214c2f5e87bad3c948f4d605d) (ScriptedImporter) -> (artifact id: '47ad7bb1b04852c60bb8fa7b46808c69') in 0.0175355 seconds
Number of updated asset objects reloaded before import = 0Number of asset objects unloaded after import = 1

========================================================================
Received Import Request.
  Time since last request: 0.000177 seconds.
  path: Assets/AstarPathfindingProject/Editor/EditorAssets/LightSkin/lock_open@2x.png
  artifactKey: Guid(d04d4a88875f842c88825d3d5b2b529c) Importer(2089858483,b0f066a214c2f5e87bad3c948f4d605d)
Start importing Assets/AstarPathfindingProject/Editor/EditorAssets/LightSkin/lock_open@2x.png using Guid(d04d4a88875f842c88825d3d5b2b529c) Importer(2089858483,b0f066a214c2f5e87bad3c948f4d605d) (ScriptedImporter) -> (artifact id: '65dbe23c7dd71346d120d1c5e0a001ad') in 0.0189614 seconds
Number of updated asset objects reloaded before import = 0Number of asset objects unloaded after import = 1

========================================================================
Received Import Request.
  Time since last request: 0.000117 seconds.
  path: Assets/AstarPathfindingProject/Editor/EditorAssets/LightSkin/infoButton@2x.png
  artifactKey: Guid(7ef0e648811f14f65b69c2df3f27de11) Importer(2089858483,b0f066a214c2f5e87bad3c948f4d605d)
Start importing Assets/AstarPathfindingProject/Editor/EditorAssets/LightSkin/infoButton@2x.png using Guid(7ef0e648811f14f65b69c2df3f27de11) Importer(2089858483,b0f066a214c2f5e87bad3c948f4d605d) (ScriptedImporter) -> (artifact id: '302da9b67b21e87e0d40b1c52b297c6e') in 0.0209395 seconds
Number of updated asset objects reloaded before import = 0Number of asset objects unloaded after import = 1

========================================================================
Received Import Request.
  Time since last request: 0.000187 seconds.
  path: Assets/AstarPathfindingProject/Editor/EditorAssets/DarkSkin/pixelBox3@1x.png
  artifactKey: Guid(7991166a167af4b4793b4fc8fcc3bfe2) Importer(2089858483,b0f066a214c2f5e87bad3c948f4d605d)
Start importing Assets/AstarPathfindingProject/Editor/EditorAssets/DarkSkin/pixelBox3@1x.png using Guid(7991166a167af4b4793b4fc8fcc3bfe2) Importer(2089858483,b0f066a214c2f5e87bad3c948f4d605d) (ScriptedImporter) -> (artifact id: '78bc6e370ebecfcfcca14da3d85af0b5') in 0.0186138 seconds
Number of updated asset objects reloaded before import = 0Number of asset objects unloaded after import = 1

========================================================================
Received Import Request.
  Time since last request: 0.000559 seconds.
  path: Assets/AstarPathfindingProject/Editor/EditorAssets/LightSkin/editButton@1x.png
  artifactKey: Guid(71ef598858974450ead310c33f29d5d3) Importer(2089858483,b0f066a214c2f5e87bad3c948f4d605d)
Start importing Assets/AstarPathfindingProject/Editor/EditorAssets/LightSkin/editButton@1x.png using Guid(71ef598858974450ead310c33f29d5d3) Importer(2089858483,b0f066a214c2f5e87bad3c948f4d605d) (ScriptedImporter) -> (artifact id: '9a7bfb111ef83c8664aeb9075267d809') in 0.0194754 seconds
Number of updated asset objects reloaded before import = 0Number of asset objects unloaded after import = 1

========================================================================
Received Import Request.
  Time since last request: 0.000140 seconds.
  path: Assets/TextMesh Pro/Examples & Extras/Scenes/18 - ScrollRect & Masking & Layout.unity
  artifactKey: Guid(03f9d74cec8e4b94a29d2dfd177c821b) Importer(2089858483,b0f066a214c2f5e87bad3c948f4d605d)
Start importing Assets/TextMesh Pro/Examples & Extras/Scenes/18 - ScrollRect & Masking & Layout.unity using Guid(03f9d74cec8e4b94a29d2dfd177c821b) Importer(2089858483,b0f066a214c2f5e87bad3c948f4d605d) (ScriptedImporter) -> (artifact id: '54d62282f2bd41a678eb5c37d3229fb9') in 0.0118266 seconds
Number of updated asset objects reloaded before import = 0Number of asset objects unloaded after import = 1

========================================================================
Received Import Request.
  Time since last request: 0.000152 seconds.
  path: Assets/AstarPathfindingProject/Editor/EditorAssets/images/ArrowUp_on.png
  artifactKey: Guid(4c914fdaf554243fe9fb26afc323caef) Importer(2089858483,b0f066a214c2f5e87bad3c948f4d605d)
Start importing Assets/AstarPathfindingProject/Editor/EditorAssets/images/ArrowUp_on.png using Guid(4c914fdaf554243fe9fb26afc323caef) Importer(2089858483,b0f066a214c2f5e87bad3c948f4d605d) (ScriptedImporter) -> (artifact id: 'b8fcc443e810558fdf8db3beef1b4b55') in 0.0208381 seconds
Number of updated asset objects reloaded before import = 0Number of asset objects unloaded after import = 1

========================================================================
Received Import Request.
  Time since last request: 0.000041 seconds.
  path: Assets/AstarPathfindingProject/Editor/EditorAssets/LightSkin/hex_width@2x.png
  artifactKey: Guid(6010a63a238ef4899872fe5bd998dbb5) Importer(2089858483,b0f066a214c2f5e87bad3c948f4d605d)
Start importing Assets/AstarPathfindingProject/Editor/EditorAssets/LightSkin/hex_width@2x.png using Guid(6010a63a238ef4899872fe5bd998dbb5) Importer(2089858483,b0f066a214c2f5e87bad3c948f4d605d) (ScriptedImporter) -> (artifact id: 'f8fd1e85916496af2a756973a028bb7f') in 0.0212929 seconds
Number of updated asset objects reloaded before import = 0Number of asset objects unloaded after import = 1

========================================================================
Received Import Request.
  Time since last request: 0.000170 seconds.
  path: Assets/AstarPathfindingProject/Editor/EditorAssets/DarkSkin/pixelBox3_separator.png
  artifactKey: Guid(3a08de11a34c44da28de4c086fd13461) Importer(2089858483,b0f066a214c2f5e87bad3c948f4d605d)
Start importing Assets/AstarPathfindingProject/Editor/EditorAssets/DarkSkin/pixelBox3_separator.png using Guid(3a08de11a34c44da28de4c086fd13461) Importer(2089858483,b0f066a214c2f5e87bad3c948f4d605d) (ScriptedImporter) -> (artifact id: '85631aef04dfbaa12cf32bf8f5437c30') in 0.0214152 seconds
Number of updated asset objects reloaded before import = 0Number of asset objects unloaded after import = 1

========================================================================
Received Import Request.
  Time since last request: 0.000103 seconds.
  path: Assets/AstarPathfindingProject/Editor/EditorAssets/DarkSkin/deleteButton@2x.png
  artifactKey: Guid(c730485723dee4bcbad9d8a7593a8799) Importer(2089858483,b0f066a214c2f5e87bad3c948f4d605d)
Start importing Assets/AstarPathfindingProject/Editor/EditorAssets/DarkSkin/deleteButton@2x.png using Guid(c730485723dee4bcbad9d8a7593a8799) Importer(2089858483,b0f066a214c2f5e87bad3c948f4d605d) (ScriptedImporter) -> (artifact id: '5322517526783be9e6353529131abadd') in 0.0188163 seconds
Number of updated asset objects reloaded before import = 0Number of asset objects unloaded after import = 1

========================================================================
Received Import Request.
  Time since last request: 0.000127 seconds.
  path: Assets/TextMesh Pro/Examples & Extras/Scripts/TextConsoleSimulator.cs
  artifactKey: Guid(43bcd35a1c0c40ccb6d472893fe2093f) Importer(2089858483,b0f066a214c2f5e87bad3c948f4d605d)
Start importing Assets/TextMesh Pro/Examples & Extras/Scripts/TextConsoleSimulator.cs using Guid(43bcd35a1c0c40ccb6d472893fe2093f) Importer(2089858483,b0f066a214c2f5e87bad3c948f4d605d) (ScriptedImporter) -> (artifact id: 'a6bddf1f68720810cd69ad9bddbbbe43') in 0.0103892 seconds
Number of updated asset objects reloaded before import = 0Number of asset objects unloaded after import = 0

========================================================================
Received Import Request.
  Time since last request: 0.000142 seconds.
  path: Assets/TextMesh Pro/Examples & Extras/Fonts/Oswald-Bold.ttf
  artifactKey: Guid(c9f6d0e7bc8541498c9a4799ba184ede) Importer(2089858483,b0f066a214c2f5e87bad3c948f4d605d)
Start importing Assets/TextMesh Pro/Examples & Extras/Fonts/Oswald-Bold.ttf using Guid(c9f6d0e7bc8541498c9a4799ba184ede) Importer(2089858483,b0f066a214c2f5e87bad3c948f4d605d) (ScriptedImporter) -> (artifact id: 'e2043ada4199c27fad449235d152ce80') in 0.0137877 seconds
Number of updated asset objects reloaded before import = 0Number of asset objects unloaded after import = 3

========================================================================
Received Import Request.
  Time since last request: 0.000041 seconds.
  path: Assets/TextMesh Pro/Resources/Sprite Assets/EmojiOne.asset
  artifactKey: Guid(c41005c129ba4d66911b75229fd70b45) Importer(2089858483,b0f066a214c2f5e87bad3c948f4d605d)
Start importing Assets/TextMesh Pro/Resources/Sprite Assets/EmojiOne.asset using Guid(c41005c129ba4d66911b75229fd70b45) Importer(2089858483,b0f066a214c2f5e87bad3c948f4d605d) (ScriptedImporter) -> (artifact id: '0a81f27754597a58799f3176bc834d01') in 0.0251281 seconds
Number of updated asset objects reloaded before import = 0Number of asset objects unloaded after import = 3

========================================================================
Received Import Request.
  Time since last request: 0.000048 seconds.
  path: Assets/AstarPathfindingProject/Editor/EditorAssets/LightSkin/lock_closed@1x.png
  artifactKey: Guid(5e0cd84e9d84642ac883c25ca8d667ac) Importer(2089858483,b0f066a214c2f5e87bad3c948f4d605d)
Start importing Assets/AstarPathfindingProject/Editor/EditorAssets/LightSkin/lock_closed@1x.png using Guid(5e0cd84e9d84642ac883c25ca8d667ac) Importer(2089858483,b0f066a214c2f5e87bad3c948f4d605d) (ScriptedImporter) -> (artifact id: '00ac4e33a0449cc8c526000cf3563d5f') in 0.020124 seconds
Number of updated asset objects reloaded before import = 0Number of asset objects unloaded after import = 1

========================================================================
Received Import Request.
  Time since last request: 0.000210 seconds.
  path: Assets/TextMesh Pro/Resources/Style Sheets/Default Style Sheet.asset
  artifactKey: Guid(f952c082cb03451daed3ee968ac6c63e) Importer(2089858483,b0f066a214c2f5e87bad3c948f4d605d)
Start importing Assets/TextMesh Pro/Resources/Style Sheets/Default Style Sheet.asset using Guid(f952c082cb03451daed3ee968ac6c63e) Importer(2089858483,b0f066a214c2f5e87bad3c948f4d605d) (ScriptedImporter) -> (artifact id: 'f6144d14e2378468390ceb714dfd3cca') in 0.0106163 seconds
Number of updated asset objects reloaded before import = 0Number of asset objects unloaded after import = 1

========================================================================
Received Import Request.
  Time since last request: 0.000151 seconds.
  path: Assets/AstarPathfindingProject/Editor/EditorAssets/DarkSkin/hex_width@1x.png
  artifactKey: Guid(43a4af66a8c594a2daa4744ed77da2dd) Importer(2089858483,b0f066a214c2f5e87bad3c948f4d605d)
Start importing Assets/AstarPathfindingProject/Editor/EditorAssets/DarkSkin/hex_width@1x.png using Guid(43a4af66a8c594a2daa4744ed77da2dd) Importer(2089858483,b0f066a214c2f5e87bad3c948f4d605d) (ScriptedImporter) -> (artifact id: 'd1804f54a141e6157f753cfb1e6fef82') in 0.0231675 seconds
Number of updated asset objects reloaded before import = 0Number of asset objects unloaded after import = 1

========================================================================
Received Import Request.
  Time since last request: 0.000251 seconds.
  path: Assets/TextMesh Pro/Examples & Extras/Resources/Sprite Assets/Default Sprite Asset.asset
  artifactKey: Guid(fbef3c704dce48f08a44612d6c856c8d) Importer(2089858483,b0f066a214c2f5e87bad3c948f4d605d)
Start importing Assets/TextMesh Pro/Examples & Extras/Resources/Sprite Assets/Default Sprite Asset.asset using Guid(fbef3c704dce48f08a44612d6c856c8d) Importer(2089858483,b0f066a214c2f5e87bad3c948f4d605d) (ScriptedImporter) -> (artifact id: 'b924d5d19c96d28293f5c8b5ee0f0256') in 0.0202992 seconds
Number of updated asset objects reloaded before import = 0Number of asset objects unloaded after import = 3

========================================================================
Received Import Request.
  Time since last request: 0.000042 seconds.
  path: Assets/AstarPathfindingProject/Editor/EditorAssets/images/upDownButtons_01.png
  artifactKey: Guid(4cecafde1350347fd984baee5961a393) Importer(2089858483,b0f066a214c2f5e87bad3c948f4d605d)
Start importing Assets/AstarPathfindingProject/Editor/EditorAssets/images/upDownButtons_01.png using Guid(4cecafde1350347fd984baee5961a393) Importer(2089858483,b0f066a214c2f5e87bad3c948f4d605d) (ScriptedImporter) -> (artifact id: '2d8874185325f7eecd607bc5431c291a') in 0.0197254 seconds
Number of updated asset objects reloaded before import = 0Number of asset objects unloaded after import = 1

========================================================================
Received Import Request.
  Time since last request: 0.000193 seconds.
  path: Assets/AstarPathfindingProject/Editor/EditorAssets/LightSkin/deleteButton_active@1x.png
  artifactKey: Guid(c051ffc737cd54d909137d2937e82930) Importer(2089858483,b0f066a214c2f5e87bad3c948f4d605d)
Start importing Assets/AstarPathfindingProject/Editor/EditorAssets/LightSkin/deleteButton_active@1x.png using Guid(c051ffc737cd54d909137d2937e82930) Importer(2089858483,b0f066a214c2f5e87bad3c948f4d605d) (ScriptedImporter) -> (artifact id: '17b1e9cfeb855285dadb1ff5df808233') in 0.0194116 seconds
Number of updated asset objects reloaded before import = 0Number of asset objects unloaded after import = 1

========================================================================
Received Import Request.
  Time since last request: 0.000203 seconds.
  path: Assets/AstarPathfindingProject/Editor/EditorAssets/LightSkin/reset_on.png
  artifactKey: Guid(990963b32226c440fb1a72e47e0ad7a2) Importer(2089858483,b0f066a214c2f5e87bad3c948f4d605d)
Start importing Assets/AstarPathfindingProject/Editor/EditorAssets/LightSkin/reset_on.png using Guid(990963b32226c440fb1a72e47e0ad7a2) Importer(2089858483,b0f066a214c2f5e87bad3c948f4d605d) (ScriptedImporter) -> (artifact id: 'a796bbd574e4f77bb64556f03f6abb05') in 0.0219662 seconds
Number of updated asset objects reloaded before import = 0Number of asset objects unloaded after import = 1

========================================================================
Received Import Request.
  Time since last request: 0.000200 seconds.
  path: Assets/TextMesh Pro/Examples & Extras/Resources/Fonts & Materials/LiberationSans SDF - Metalic Green.mat
  artifactKey: Guid(8b29aaa3eec7468097ff07adfcf29ac9) Importer(2089858483,b0f066a214c2f5e87bad3c948f4d605d)
Start importing Assets/TextMesh Pro/Examples & Extras/Resources/Fonts & Materials/LiberationSans SDF - Metalic Green.mat using Guid(8b29aaa3eec7468097ff07adfcf29ac9) Importer(2089858483,b0f066a214c2f5e87bad3c948f4d605d) (ScriptedImporter) -> (artifact id: '150e229a55209bcaa7c1c49cdcd774e8') in 0.046565 seconds
Number of updated asset objects reloaded before import = 0Number of asset objects unloaded after import = 4

========================================================================
Received Import Request.
  Time since last request: 0.000037 seconds.
  path: Assets/AstarPathfindingProject/Editor/EditorAssets/DarkSkin/images/gridPivotSelect_On.png
  artifactKey: Guid(7ea4fc739ffbb4af1a466f655bf1d178) Importer(2089858483,b0f066a214c2f5e87bad3c948f4d605d)
Start importing Assets/AstarPathfindingProject/Editor/EditorAssets/DarkSkin/images/gridPivotSelect_On.png using Guid(7ea4fc739ffbb4af1a466f655bf1d178) Importer(2089858483,b0f066a214c2f5e87bad3c948f4d605d) (ScriptedImporter) -> (artifact id: '1d3507e0da2577e444497252f105f823') in 0.0213299 seconds
Number of updated asset objects reloaded before import = 0Number of asset objects unloaded after import = 1

========================================================================
Received Import Request.
  Time since last request: 0.000238 seconds.
  path: Assets/AstarPathfindingProject/ExampleScenes/Prefabs/MineBot/Materials/mine_bot-01 - Default.mat
  artifactKey: Guid(1829738127541482a895692670703544) Importer(2089858483,b0f066a214c2f5e87bad3c948f4d605d)
Start importing Assets/AstarPathfindingProject/ExampleScenes/Prefabs/MineBot/Materials/mine_bot-01 - Default.mat using Guid(1829738127541482a895692670703544) Importer(2089858483,b0f066a214c2f5e87bad3c948f4d605d) (ScriptedImporter) -> (artifact id: 'f7e079a845cc3f7b0eafd37fb4b27ac4') in 0.0117722 seconds
Number of updated asset objects reloaded before import = 0Number of asset objects unloaded after import = 1

========================================================================
Received Import Request.
  Time since last request: 0.000131 seconds.
  path: Assets/AstarPathfindingProject/ExampleScenes/Example6_Navmesh/Materials/navmesh-navmesh_example6navmeshMat.mat
  artifactKey: Guid(1f2d61fa60ed54991a4e629fdb13e1f3) Importer(2089858483,b0f066a214c2f5e87bad3c948f4d605d)
Start importing Assets/AstarPathfindingProject/ExampleScenes/Example6_Navmesh/Materials/navmesh-navmesh_example6navmeshMat.mat using Guid(1f2d61fa60ed54991a4e629fdb13e1f3) Importer(2089858483,b0f066a214c2f5e87bad3c948f4d605d) (ScriptedImporter) -> (artifact id: '59a693f64bbb4a11b488516cfeab4b50') in 0.0102666 seconds
Number of updated asset objects reloaded before import = 0Number of asset objects unloaded after import = 1

========================================================================
Received Import Request.
  Time since last request: 0.000044 seconds.
  path: Assets/AstarPathfindingProject/Editor/EditorAssets/LightSkin/editButton@2x.png
  artifactKey: Guid(7e276a83ed42e4e3584a50b6084eef8d) Importer(2089858483,b0f066a214c2f5e87bad3c948f4d605d)
Start importing Assets/AstarPathfindingProject/Editor/EditorAssets/LightSkin/editButton@2x.png using Guid(7e276a83ed42e4e3584a50b6084eef8d) Importer(2089858483,b0f066a214c2f5e87bad3c948f4d605d) (ScriptedImporter) -> (artifact id: '932279cceb46ab1a178543bda4c3ef0a') in 0.0222032 seconds
Number of updated asset objects reloaded before import = 0Number of asset objects unloaded after import = 1

========================================================================
Received Import Request.
  Time since last request: 0.000195 seconds.
  path: Assets/AstarPathfindingProject/ExampleScenes/Prefabs/MineBot/mine_bot_render.prefab
  artifactKey: Guid(0b9c68ddd67ee5b9e8aeca86ac0fbc03) Importer(2089858483,b0f066a214c2f5e87bad3c948f4d605d)
Start importing Assets/AstarPathfindingProject/ExampleScenes/Prefabs/MineBot/mine_bot_render.prefab using Guid(0b9c68ddd67ee5b9e8aeca86ac0fbc03) Importer(2089858483,b0f066a214c2f5e87bad3c948f4d605d) (ScriptedImporter) -> (artifact id: 'd5c59017d1f9eb199f797fe6303bceca') in 0.0319508 seconds
Number of updated asset objects reloaded before import = 0Number of asset objects unloaded after import = 112

========================================================================
Received Import Request.
  Time since last request: 0.000072 seconds.
  path: Assets/AstarPathfindingProject/ExampleScenes/Prefabs/MineBot/mine_bot@right.FBX
  artifactKey: Guid(f8136785e54fd1d459d2a3a0849fe770) Importer(2089858483,b0f066a214c2f5e87bad3c948f4d605d)
Start importing Assets/AstarPathfindingProject/ExampleScenes/Prefabs/MineBot/mine_bot@right.FBX using Guid(f8136785e54fd1d459d2a3a0849fe770) Importer(2089858483,b0f066a214c2f5e87bad3c948f4d605d) (ScriptedImporter) -> (artifact id: 'd17701f2aecb62df065ca6c74a9ce362') in 0.0929114 seconds
Number of updated asset objects reloaded before import = 0Number of asset objects unloaded after import = 57

========================================================================
Received Import Request.
  Time since last request: 0.000052 seconds.
  path: Assets/AstarPathfindingProject/Editor/EditorAssets/DarkSkin/infoButton@2x.png
  artifactKey: Guid(623f6adf01f324cb7bc6aefe7f87d623) Importer(2089858483,b0f066a214c2f5e87bad3c948f4d605d)
Start importing Assets/AstarPathfindingProject/Editor/EditorAssets/DarkSkin/infoButton@2x.png using Guid(623f6adf01f324cb7bc6aefe7f87d623) Importer(2089858483,b0f066a214c2f5e87bad3c948f4d605d) (ScriptedImporter) -> (artifact id: '1e006ae96681ee067342208bfdefbe86') in 0.0178616 seconds
Number of updated asset objects reloaded before import = 0Number of asset objects unloaded after import = 1

========================================================================
Received Import Request.
  Time since last request: 0.000153 seconds.
  path: Assets/TextMesh Pro/Examples & Extras/Scripts/TMP_TextSelector_A.cs
  artifactKey: Guid(103e0a6a1d404693b9fb1a5173e0e979) Importer(2089858483,b0f066a214c2f5e87bad3c948f4d605d)
Start importing Assets/TextMesh Pro/Examples & Extras/Scripts/TMP_TextSelector_A.cs using Guid(103e0a6a1d404693b9fb1a5173e0e979) Importer(2089858483,b0f066a214c2f5e87bad3c948f4d605d) (ScriptedImporter) -> (artifact id: '6126f04fa8b47a3d9174cfea320f86e5') in 0.0061431 seconds
Number of updated asset objects reloaded before import = 0Number of asset objects unloaded after import = 0

========================================================================
Received Import Request.
  Time since last request: 0.000155 seconds.
  path: Assets/TextMesh Pro/Examples & Extras/Fonts/Anton.ttf
  artifactKey: Guid(997a43b767814dd0a7642ec9b78cba41) Importer(2089858483,b0f066a214c2f5e87bad3c948f4d605d)
Start importing Assets/TextMesh Pro/Examples & Extras/Fonts/Anton.ttf using Guid(997a43b767814dd0a7642ec9b78cba41) Importer(2089858483,b0f066a214c2f5e87bad3c948f4d605d) (ScriptedImporter) -> (artifact id: '2453041313826395d222ecfa224dfc42') in 0.0140759 seconds
Number of updated asset objects reloaded before import = 0Number of asset objects unloaded after import = 3

========================================================================
Received Import Request.
  Time since last request: 0.000045 seconds.
  path: Assets/AstarPathfindingProject/ExampleScenes/Prefabs/MineBot/Materials/mine_bot-minebot.mat
  artifactKey: Guid(0f239eb41e29343e28970d1c5e9adede) Importer(2089858483,b0f066a214c2f5e87bad3c948f4d605d)
Start importing Assets/AstarPathfindingProject/ExampleScenes/Prefabs/MineBot/Materials/mine_bot-minebot.mat using Guid(0f239eb41e29343e28970d1c5e9adede) Importer(2089858483,b0f066a214c2f5e87bad3c948f4d605d) (ScriptedImporter) -> (artifact id: '55e9cf72ee79620146d7aefed9a47cb0') in 0.0294902 seconds
Number of updated asset objects reloaded before import = 0Number of asset objects unloaded after import = 3

========================================================================
Received Import Request.
  Time since last request: 0.000044 seconds.
  path: Assets/AstarPathfindingProject/ExampleScenes/Prefabs/MineBot/Materials/mine_bot@forward-01 - Default.mat
  artifactKey: Guid(7c7ae9bbdf3d944e7877ee4243ac4801) Importer(2089858483,b0f066a214c2f5e87bad3c948f4d605d)
Start importing Assets/AstarPathfindingProject/ExampleScenes/Prefabs/MineBot/Materials/mine_bot@forward-01 - Default.mat using Guid(7c7ae9bbdf3d944e7877ee4243ac4801) Importer(2089858483,b0f066a214c2f5e87bad3c948f4d605d) (ScriptedImporter) -> (artifact id: '6867bdced6aaf04c0dcd1b238d7ca061') in 0.0107183 seconds
Number of updated asset objects reloaded before import = 0Number of asset objects unloaded after import = 1

========================================================================
Received Import Request.
  Time since last request: 0.000255 seconds.
  path: Assets/AstarPathfindingProject/Editor/EditorAssets/LightSkin/hex_diameter@2x.png
  artifactKey: Guid(5a358b45ec6c34f20b9f792e1f259b4f) Importer(2089858483,b0f066a214c2f5e87bad3c948f4d605d)
Start importing Assets/AstarPathfindingProject/Editor/EditorAssets/LightSkin/hex_diameter@2x.png using Guid(5a358b45ec6c34f20b9f792e1f259b4f) Importer(2089858483,b0f066a214c2f5e87bad3c948f4d605d) (ScriptedImporter) -> (artifact id: 'c04b1c43790a79a64002e7960473aba2') in 0.0185858 seconds
Number of updated asset objects reloaded before import = 0Number of asset objects unloaded after import = 1

========================================================================
Received Import Request.
  Time since last request: 0.000143 seconds.
  path: Assets/AstarPathfindingProject/Editor/EditorAssets/DarkSkin/pixelBox3@2x.png
  artifactKey: Guid(9043fef44c60647b7a763eb86f912ba1) Importer(2089858483,b0f066a214c2f5e87bad3c948f4d605d)
Start importing Assets/AstarPathfindingProject/Editor/EditorAssets/DarkSkin/pixelBox3@2x.png using Guid(9043fef44c60647b7a763eb86f912ba1) Importer(2089858483,b0f066a214c2f5e87bad3c948f4d605d) (ScriptedImporter) -> (artifact id: 'c5a393a00e5523b8a93fbc9f6a0de52c') in 0.0250493 seconds
Number of updated asset objects reloaded before import = 0Number of asset objects unloaded after import = 1

Editor requested this worker to shutdown with reason: Scaling down because of idle timeout
AssetImportWorker is now disconnected from the server
Process exiting
Exiting without the bug reporter. Application will terminate with return code 0