[Licensing::Module] Trying to connect to existing licensing client channel...
Built from '6000.3/staging' branch; Version is '6000.3.7f1 (696ec25a53d1) revision 6909634'; Using compiler version '194234433'; Build Type 'Release'
[Licensing::IpcConnector] Successfully connected to: "LicenseClient-phung" at "2026-05-08T11:30:21.182753Z"
OS: 'Windows 11  (10.0.26200) CoreSingleLanguage' Language: 'en' Physical Memory: 23370 MB
BatchMode: 1, IsHumanControllingUs: 0, StartBugReporterOnCrash: 0, Is64bit: 1
System  architecture: x64
Process architecture: x64
Date: 2026-05-08T11:30:21Z

COMMAND LINE ARGUMENTS:
C:\Program Files\Unity\Hub\Editor\6000.3.7f1\Editor\Unity.exe
-adb2
-batchMode
-noUpm
-name
AssetImportWorker2
-projectPath
D:/University/Game_Application_Development/Darkling-Quest
-logFile
Logs/AssetImportWorker2.log
-srvPort
64882
-licensingIpc
LicenseClient-phung
-job-worker-count
7
-background-job-worker-count
8
-gc-helper-count
1
-name
AssetImport
Successfully changed project path to: D:/University/Game_Application_Development/Darkling-Quest
D:/University/Game_Application_Development/Darkling-Quest
[UnityMemory] Configuration Parameters - Can be set up in boot.config
    "memorysetup-temp-allocator-size-nav-mesh-worker=65536"
    "memorysetup-temp-allocator-size-audio-worker=65536"
    "memorysetup-temp-allocator-size-gfx=262144"
    "memorysetup-allocator-temp-initial-block-size-main=262144"
    "memorysetup-allocator-temp-initial-block-size-worker=262144"
    "memorysetup-temp-allocator-size-background-worker=32768"
    "memorysetup-temp-allocator-size-job-worker=262144"
    "memorysetup-temp-allocator-size-preload-manager=33554432"
    "memorysetup-temp-allocator-size-gi-baking-worker=262144"
    "memorysetup-temp-allocator-size-gi-baking-worker=262144"
    "memorysetup-temp-allocator-size-gi-baking-worker=262144"
    "memorysetup-temp-allocator-size-gi-baking-worker=262144"
    "memorysetup-temp-allocator-size-gi-baking-worker=262144"
    "memorysetup-bucket-allocator-granularity=16"
    "memorysetup-bucket-allocator-bucket-count=8"
    "memorysetup-bucket-allocator-block-size=33554432"
    "memorysetup-bucket-allocator-block-count=8"
    "memorysetup-main-allocator-block-size=16777216"
    "memorysetup-thread-allocator-block-size=16777216"
    "memorysetup-gfx-main-allocator-block-size=16777216"
    "memorysetup-gfx-thread-allocator-block-size=16777216"
    "memorysetup-cache-allocator-block-size=4194304"
    "memorysetup-typetree-allocator-block-size=2097152"
    "memorysetup-profiler-bucket-allocator-granularity=16"
    "memorysetup-profiler-bucket-allocator-bucket-count=8"
    "memorysetup-profiler-bucket-allocator-block-size=33554432"
    "memorysetup-profiler-bucket-allocator-block-count=8"
    "memorysetup-profiler-allocator-block-size=16777216"
    "memorysetup-profiler-editor-allocator-block-size=1048576"
    "memorysetup-temp-allocator-size-main=16777216"
    "memorysetup-job-temp-allocator-block-size=2097152"
    "memorysetup-job-temp-allocator-block-size-background=1048576"
    "memorysetup-job-temp-allocator-reduction-small-platforms=262144"
    "memorysetup-temp-allocator-size-cloud-worker=32768"
Player connection [16764]  Target information:

Player connection [16764]  * "[IP] 10.10.59.37 [Port] 0 [Flags] 2 [Guid] 18760613 [EditorId] 18760613 [Version] 1048832 [Id] WindowsEditor(7,HubertPhung) [Debug] 1 [PackageName] WindowsEditor [ProjectName] Editor" 

Player connection [16764] Host joined multi-casting on [225.0.0.222:54997]...
Player connection [16764] Host joined alternative multi-casting on [225.0.0.222:34997]...
JobSystem: Creating JobQueue using job-worker-count value 7
Input System module state changed to: Initialized.
[Physics::Module] Initialized fallback backend.
[Physics::Module] Id: 0xdecafbad
Library Redirect Path: Library/
[Physics::Module] Selected backend.
[Physics::Module] Name: PhysX
[Physics::Module] Id: 0xf2b8ea05
[Physics::Module] SDK Version: 4.1.2
[Physics::Module] Integration Version: 1.0.0
[Physics::Module] Threading Mode: Multi-Threaded
Refreshing native plugins compatible for Editor in 14.42 ms, found 4 plugins.
Preloading 0 native plugins for Editor in 0.00 ms.
Initialize engine version: 6000.3.7f1 (696ec25a53d1)
[Subsystems] Discovering subsystems at path C:/Program Files/Unity/Hub/Editor/6000.3.7f1/Editor/Data/Resources/UnitySubsystems
[Subsystems] Discovering subsystems at path D:/University/Game_Application_Development/Darkling-Quest/Assets
GfxDevice: creating device client; kGfxThreadingModeNonThreaded
Direct3D:
    Version:  Direct3D 11.0 [level 11.1]
    Renderer: AMD Radeon(TM) Graphics (ID=0x164c)
    Vendor:   ATI
    VRAM:     11685 MB
    Driver:   31.0.21923.13006
Initialize mono
Mono path[0] = 'C:/Program Files/Unity/Hub/Editor/6000.3.7f1/Editor/Data/Managed'
Mono path[1] = 'C:/Program Files/Unity/Hub/Editor/6000.3.7f1/Editor/Data/MonoBleedingEdge/lib/mono/unityjit-win32'
Mono config path = 'C:/Program Files/Unity/Hub/Editor/6000.3.7f1/Editor/Data/MonoBleedingEdge/etc'
Using monoOptions --debugger-agent=transport=dt_socket,embedding=1,server=y,suspend=n,address=127.0.0.1:56952
Begin MonoManager ReloadAssembly
Registering precompiled unity dll's ...
Register platform support module: C:/Program Files/Unity/Hub/Editor/6000.3.7f1/Editor/Data/PlaybackEngines/WindowsStandaloneSupport/UnityEditor.WindowsStandalone.Extensions.dll
Registered in 0.004322 seconds.
- Loaded All Assemblies, in  1.277 seconds
Native extension for WindowsStandalone target not found
ScheduleIndexationOnStartup MainProcess:False IndexOnStartup:True
Mono: successfully reloaded assembly
- Finished resetting the current domain, in  1.499 seconds
Domain Reload Profiling: 2767ms
	BeginReloadAssembly (412ms)
		ExecutionOrderSort (0ms)
		DisableScriptedObjects (0ms)
		BackupInstance (0ms)
		ReleaseScriptingObjects (0ms)
		CreateAndSetChildDomain (1ms)
	RebuildCommonClasses (119ms)
	RebuildNativeTypeToScriptingClass (38ms)
	initialDomainReloadingComplete (145ms)
	LoadAllAssembliesAndSetupDomain (553ms)
		LoadAssemblies (405ms)
		RebuildTransferFunctionScriptingTraits (0ms)
		AnalyzeDomain (545ms)
			TypeCache.Refresh (540ms)
				TypeCache.ScanAssembly (502ms)
			BuildScriptInfoCaches (0ms)
			ResolveRequiredComponents (1ms)
	FinalizeReload (1500ms)
		ReleaseScriptCaches (0ms)
		RebuildScriptCaches (0ms)
		SetupLoadedEditorAssemblies (1356ms)
			LogAssemblyErrors (0ms)
			InitializePlatformSupportModulesInManaged (142ms)
			SetLoadedEditorAssemblies (11ms)
			BeforeProcessingInitializeOnLoad (380ms)
			ProcessInitializeOnLoadAttributes (589ms)
			ProcessInitializeOnLoadMethodAttributes (233ms)
			AfterProcessingInitializeOnLoad (0ms)
			EditorAssembliesLoaded (0ms)
		ExecutionOrderSort2 (0ms)
		AwakeInstancesAfterBackupRestoration (0ms)
========================================================================
Worker process is ready to serve import requests
Import Worker Mode flag is 0x00
Begin MonoManager ReloadAssembly
[Licensing::Module] Licensing is not yet initialized.
[Licensing::Client] Handshaking with LicensingClient:
  Version:                 1.17.4+4293ba1
  Session Id:              008e4c043b7c444185abdddf394ac904
  Correlation Id:          d314afb8028188622af5b5e3a6cef862
  External correlation Id: 1172634823870447126
  Machine Id:              zymwo4JgznGPzT08Hn+2l3330oU=
[Licensing::Module] Successfully connected to LicensingClient on channel: "LicenseClient-phung" (connect: 0.00s, validation: 0.00s, handshake: 5.99s)
[Licensing::IpcConnector] Successfully connected to: "LicenseClient-phung-notifications" at "2026-05-08T11:30:27.1769632Z"
[Licensing::Module] Licensing Background thread has ended after 5.99s
[Licensing::Module] Licensing is initialized (took 1.07s).
[Licensing::Client] Successfully resolved entitlement details
[Licensing::Module] License group:
  Id: 18967844823795-UnityPersXXXX
  Product: Unity Personal
  Type: Assigned
  Expiration: Unlimited
- Loaded All Assemblies, in  3.129 seconds
Refreshing native plugins compatible for Editor in 3.94 ms, found 4 plugins.
Native extension for WindowsStandalone target not found
Package Manager log level set to [2]
[Package Manager] Failed to launch server process. Reason: Unity was launched with the -noUpm command-line argument
[Package Manager] Unable to send message (not connected to server process).
[Package Manager] Cannot connect to Unity Package Manager local server
ScheduleIndexationOnStartup MainProcess:False IndexOnStartup:True
Mono: successfully reloaded assembly
- Finished resetting the current domain, in  2.234 seconds
Domain Reload Profiling: 5357ms
	BeginReloadAssembly (1486ms)
		ExecutionOrderSort (0ms)
		DisableScriptedObjects (13ms)
		BackupInstance (0ms)
		ReleaseScriptingObjects (0ms)
		CreateAndSetChildDomain (60ms)
	RebuildCommonClasses (90ms)
	RebuildNativeTypeToScriptingClass (31ms)
	initialDomainReloadingComplete (98ms)
	LoadAllAssembliesAndSetupDomain (1416ms)
		LoadAssemblies (1111ms)
		RebuildTransferFunctionScriptingTraits (0ms)
		AnalyzeDomain (541ms)
			TypeCache.Refresh (399ms)
				TypeCache.ScanAssembly (372ms)
			BuildScriptInfoCaches (121ms)
			ResolveRequiredComponents (14ms)
	FinalizeReload (2236ms)
		ReleaseScriptCaches (0ms)
		RebuildScriptCaches (0ms)
		SetupLoadedEditorAssemblies (1852ms)
			LogAssemblyErrors (0ms)
			InitializePlatformSupportModulesInManaged (5ms)
			SetLoadedEditorAssemblies (10ms)
			BeforeProcessingInitializeOnLoad (535ms)
			ProcessInitializeOnLoadAttributes (1086ms)
			ProcessInitializeOnLoadMethodAttributes (199ms)
			AfterProcessingInitializeOnLoad (17ms)
			EditorAssembliesLoaded (1ms)
		ExecutionOrderSort2 (0ms)
		AwakeInstancesAfterBackupRestoration (20ms)
Launched and connected shader compiler UnityShaderCompiler.exe after 0.03 seconds
Refreshing native plugins compatible for Editor in 3.94 ms, found 4 plugins.
Preloading 0 native plugins for Editor in 0.00 ms.
Unloading 1 Unused Serialized files (Serialized files now loaded: 0)
Unloading 4947 unused Assets / (2.2 MB). Loaded Objects now: 5546.
Memory consumption went from 102.6 MB to 100.4 MB.
Total: 30.491000 ms (FindLiveObjects: 1.389700 ms CreateObjectMapping: 1.900700 ms MarkObjects: 20.233600 ms  DeleteObjects: 6.963500 ms)

========================================================================
Received Import Request.
  Time since last request: 5708.689144 seconds.
  path: Assets/Prefabs/Clouds.prefab
  artifactKey: Guid(7261f09e299e43b4ab263257193446cb) Importer(2089858483,b0f066a214c2f5e87bad3c948f4d605d)
Start importing Assets/Prefabs/Clouds.prefab using Guid(7261f09e299e43b4ab263257193446cb) Importer(2089858483,b0f066a214c2f5e87bad3c948f4d605d) (ScriptedImporter) -> (artifact id: 'bf5681288333c15ad7aa0e87cea02c56') in 0.3155132 seconds
Number of updated asset objects reloaded before import = 0Number of asset objects unloaded after import = 275

========================================================================
Received Import Request.
  Time since last request: 0.000078 seconds.
  path: Assets/Scripts/Weapon.cs
  artifactKey: Guid(42d1e77c2c988e84195f18b87a35e98a) Importer(2089858483,b0f066a214c2f5e87bad3c948f4d605d)
Start importing Assets/Scripts/Weapon.cs using Guid(42d1e77c2c988e84195f18b87a35e98a) Importer(2089858483,b0f066a214c2f5e87bad3c948f4d605d) (ScriptedImporter) -> (artifact id: '2521920c00bc02c564b53905e793c1c7') in 0.009973 seconds
Number of updated asset objects reloaded before import = 0Number of asset objects unloaded after import = 0

========================================================================
Received Import Request.
  Time since last request: 0.000258 seconds.
  path: Assets/Scripts/Sound.cs
  artifactKey: Guid(aac703934225c2e48894c58ec5c1f1ae) Importer(2089858483,b0f066a214c2f5e87bad3c948f4d605d)
Start importing Assets/Scripts/Sound.cs using Guid(aac703934225c2e48894c58ec5c1f1ae) Importer(2089858483,b0f066a214c2f5e87bad3c948f4d605d) (ScriptedImporter) -> (artifact id: 'b415626e3c36e1fe0ac034c6cfc7813f') in 0.0108114 seconds
Number of updated asset objects reloaded before import = 0Number of asset objects unloaded after import = 0

========================================================================
Received Import Request.
  Time since last request: 0.000063 seconds.
  path: Assets/Prefabs/Character (32).prefab
  artifactKey: Guid(148c8d9fce058624ab9be31d210a69cc) Importer(2089858483,b0f066a214c2f5e87bad3c948f4d605d)
Start importing Assets/Prefabs/Character (32).prefab using Guid(148c8d9fce058624ab9be31d210a69cc) Importer(2089858483,b0f066a214c2f5e87bad3c948f4d605d) (ScriptedImporter) -> (artifact id: '5a4b9e2fd82f2c3a53d274cc5b5827eb') in 0.4299859 seconds
Number of updated asset objects reloaded before import = 0Number of asset objects unloaded after import = 34

========================================================================
Received Import Request.
  Time since last request: 0.000118 seconds.
  path: Assets/Prefabs/Character (44).prefab
  artifactKey: Guid(2b6590be7f408d44eaf8af7185381d4c) Importer(2089858483,b0f066a214c2f5e87bad3c948f4d605d)
Start importing Assets/Prefabs/Character (44).prefab using Guid(2b6590be7f408d44eaf8af7185381d4c) Importer(2089858483,b0f066a214c2f5e87bad3c948f4d605d) (ScriptedImporter) -> (artifact id: '4e3302086125b70b589676822685d28a') in 0.1193877 seconds
Number of updated asset objects reloaded before import = 0Number of asset objects unloaded after import = 24

========================================================================
Received Import Request.
  Time since last request: 0.000071 seconds.
  path: Assets/Prefabs/Poplar_Tree.prefab
  artifactKey: Guid(826b6a0b570e8460990010fa615b5a2a) Importer(2089858483,b0f066a214c2f5e87bad3c948f4d605d)
Start importing Assets/Prefabs/Poplar_Tree.prefab using Guid(826b6a0b570e8460990010fa615b5a2a) Importer(2089858483,b0f066a214c2f5e87bad3c948f4d605d) (ScriptedImporter) -> (artifact id: '065bc70e6fa24cc08e72bb64ccbe95ce') in 0.1210488 seconds
Number of updated asset objects reloaded before import = 0Number of asset objects unloaded after import = 8

========================================================================
Received Import Request.
  Time since last request: 0.000053 seconds.
  path: Assets/Sprites/platforms2.png
  artifactKey: Guid(07376a5bc960444469726ff6397917dd) Importer(2089858483,b0f066a214c2f5e87bad3c948f4d605d)
Start importing Assets/Sprites/platforms2.png using Guid(07376a5bc960444469726ff6397917dd) Importer(2089858483,b0f066a214c2f5e87bad3c948f4d605d) (ScriptedImporter) -> (artifact id: '6252e8ecdc5e5c7e3cc605365942378a') in 0.1648213 seconds
Number of updated asset objects reloaded before import = 0Number of asset objects unloaded after import = 4

========================================================================
Received Import Request.
  Time since last request: 0.000062 seconds.
  path: Assets/Sprites/fireball.png
  artifactKey: Guid(2f699c2fe11c1e349a0a270600ce1934) Importer(2089858483,b0f066a214c2f5e87bad3c948f4d605d)
Start importing Assets/Sprites/fireball.png using Guid(2f699c2fe11c1e349a0a270600ce1934) Importer(2089858483,b0f066a214c2f5e87bad3c948f4d605d) (ScriptedImporter) -> (artifact id: 'c16b43ce1c98a68374d4c2fdae3b4874') in 0.0244636 seconds
Number of updated asset objects reloaded before import = 0Number of asset objects unloaded after import = 3

========================================================================
Received Import Request.
  Time since last request: 0.000091 seconds.
  path: Assets/Sprites/player.png
  artifactKey: Guid(c3539b4cf6afb3d4b81af7e49e02fc05) Importer(2089858483,b0f066a214c2f5e87bad3c948f4d605d)
Start importing Assets/Sprites/player.png using Guid(c3539b4cf6afb3d4b81af7e49e02fc05) Importer(2089858483,b0f066a214c2f5e87bad3c948f4d605d) (ScriptedImporter) -> (artifact id: '6813ffd71d26c4165bdfa644d39f8797') in 0.0400164 seconds
Number of updated asset objects reloaded before import = 0Number of asset objects unloaded after import = 7

========================================================================
Received Import Request.
  Time since last request: 0.000057 seconds.
  path: Assets/Sprites/greenBat.png
  artifactKey: Guid(7b7e4c0ebf77ccd4089870e5e31c7b74) Importer(2089858483,b0f066a214c2f5e87bad3c948f4d605d)
Start importing Assets/Sprites/greenBat.png using Guid(7b7e4c0ebf77ccd4089870e5e31c7b74) Importer(2089858483,b0f066a214c2f5e87bad3c948f4d605d) (ScriptedImporter) -> (artifact id: 'ccafbd37b4aa748653e59111d080905e') in 0.0272358 seconds
Number of updated asset objects reloaded before import = 0Number of asset objects unloaded after import = 4

========================================================================
Received Import Request.
  Time since last request: 0.000059 seconds.
  path: Assets/Sprites/platforms4.png
  artifactKey: Guid(3aabe90ae9a8f4e4b84a6cf00da3c968) Importer(2089858483,b0f066a214c2f5e87bad3c948f4d605d)
Start importing Assets/Sprites/platforms4.png using Guid(3aabe90ae9a8f4e4b84a6cf00da3c968) Importer(2089858483,b0f066a214c2f5e87bad3c948f4d605d) (ScriptedImporter) -> (artifact id: '59a757cd3d723f17b0eb5103b353af9f') in 0.0437384 seconds
Number of updated asset objects reloaded before import = 0Number of asset objects unloaded after import = 4

========================================================================
Received Import Request.
  Time since last request: 0.000068 seconds.
  path: Assets/Sprites/mountains.png
  artifactKey: Guid(aaccdb317ce02ad4895dbb0e771ea1dd) Importer(2089858483,b0f066a214c2f5e87bad3c948f4d605d)
Start importing Assets/Sprites/mountains.png using Guid(aaccdb317ce02ad4895dbb0e771ea1dd) Importer(2089858483,b0f066a214c2f5e87bad3c948f4d605d) (ScriptedImporter) -> (artifact id: '8fe32291e56c33a0f54305f776027f87') in 0.0336963 seconds
Number of updated asset objects reloaded before import = 0Number of asset objects unloaded after import = 3

========================================================================
Received Import Request.
  Time since last request: 0.000070 seconds.
  path: Assets/Font/FreckleFace-Regular SDF.asset
  artifactKey: Guid(4dbe92de2f6829246b5abeabf2dd37d4) Importer(2089858483,b0f066a214c2f5e87bad3c948f4d605d)
Start importing Assets/Font/FreckleFace-Regular SDF.asset using Guid(4dbe92de2f6829246b5abeabf2dd37d4) Importer(2089858483,b0f066a214c2f5e87bad3c948f4d605d) (ScriptedImporter) -> (artifact id: 'ea8d9c3ce8bab948139a07b0fa6b4472') in 0.1624619 seconds
Number of updated asset objects reloaded before import = 0Number of asset objects unloaded after import = 5

========================================================================
Received Import Request.
  Time since last request: 0.000055 seconds.
  path: Assets/Animations/Character Anims (1)/Character (1).controller
  artifactKey: Guid(d35a6e3c6f6c1c34a95fb5273daeddff) Importer(2089858483,b0f066a214c2f5e87bad3c948f4d605d)
Start importing Assets/Animations/Character Anims (1)/Character (1).controller using Guid(d35a6e3c6f6c1c34a95fb5273daeddff) Importer(2089858483,b0f066a214c2f5e87bad3c948f4d605d) (ScriptedImporter) -> (artifact id: '889af3c781d63410f19a77b2669cf23a') in 0.016259 seconds
Number of updated asset objects reloaded before import = 0Number of asset objects unloaded after import = 13

========================================================================
Received Import Request.
  Time since last request: 0.000070 seconds.
  path: Assets/Sprites/warlock.png
  artifactKey: Guid(eabbbee9fde87fd4ebfa41adb86efa07) Importer(2089858483,b0f066a214c2f5e87bad3c948f4d605d)
Start importing Assets/Sprites/warlock.png using Guid(eabbbee9fde87fd4ebfa41adb86efa07) Importer(2089858483,b0f066a214c2f5e87bad3c948f4d605d) (ScriptedImporter) -> (artifact id: 'f714c59ca4cae72044191d1ba661e194') in 0.0416333 seconds
Number of updated asset objects reloaded before import = 0Number of asset objects unloaded after import = 6

========================================================================
Received Import Request.
  Time since last request: 0.000114 seconds.
  path: Assets/Sprites/loa1.png
  artifactKey: Guid(f1dd9201b1c6eca4dbce894ace540faf) Importer(2089858483,b0f066a214c2f5e87bad3c948f4d605d)
Start importing Assets/Sprites/loa1.png using Guid(f1dd9201b1c6eca4dbce894ace540faf) Importer(2089858483,b0f066a214c2f5e87bad3c948f4d605d) (ScriptedImporter) -> (artifact id: '98d16ab7659947d33164560e6bab6b98') in 0.0254969 seconds
Number of updated asset objects reloaded before import = 0Number of asset objects unloaded after import = 3

========================================================================
Received Import Request.
  Time since last request: 0.000095 seconds.
  path: Assets/Sprites/rocks.com.png
  artifactKey: Guid(823663291f77b934bad219ff00d52195) Importer(2089858483,b0f066a214c2f5e87bad3c948f4d605d)
Start importing Assets/Sprites/rocks.com.png using Guid(823663291f77b934bad219ff00d52195) Importer(2089858483,b0f066a214c2f5e87bad3c948f4d605d) (ScriptedImporter) -> (artifact id: '6a4f81fae0336e966a856a9d6eac684c') in 0.0440449 seconds
Number of updated asset objects reloaded before import = 0Number of asset objects unloaded after import = 10

========================================================================
Received Import Request.
  Time since last request: 0.000043 seconds.
  path: Assets/Prefabs/Character (29).prefab
  artifactKey: Guid(98e526bbee640a94eae22e541e12448f) Importer(2089858483,b0f066a214c2f5e87bad3c948f4d605d)
Start importing Assets/Prefabs/Character (29).prefab using Guid(98e526bbee640a94eae22e541e12448f) Importer(2089858483,b0f066a214c2f5e87bad3c948f4d605d) (ScriptedImporter) -> (artifact id: 'd4edde476c4682fdd829b3e4a78ee2be') in 0.0890718 seconds
Number of updated asset objects reloaded before import = 0Number of asset objects unloaded after import = 27

========================================================================
Received Import Request.
  Time since last request: 0.000069 seconds.
  path: Assets/Sounds/Enemy Damage.wav
  artifactKey: Guid(7dd04f2e3d6e73b4eb932f2f2f04df90) Importer(2089858483,b0f066a214c2f5e87bad3c948f4d605d)
Start importing Assets/Sounds/Enemy Damage.wav using Guid(7dd04f2e3d6e73b4eb932f2f2f04df90) Importer(2089858483,b0f066a214c2f5e87bad3c948f4d605d) (ScriptedImporter) -> (artifact id: '5e21b452be0415257fb307d5d6583a8e') in 0.0483858 seconds
Number of updated asset objects reloaded before import = 0Number of asset objects unloaded after import = 1

========================================================================
Received Import Request.
  Time since last request: 0.000132 seconds.
  path: Assets/Scripts/UnlockLevel.cs
  artifactKey: Guid(e5fe96c7e3e4c6240b61cf74e880e5ed) Importer(2089858483,b0f066a214c2f5e87bad3c948f4d605d)
Start importing Assets/Scripts/UnlockLevel.cs using Guid(e5fe96c7e3e4c6240b61cf74e880e5ed) Importer(2089858483,b0f066a214c2f5e87bad3c948f4d605d) (ScriptedImporter) -> (artifact id: 'b8cede5ed1146ca5155060df3cc63c94') in 0.0083502 seconds
Number of updated asset objects reloaded before import = 0Number of asset objects unloaded after import = 0

========================================================================
Received Import Request.
  Time since last request: 0.000200 seconds.
  path: Assets/Materials/New Post-processing Profile.asset
  artifactKey: Guid(55068ef1bbe9f0547a26a03e52240bd2) Importer(2089858483,b0f066a214c2f5e87bad3c948f4d605d)
Start importing Assets/Materials/New Post-processing Profile.asset using Guid(55068ef1bbe9f0547a26a03e52240bd2) Importer(2089858483,b0f066a214c2f5e87bad3c948f4d605d) (ScriptedImporter) -> (artifact id: '4661006ced476faeb3695448c47514e6') in 0.0090869 seconds
Number of updated asset objects reloaded before import = 0Number of asset objects unloaded after import = 1

========================================================================
Received Import Request.
  Time since last request: 0.000200 seconds.
  path: Assets/AstarPathfindingProject/defines.csv
  artifactKey: Guid(0efbe2d04dbb642a8833e41b8e8c7275) Importer(2089858483,b0f066a214c2f5e87bad3c948f4d605d)
Start importing Assets/AstarPathfindingProject/defines.csv using Guid(0efbe2d04dbb642a8833e41b8e8c7275) Importer(2089858483,b0f066a214c2f5e87bad3c948f4d605d) (ScriptedImporter) -> (artifact id: 'fd0cf785ad4e924c37c1b9a9266ef67a') in 0.010359 seconds
Number of updated asset objects reloaded before import = 0Number of asset objects unloaded after import = 1

========================================================================
Received Import Request.
  Time since last request: 0.000294 seconds.
  path: Assets/Sprites/Flake.png
  artifactKey: Guid(a671f74c92245684d85dab5cb1232e1c) Importer(2089858483,b0f066a214c2f5e87bad3c948f4d605d)
Start importing Assets/Sprites/Flake.png using Guid(a671f74c92245684d85dab5cb1232e1c) Importer(2089858483,b0f066a214c2f5e87bad3c948f4d605d) (ScriptedImporter) -> (artifact id: '77029a0ae6fbd9a75f960d57e19c8cc1') in 0.017924 seconds
Number of updated asset objects reloaded before import = 0Number of asset objects unloaded after import = 1

========================================================================
Received Import Request.
  Time since last request: 0.000097 seconds.
  path: Assets/Sprites/pillar.png
  artifactKey: Guid(52ce3760027915e43baace1339f5a584) Importer(2089858483,b0f066a214c2f5e87bad3c948f4d605d)
Start importing Assets/Sprites/pillar.png using Guid(52ce3760027915e43baace1339f5a584) Importer(2089858483,b0f066a214c2f5e87bad3c948f4d605d) (ScriptedImporter) -> (artifact id: '94428b7d9afb5840805bb00e153ebb7b') in 0.0360943 seconds
Number of updated asset objects reloaded before import = 0Number of asset objects unloaded after import = 3

========================================================================
Received Import Request.
  Time since last request: 0.000073 seconds.
  path: Assets/Sprites/Square.png
  artifactKey: Guid(38ab2b1c0974ef94e95ad44a4d6ab541) Importer(2089858483,b0f066a214c2f5e87bad3c948f4d605d)
Start importing Assets/Sprites/Square.png using Guid(38ab2b1c0974ef94e95ad44a4d6ab541) Importer(2089858483,b0f066a214c2f5e87bad3c948f4d605d) (ScriptedImporter) -> (artifact id: 'edefa8c1b5f06fff754dbde5fd030842') in 0.023301 seconds
Number of updated asset objects reloaded before import = 0Number of asset objects unloaded after import = 3

========================================================================
Received Import Request.
  Time since last request: 0.000042 seconds.
  path: Assets/Scripts/Cloud.cs
  artifactKey: Guid(d6138940a29788c40b7ef3c23120012f) Importer(2089858483,b0f066a214c2f5e87bad3c948f4d605d)
Start importing Assets/Scripts/Cloud.cs using Guid(d6138940a29788c40b7ef3c23120012f) Importer(2089858483,b0f066a214c2f5e87bad3c948f4d605d) (ScriptedImporter) -> (artifact id: '00b5fd65ffa6afdbf5c079fc394163ff') in 0.0078566 seconds
Number of updated asset objects reloaded before import = 0Number of asset objects unloaded after import = 0

========================================================================
Received Import Request.
  Time since last request: 0.000175 seconds.
  path: Assets/Prefabs/Character (93).prefab
  artifactKey: Guid(f3443cf8560207749a8ebb2d37707929) Importer(2089858483,b0f066a214c2f5e87bad3c948f4d605d)
Start importing Assets/Prefabs/Character (93).prefab using Guid(f3443cf8560207749a8ebb2d37707929) Importer(2089858483,b0f066a214c2f5e87bad3c948f4d605d) (ScriptedImporter) -> (artifact id: '834ad5c80d22cd89c2060626f4d82569') in 0.0987043 seconds
Number of updated asset objects reloaded before import = 0Number of asset objects unloaded after import = 37

========================================================================
Received Import Request.
  Time since last request: 0.000070 seconds.
  path: Assets/Scripts/PlayerAttach.cs
  artifactKey: Guid(fab703c5e09bd194ebea7eb503c222db) Importer(2089858483,b0f066a214c2f5e87bad3c948f4d605d)
Start importing Assets/Scripts/PlayerAttach.cs using Guid(fab703c5e09bd194ebea7eb503c222db) Importer(2089858483,b0f066a214c2f5e87bad3c948f4d605d) (ScriptedImporter) -> (artifact id: '61c45734241d51ef65133cf8596c2e75') in 0.0075807 seconds
Number of updated asset objects reloaded before import = 0Number of asset objects unloaded after import = 0

========================================================================
Received Import Request.
  Time since last request: 0.000289 seconds.
  path: Assets/Scripts/Projectile.cs
  artifactKey: Guid(423deba8821e70f4488c69f76305f87d) Importer(2089858483,b0f066a214c2f5e87bad3c948f4d605d)
Start importing Assets/Scripts/Projectile.cs using Guid(423deba8821e70f4488c69f76305f87d) Importer(2089858483,b0f066a214c2f5e87bad3c948f4d605d) (ScriptedImporter) -> (artifact id: 'c59367bee770feaa1b7b2febe2bb59b0') in 0.008114 seconds
Number of updated asset objects reloaded before import = 0Number of asset objects unloaded after import = 0

========================================================================
Received Import Request.
  Time since last request: 0.000242 seconds.
  path: Assets/Sprites/hearts.png
  artifactKey: Guid(0397d324d95bd3049bec531be0c35e33) Importer(2089858483,b0f066a214c2f5e87bad3c948f4d605d)
Start importing Assets/Sprites/hearts.png using Guid(0397d324d95bd3049bec531be0c35e33) Importer(2089858483,b0f066a214c2f5e87bad3c948f4d605d) (ScriptedImporter) -> (artifact id: '9cd58a9d2da5c902b70eabfa8ba6358b') in 0.0293401 seconds
Number of updated asset objects reloaded before import = 0Number of asset objects unloaded after import = 4

========================================================================
Received Import Request.
  Time since last request: 0.000063 seconds.
  path: Assets/Animations/Worm/idle.anim
  artifactKey: Guid(adafc3f63fca2a54b93f69bc4be5f118) Importer(2089858483,b0f066a214c2f5e87bad3c948f4d605d)
Start importing Assets/Animations/Worm/idle.anim using Guid(adafc3f63fca2a54b93f69bc4be5f118) Importer(2089858483,b0f066a214c2f5e87bad3c948f4d605d) (ScriptedImporter) -> (artifact id: '2c2a5677aa3628a6913b8d345ad86df0') in 0.0258812 seconds
Number of updated asset objects reloaded before import = 0Number of asset objects unloaded after import = 1

========================================================================
Received Import Request.
  Time since last request: 0.000105 seconds.
  path: Assets/Animations/Enemy_orange/idle.anim
  artifactKey: Guid(22f11be18e970284b9fab5081f619d09) Importer(2089858483,b0f066a214c2f5e87bad3c948f4d605d)
Start importing Assets/Animations/Enemy_orange/idle.anim using Guid(22f11be18e970284b9fab5081f619d09) Importer(2089858483,b0f066a214c2f5e87bad3c948f4d605d) (ScriptedImporter) -> (artifact id: 'e77ad7032f2f27b535d47a639f4def51') in 0.0129241 seconds
Number of updated asset objects reloaded before import = 0Number of asset objects unloaded after import = 1

========================================================================
Received Import Request.
  Time since last request: 0.000043 seconds.
  path: Assets/AstarPathfindingProject/Behaviors/Patrol.cs
  artifactKey: Guid(22e6c29e32504465faa943c537d8029b) Importer(2089858483,b0f066a214c2f5e87bad3c948f4d605d)
Start importing Assets/AstarPathfindingProject/Behaviors/Patrol.cs using Guid(22e6c29e32504465faa943c537d8029b) Importer(2089858483,b0f066a214c2f5e87bad3c948f4d605d) (ScriptedImporter) -> (artifact id: '2220b6acf00df52a74c9751f859ef021') in 0.0085556 seconds
Number of updated asset objects reloaded before import = 0Number of asset objects unloaded after import = 0

========================================================================
Received Import Request.
  Time since last request: 0.000148 seconds.
  path: Assets/Animations/Character Anims (5)/idle.anim
  artifactKey: Guid(3fcd97a7811e4814b93b8241d713a9b0) Importer(2089858483,b0f066a214c2f5e87bad3c948f4d605d)
Start importing Assets/Animations/Character Anims (5)/idle.anim using Guid(3fcd97a7811e4814b93b8241d713a9b0) Importer(2089858483,b0f066a214c2f5e87bad3c948f4d605d) (ScriptedImporter) -> (artifact id: 'e660a70f7c3fcd529fb311ad3980a8db') in 0.012598 seconds
Number of updated asset objects reloaded before import = 0Number of asset objects unloaded after import = 1

========================================================================
Received Import Request.
  Time since last request: 0.000200 seconds.
  path: Assets/Animations/MovingPlatform/idle.anim
  artifactKey: Guid(b452bd558a30900428ef8d931346641a) Importer(2089858483,b0f066a214c2f5e87bad3c948f4d605d)
Start importing Assets/Animations/MovingPlatform/idle.anim using Guid(b452bd558a30900428ef8d931346641a) Importer(2089858483,b0f066a214c2f5e87bad3c948f4d605d) (ScriptedImporter) -> (artifact id: '0e00cf26700aab4ce3c54dc175c660e3') in 0.0127915 seconds
Number of updated asset objects reloaded before import = 0Number of asset objects unloaded after import = 1

========================================================================
Received Import Request.
  Time since last request: 0.000268 seconds.
  path: Assets/Animations/Character Anims (9)/Character (81).controller
  artifactKey: Guid(d504a81c77400dd42a33bf0a0b256d54) Importer(2089858483,b0f066a214c2f5e87bad3c948f4d605d)
Start importing Assets/Animations/Character Anims (9)/Character (81).controller using Guid(d504a81c77400dd42a33bf0a0b256d54) Importer(2089858483,b0f066a214c2f5e87bad3c948f4d605d) (ScriptedImporter) -> (artifact id: 'e4cf9303f9bbad5b8be03d18751e8cd8') in 0.015795 seconds
Number of updated asset objects reloaded before import = 0Number of asset objects unloaded after import = 13

========================================================================
Received Import Request.
  Time since last request: 0.000071 seconds.
  path: Assets/Animations/Character Anims (8)/attack.anim
  artifactKey: Guid(a6cea62a24f712641bbd724afcb553a2) Importer(2089858483,b0f066a214c2f5e87bad3c948f4d605d)
Start importing Assets/Animations/Character Anims (8)/attack.anim using Guid(a6cea62a24f712641bbd724afcb553a2) Importer(2089858483,b0f066a214c2f5e87bad3c948f4d605d) (ScriptedImporter) -> (artifact id: 'cf1f97ebfa456c897322257193044a93') in 0.0123253 seconds
Number of updated asset objects reloaded before import = 0Number of asset objects unloaded after import = 1

========================================================================
Received Import Request.
  Time since last request: 0.000225 seconds.
  path: Assets/Animations/Shake/idle.anim
  artifactKey: Guid(0d1535979487e0c42a9429db59265481) Importer(2089858483,b0f066a214c2f5e87bad3c948f4d605d)
Start importing Assets/Animations/Shake/idle.anim using Guid(0d1535979487e0c42a9429db59265481) Importer(2089858483,b0f066a214c2f5e87bad3c948f4d605d) (ScriptedImporter) -> (artifact id: 'd6c936c71367330ff59d630ad028449b') in 0.0111075 seconds
Number of updated asset objects reloaded before import = 0Number of asset objects unloaded after import = 1

========================================================================
Received Import Request.
  Time since last request: 0.000156 seconds.
  path: Assets/Animations/Goblin/idle.anim
  artifactKey: Guid(7c766ff5f26e07f45b946242d93854ca) Importer(2089858483,b0f066a214c2f5e87bad3c948f4d605d)
Start importing Assets/Animations/Goblin/idle.anim using Guid(7c766ff5f26e07f45b946242d93854ca) Importer(2089858483,b0f066a214c2f5e87bad3c948f4d605d) (ScriptedImporter) -> (artifact id: '298e8b73713efefb4ab1ab9454fe7435') in 0.0122926 seconds
Number of updated asset objects reloaded before import = 0Number of asset objects unloaded after import = 1

========================================================================
Received Import Request.
  Time since last request: 0.000133 seconds.
  path: Assets/Animations/Player/run.anim
  artifactKey: Guid(ef4d5e266c6d5604393f9ce09819b0f8) Importer(2089858483,b0f066a214c2f5e87bad3c948f4d605d)
Start importing Assets/Animations/Player/run.anim using Guid(ef4d5e266c6d5604393f9ce09819b0f8) Importer(2089858483,b0f066a214c2f5e87bad3c948f4d605d) (ScriptedImporter) -> (artifact id: '489f907b3f64c9e61d4e691dea805f85') in 0.0115061 seconds
Number of updated asset objects reloaded before import = 0Number of asset objects unloaded after import = 1

========================================================================
Received Import Request.
  Time since last request: 0.000101 seconds.
  path: Assets/Animations/Shot Effect/Shot Effect.controller
  artifactKey: Guid(a83cf7788f534cb43bbf7655267a0d4b) Importer(2089858483,b0f066a214c2f5e87bad3c948f4d605d)
Start importing Assets/Animations/Shot Effect/Shot Effect.controller using Guid(a83cf7788f534cb43bbf7655267a0d4b) Importer(2089858483,b0f066a214c2f5e87bad3c948f4d605d) (ScriptedImporter) -> (artifact id: 'eaea7edcbcb9616f50f92373aeacf810') in 0.0094011 seconds
Number of updated asset objects reloaded before import = 0Number of asset objects unloaded after import = 4

========================================================================
Received Import Request.
  Time since last request: 0.000049 seconds.
  path: Assets/AstarPathfindingProject/Core/astarclasses.cs
  artifactKey: Guid(f499b0552bded40b6a9d474dfb94343a) Importer(2089858483,b0f066a214c2f5e87bad3c948f4d605d)
Start importing Assets/AstarPathfindingProject/Core/astarclasses.cs using Guid(f499b0552bded40b6a9d474dfb94343a) Importer(2089858483,b0f066a214c2f5e87bad3c948f4d605d) (ScriptedImporter) -> (artifact id: '8fffaad2acbef8d0c2c5627228916f0e') in 0.0081797 seconds
Number of updated asset objects reloaded before import = 0Number of asset objects unloaded after import = 0

========================================================================
Received Import Request.
  Time since last request: 0.000223 seconds.
  path: Assets/Sprites/levelSelect.png
  artifactKey: Guid(585dbd861c96e6d499d5205aa36f970b) Importer(2089858483,b0f066a214c2f5e87bad3c948f4d605d)
Start importing Assets/Sprites/levelSelect.png using Guid(585dbd861c96e6d499d5205aa36f970b) Importer(2089858483,b0f066a214c2f5e87bad3c948f4d605d) (ScriptedImporter) -> (artifact id: 'b617fe5f0e5961f6a1d85b08203ff0fa') in 0.0407445 seconds
Number of updated asset objects reloaded before import = 0Number of asset objects unloaded after import = 6

========================================================================
Received Import Request.
  Time since last request: 0.000642 seconds.
  path: Assets/Animations/Menu/Canvas Foreground.controller
  artifactKey: Guid(4c654180d5c7f8746900b4a476df40fd) Importer(2089858483,b0f066a214c2f5e87bad3c948f4d605d)
Start importing Assets/Animations/Menu/Canvas Foreground.controller using Guid(4c654180d5c7f8746900b4a476df40fd) Importer(2089858483,b0f066a214c2f5e87bad3c948f4d605d) (ScriptedImporter) -> (artifact id: '1b7564ce3f5d4dad4de0885f786c6693') in 0.0166196 seconds
Number of updated asset objects reloaded before import = 0Number of asset objects unloaded after import = 4

========================================================================
Received Import Request.
  Time since last request: 0.000043 seconds.
  path: Assets/Sounds/Death Sound.wav
  artifactKey: Guid(6038e7d78d23c974cbf5e0f0b7b32335) Importer(2089858483,b0f066a214c2f5e87bad3c948f4d605d)
Start importing Assets/Sounds/Death Sound.wav using Guid(6038e7d78d23c974cbf5e0f0b7b32335) Importer(2089858483,b0f066a214c2f5e87bad3c948f4d605d) (ScriptedImporter) -> (artifact id: '19316972c3fa19aa36e6c6f6fff85269') in 0.0398731 seconds
Number of updated asset objects reloaded before import = 0Number of asset objects unloaded after import = 1

========================================================================
Received Import Request.
  Time since last request: 0.000514 seconds.
  path: Assets/Scripts/CameraShake.cs
  artifactKey: Guid(ea5ad3f294b59454ebe5dcebee330684) Importer(2089858483,b0f066a214c2f5e87bad3c948f4d605d)
Start importing Assets/Scripts/CameraShake.cs using Guid(ea5ad3f294b59454ebe5dcebee330684) Importer(2089858483,b0f066a214c2f5e87bad3c948f4d605d) (ScriptedImporter) -> (artifact id: '1e65ee75867573fbf716f21c0f00eba6') in 0.0085266 seconds
Number of updated asset objects reloaded before import = 0Number of asset objects unloaded after import = 0

========================================================================
Received Import Request.
  Time since last request: 0.000207 seconds.
  path: Assets/Sprites/SettingMenu 1.png
  artifactKey: Guid(709de8cac773453478591e7b564059a9) Importer(2089858483,b0f066a214c2f5e87bad3c948f4d605d)
Start importing Assets/Sprites/SettingMenu 1.png using Guid(709de8cac773453478591e7b564059a9) Importer(2089858483,b0f066a214c2f5e87bad3c948f4d605d) (ScriptedImporter) -> (artifact id: '358254f37e9b33c19e88a2e07b59cf28') in 0.0468402 seconds
Number of updated asset objects reloaded before import = 0Number of asset objects unloaded after import = 8

========================================================================
Received Import Request.
  Time since last request: 0.000047 seconds.
  path: Assets/AstarPathfindingProject/Core/Path.cs
  artifactKey: Guid(b179046d83ec84f0c91efc5335f78a30) Importer(2089858483,b0f066a214c2f5e87bad3c948f4d605d)
Start importing Assets/AstarPathfindingProject/Core/Path.cs using Guid(b179046d83ec84f0c91efc5335f78a30) Importer(2089858483,b0f066a214c2f5e87bad3c948f4d605d) (ScriptedImporter) -> (artifact id: 'ac3a523898a3dab4ab625c4337ebf9da') in 0.007502 seconds
Number of updated asset objects reloaded before import = 0Number of asset objects unloaded after import = 0

========================================================================
Received Import Request.
  Time since last request: 0.000231 seconds.
  path: Assets/Animations/Character Anims (10)/Character (100).controller
  artifactKey: Guid(340e9621348a3934090e0782b990f527) Importer(2089858483,b0f066a214c2f5e87bad3c948f4d605d)
Start importing Assets/Animations/Character Anims (10)/Character (100).controller using Guid(340e9621348a3934090e0782b990f527) Importer(2089858483,b0f066a214c2f5e87bad3c948f4d605d) (ScriptedImporter) -> (artifact id: '19177ee34c50f3dab8de46395d5f9fb3') in 0.0110364 seconds
Number of updated asset objects reloaded before import = 0Number of asset objects unloaded after import = 13

========================================================================
Received Import Request.
  Time since last request: 0.000031 seconds.
  path: Assets/Prefabs/Blood.prefab
  artifactKey: Guid(4fcbc12c51169b6478c6b7f8d3fa238a) Importer(2089858483,b0f066a214c2f5e87bad3c948f4d605d)
Start importing Assets/Prefabs/Blood.prefab using Guid(4fcbc12c51169b6478c6b7f8d3fa238a) Importer(2089858483,b0f066a214c2f5e87bad3c948f4d605d) (ScriptedImporter) -> (artifact id: 'db4bffe4c9092e4766f368270ef0e194') in 0.223361 seconds
Number of updated asset objects reloaded before import = 0Number of asset objects unloaded after import = 6

========================================================================
Received Import Request.
  Time since last request: 0.000162 seconds.
  path: Assets/AstarPathfindingProject/Core/PathHandler.cs
  artifactKey: Guid(7cc885607b0534cc6a4a34c4caa58d89) Importer(2089858483,b0f066a214c2f5e87bad3c948f4d605d)
Start importing Assets/AstarPathfindingProject/Core/PathHandler.cs using Guid(7cc885607b0534cc6a4a34c4caa58d89) Importer(2089858483,b0f066a214c2f5e87bad3c948f4d605d) (ScriptedImporter) -> (artifact id: '5b08761b606d95ae68cd8afedf4c7c8a') in 0.0083792 seconds
Number of updated asset objects reloaded before import = 0Number of asset objects unloaded after import = 0

========================================================================
Received Import Request.
  Time since last request: 0.000203 seconds.
  path: Assets/TextMesh Pro/Fonts/LiberationSans.ttf
  artifactKey: Guid(e3265ab4bf004d28a9537516768c1c75) Importer(2089858483,b0f066a214c2f5e87bad3c948f4d605d)
Start importing Assets/TextMesh Pro/Fonts/LiberationSans.ttf using Guid(e3265ab4bf004d28a9537516768c1c75) Importer(2089858483,b0f066a214c2f5e87bad3c948f4d605d) (ScriptedImporter) -> (artifact id: 'f05dc84cefb1cfe55d6734ccfc562bd6') in 0.0269985 seconds
Number of updated asset objects reloaded before import = 0Number of asset objects unloaded after import = 3

========================================================================
Received Import Request.
  Time since last request: 0.000046 seconds.
  path: Assets/AstarPathfindingProject/Core/AI/AIPath.cs
  artifactKey: Guid(f6eb1402c17e84a9282a7f0f62eb584f) Importer(2089858483,b0f066a214c2f5e87bad3c948f4d605d)
Start importing Assets/AstarPathfindingProject/Core/AI/AIPath.cs using Guid(f6eb1402c17e84a9282a7f0f62eb584f) Importer(2089858483,b0f066a214c2f5e87bad3c948f4d605d) (ScriptedImporter) -> (artifact id: '782269041f7fad83e597adefe73a9970') in 0.0074761 seconds
Number of updated asset objects reloaded before import = 0Number of asset objects unloaded after import = 0

========================================================================
Received Import Request.
  Time since last request: 0.000301 seconds.
  path: Assets/Sprites/Materials/Flake.mat
  artifactKey: Guid(6471c52dd7724fa44ba113e0e7aa8e6a) Importer(2089858483,b0f066a214c2f5e87bad3c948f4d605d)
Start importing Assets/Sprites/Materials/Flake.mat using Guid(6471c52dd7724fa44ba113e0e7aa8e6a) Importer(2089858483,b0f066a214c2f5e87bad3c948f4d605d) (ScriptedImporter) -> (artifact id: '1da2c7cfa41c25caceef05973398ba74') in 0.150937 seconds
Number of updated asset objects reloaded before import = 0Number of asset objects unloaded after import = 2

========================================================================
Received Import Request.
  Time since last request: 0.000048 seconds.
  path: Assets/TextMesh Pro/Fonts/LiberationSans - OFL.txt
  artifactKey: Guid(6e59c59b81ab47f9b6ec5781fa725d2c) Importer(2089858483,b0f066a214c2f5e87bad3c948f4d605d)
Start importing Assets/TextMesh Pro/Fonts/LiberationSans - OFL.txt using Guid(6e59c59b81ab47f9b6ec5781fa725d2c) Importer(2089858483,b0f066a214c2f5e87bad3c948f4d605d) (ScriptedImporter) -> (artifact id: 'a3723e02c032dbed9a5ef1bf3dfb4c1c') in 0.0083174 seconds
Number of updated asset objects reloaded before import = 0Number of asset objects unloaded after import = 1

========================================================================
Received Import Request.
  Time since last request: 0.000230 seconds.
  path: Assets/AstarPathfindingProject/Resources/handles_aaline.png
  artifactKey: Guid(2bdd62a589f28e83fb8c3eabe0cd1652) Importer(2089858483,b0f066a214c2f5e87bad3c948f4d605d)
Start importing Assets/AstarPathfindingProject/Resources/handles_aaline.png using Guid(2bdd62a589f28e83fb8c3eabe0cd1652) Importer(2089858483,b0f066a214c2f5e87bad3c948f4d605d) (ScriptedImporter) -> (artifact id: '63920e77f2f89426dcf57215977a1521') in 0.0208136 seconds
Number of updated asset objects reloaded before import = 0Number of asset objects unloaded after import = 1

========================================================================
Received Import Request.
  Time since last request: 0.000126 seconds.
  path: Assets/AstarPathfindingProject/Utilities/AstarChecksum.cs
  artifactKey: Guid(8959628b7b47f4ccca91bcfa87d9f77e) Importer(2089858483,b0f066a214c2f5e87bad3c948f4d605d)
Start importing Assets/AstarPathfindingProject/Utilities/AstarChecksum.cs using Guid(8959628b7b47f4ccca91bcfa87d9f77e) Importer(2089858483,b0f066a214c2f5e87bad3c948f4d605d) (ScriptedImporter) -> (artifact id: 'f603feb20c577e6ac636c37f672adf1e') in 0.008076 seconds
Number of updated asset objects reloaded before import = 0Number of asset objects unloaded after import = 0

========================================================================
Received Import Request.
  Time since last request: 0.000320 seconds.
  path: Assets/AstarPathfindingProject/Utilities/ProceduralGridMover.cs
  artifactKey: Guid(6a634230476dc478b88eceac73b1c8a4) Importer(2089858483,b0f066a214c2f5e87bad3c948f4d605d)
Start importing Assets/AstarPathfindingProject/Utilities/ProceduralGridMover.cs using Guid(6a634230476dc478b88eceac73b1c8a4) Importer(2089858483,b0f066a214c2f5e87bad3c948f4d605d) (ScriptedImporter) -> (artifact id: '09a754d6416a048433cdb2ff2339507d') in 0.0076624 seconds
Number of updated asset objects reloaded before import = 0Number of asset objects unloaded after import = 0

========================================================================
Received Import Request.
  Time since last request: 0.000330 seconds.
  path: Assets/AstarPathfindingProject/Core/AI/TurnBasedAI.cs
  artifactKey: Guid(8f95b80c439d6408b9afac9d013922e4) Importer(2089858483,b0f066a214c2f5e87bad3c948f4d605d)
Start importing Assets/AstarPathfindingProject/Core/AI/TurnBasedAI.cs using Guid(8f95b80c439d6408b9afac9d013922e4) Importer(2089858483,b0f066a214c2f5e87bad3c948f4d605d) (ScriptedImporter) -> (artifact id: '199a554950530a06287689127d908d3b') in 0.0089299 seconds
Number of updated asset objects reloaded before import = 0Number of asset objects unloaded after import = 0

========================================================================
Received Import Request.
  Time since last request: 0.000302 seconds.
  path: Assets/AstarPathfindingProject/TurnBased/SingleNodeBlocker.cs
  artifactKey: Guid(b45e20632f1604fc6bb73e0e79cd7368) Importer(2089858483,b0f066a214c2f5e87bad3c948f4d605d)
Start importing Assets/AstarPathfindingProject/TurnBased/SingleNodeBlocker.cs using Guid(b45e20632f1604fc6bb73e0e79cd7368) Importer(2089858483,b0f066a214c2f5e87bad3c948f4d605d) (ScriptedImporter) -> (artifact id: '258cc9334d55b7d4afd5ad78bfbcde85') in 0.0110328 seconds
Number of updated asset objects reloaded before import = 0Number of asset objects unloaded after import = 0

========================================================================
Received Import Request.
  Time since last request: 0.000171 seconds.
  path: Assets/AstarPathfindingProject/ExampleScenes/_Example Scenes.txt
  artifactKey: Guid(6319be37e337542dbb990c039726bc8f) Importer(2089858483,b0f066a214c2f5e87bad3c948f4d605d)
Start importing Assets/AstarPathfindingProject/ExampleScenes/_Example Scenes.txt using Guid(6319be37e337542dbb990c039726bc8f) Importer(2089858483,b0f066a214c2f5e87bad3c948f4d605d) (ScriptedImporter) -> (artifact id: '4e356c91684e831ee40a3c1711072e39') in 0.0080828 seconds
Number of updated asset objects reloaded before import = 0Number of asset objects unloaded after import = 1

========================================================================
Received Import Request.
  Time since last request: 0.000168 seconds.
  path: Assets/AstarPathfindingProject/Utilities/Funnel.cs
  artifactKey: Guid(332338376eb42424caa0e3d6bf984a8b) Importer(2089858483,b0f066a214c2f5e87bad3c948f4d605d)
Start importing Assets/AstarPathfindingProject/Utilities/Funnel.cs using Guid(332338376eb42424caa0e3d6bf984a8b) Importer(2089858483,b0f066a214c2f5e87bad3c948f4d605d) (ScriptedImporter) -> (artifact id: 'aacb0ada307ca3e397dc06fde3b59732') in 0.0069983 seconds
Number of updated asset objects reloaded before import = 0Number of asset objects unloaded after import = 0

========================================================================
Received Import Request.
  Time since last request: 0.000140 seconds.
  path: Assets/TextMesh Pro/Resources/TMP Settings.asset
  artifactKey: Guid(3f5b5dff67a942289a9defa416b206f3) Importer(2089858483,b0f066a214c2f5e87bad3c948f4d605d)
Start importing Assets/TextMesh Pro/Resources/TMP Settings.asset using Guid(3f5b5dff67a942289a9defa416b206f3) Importer(2089858483,b0f066a214c2f5e87bad3c948f4d605d) (ScriptedImporter) -> (artifact id: 'fb076df85fe224f480c89cea65cd4557') in 0.0606226 seconds
Number of updated asset objects reloaded before import = 0Number of asset objects unloaded after import = 15

========================================================================
Received Import Request.
  Time since last request: 0.157416 seconds.
  path: Assets/AstarPathfindingProject/Core/Misc/BinaryHeap.cs
  artifactKey: Guid(eb4299e8747f44ad2b4e086752108ea3) Importer(2089858483,b0f066a214c2f5e87bad3c948f4d605d)
Start importing Assets/AstarPathfindingProject/Core/Misc/BinaryHeap.cs using Guid(eb4299e8747f44ad2b4e086752108ea3) Importer(2089858483,b0f066a214c2f5e87bad3c948f4d605d) (ScriptedImporter) -> (artifact id: '298844a392f80eb2bc2d9ceba48a3f88') in 0.0322904 seconds
Number of updated asset objects reloaded before import = 0Number of asset objects unloaded after import = 0

========================================================================
Received Import Request.
  Time since last request: 0.000306 seconds.
  path: Assets/AstarPathfindingProject/ExampleScenes/Materials/DiffuseAlwaysVisible.shader
  artifactKey: Guid(5c4aad560e4da4a59aa10f6f2f6e84ce) Importer(2089858483,b0f066a214c2f5e87bad3c948f4d605d)
Start importing Assets/AstarPathfindingProject/ExampleScenes/Materials/DiffuseAlwaysVisible.shader using Guid(5c4aad560e4da4a59aa10f6f2f6e84ce) Importer(2089858483,b0f066a214c2f5e87bad3c948f4d605d) (ScriptedImporter) -> (artifact id: '4e29a780c5cd9de2a76893c9ac779b46') in 0.0200724 seconds
Number of updated asset objects reloaded before import = 0Number of asset objects unloaded after import = 1

========================================================================
Received Import Request.
  Time since last request: 0.000208 seconds.
  path: Assets/AstarPathfindingProject/Core/Misc/ObjectPool.cs
  artifactKey: Guid(10837c5b030bd47a2a0e6e213fea0868) Importer(2089858483,b0f066a214c2f5e87bad3c948f4d605d)
Start importing Assets/AstarPathfindingProject/Core/Misc/ObjectPool.cs using Guid(10837c5b030bd47a2a0e6e213fea0868) Importer(2089858483,b0f066a214c2f5e87bad3c948f4d605d) (ScriptedImporter) -> (artifact id: '4b4fa8f9760dc792e856e6a62d46a619') in 0.0080164 seconds
Number of updated asset objects reloaded before import = 0Number of asset objects unloaded after import = 0

========================================================================
Received Import Request.
  Time since last request: 0.000187 seconds.
  path: Assets/AstarPathfindingProject/Editor/EditorAssets/linkButton_active.png
  artifactKey: Guid(1066e2a70f10b481984312db993dadc8) Importer(2089858483,b0f066a214c2f5e87bad3c948f4d605d)
Start importing Assets/AstarPathfindingProject/Editor/EditorAssets/linkButton_active.png using Guid(1066e2a70f10b481984312db993dadc8) Importer(2089858483,b0f066a214c2f5e87bad3c948f4d605d) (ScriptedImporter) -> (artifact id: '2b318886db443817f547a1cdfe14a25b') in 0.0196227 seconds
Number of updated asset objects reloaded before import = 0Number of asset objects unloaded after import = 1

========================================================================
Received Import Request.
  Time since last request: 0.000199 seconds.
  path: Assets/AstarPathfindingProject/ExampleScenes/ExampleScripts/ObjectPlacer.cs
  artifactKey: Guid(687e3bc0934ac46d3957e59872965f3c) Importer(2089858483,b0f066a214c2f5e87bad3c948f4d605d)
Start importing Assets/AstarPathfindingProject/ExampleScenes/ExampleScripts/ObjectPlacer.cs using Guid(687e3bc0934ac46d3957e59872965f3c) Importer(2089858483,b0f066a214c2f5e87bad3c948f4d605d) (ScriptedImporter) -> (artifact id: '82301da40ebebaf65090d05ada24dfb3') in 0.0077192 seconds
Number of updated asset objects reloaded before import = 0Number of asset objects unloaded after import = 0

========================================================================
Received Import Request.
  Time since last request: 0.000245 seconds.
  path: Assets/AstarPathfindingProject/ExampleScenes/Example12_Procedural/ProceduralPrefab4.prefab
  artifactKey: Guid(df2342a101fc54b44811414aaee023ba) Importer(2089858483,b0f066a214c2f5e87bad3c948f4d605d)
Start importing Assets/AstarPathfindingProject/ExampleScenes/Example12_Procedural/ProceduralPrefab4.prefab using Guid(df2342a101fc54b44811414aaee023ba) Importer(2089858483,b0f066a214c2f5e87bad3c948f4d605d) (ScriptedImporter) -> (artifact id: '3f53b75bb3101d37a6d51aad77aaf816') in 0.0115364 seconds
Number of updated asset objects reloaded before import = 0Number of asset objects unloaded after import = 29

========================================================================
Received Import Request.
  Time since last request: 0.000060 seconds.
  path: Assets/AstarPathfindingProject/Editor/EditorAssets/scene_box@1x.png
  artifactKey: Guid(a4bb5812f98bf40a68d9c1a69ad860cb) Importer(2089858483,b0f066a214c2f5e87bad3c948f4d605d)
Start importing Assets/AstarPathfindingProject/Editor/EditorAssets/scene_box@1x.png using Guid(a4bb5812f98bf40a68d9c1a69ad860cb) Importer(2089858483,b0f066a214c2f5e87bad3c948f4d605d) (ScriptedImporter) -> (artifact id: '9f8c0a078d492045954cb960f82443b3') in 0.0196274 seconds
Number of updated asset objects reloaded before import = 0Number of asset objects unloaded after import = 1

========================================================================
Received Import Request.
  Time since last request: 0.000068 seconds.
  path: Assets/AstarPathfindingProject/Editor/EditorAssets/grid.psd
  artifactKey: Guid(527965173b00f43f9a1b8fc9e8c2e64b) Importer(2089858483,b0f066a214c2f5e87bad3c948f4d605d)
Start importing Assets/AstarPathfindingProject/Editor/EditorAssets/grid.psd using Guid(527965173b00f43f9a1b8fc9e8c2e64b) Importer(2089858483,b0f066a214c2f5e87bad3c948f4d605d) (ScriptedImporter) -> (artifact id: 'a2008d52d3b182647ade83163864e417') in 0.0195209 seconds
Number of updated asset objects reloaded before import = 0Number of asset objects unloaded after import = 1

========================================================================
Received Import Request.
  Time since last request: 0.000042 seconds.
  path: Assets/AstarPathfindingProject/ExampleScenes/Materials/BlueCheckerGround.mat
  artifactKey: Guid(8f4d5503fdeab441e8c6c041504cf535) Importer(2089858483,b0f066a214c2f5e87bad3c948f4d605d)
Start importing Assets/AstarPathfindingProject/ExampleScenes/Materials/BlueCheckerGround.mat using Guid(8f4d5503fdeab441e8c6c041504cf535) Importer(2089858483,b0f066a214c2f5e87bad3c948f4d605d) (ScriptedImporter) -> (artifact id: '8e89b85889b4f133422ef282bb85176d') in 0.0217197 seconds
Number of updated asset objects reloaded before import = 0Number of asset objects unloaded after import = 2

========================================================================
Received Import Request.
  Time since last request: 0.000046 seconds.
  path: Assets/AstarPathfindingProject/Core/Misc/Int3.cs
  artifactKey: Guid(5826dd4a1809b448291582cd06deadc1) Importer(2089858483,b0f066a214c2f5e87bad3c948f4d605d)
Start importing Assets/AstarPathfindingProject/Core/Misc/Int3.cs using Guid(5826dd4a1809b448291582cd06deadc1) Importer(2089858483,b0f066a214c2f5e87bad3c948f4d605d) (ScriptedImporter) -> (artifact id: '6ab36c5d2155245afbec3d6119e141f0') in 0.008598 seconds
Number of updated asset objects reloaded before import = 0Number of asset objects unloaded after import = 0

========================================================================
Received Import Request.
  Time since last request: 0.000210 seconds.
  path: Assets/AstarPathfindingProject/ExampleScenes/Prefabs/DynamicObstacle.prefab
  artifactKey: Guid(4267c4f7628024c018e8bd0acd298526) Importer(2089858483,b0f066a214c2f5e87bad3c948f4d605d)
Start importing Assets/AstarPathfindingProject/ExampleScenes/Prefabs/DynamicObstacle.prefab using Guid(4267c4f7628024c018e8bd0acd298526) Importer(2089858483,b0f066a214c2f5e87bad3c948f4d605d) (ScriptedImporter) -> (artifact id: '3d09427d1c211d4a521452b2bb480ebc') in 0.0139847 seconds
Number of updated asset objects reloaded before import = 0Number of asset objects unloaded after import = 13

========================================================================
Received Import Request.
  Time since last request: 0.000046 seconds.
  path: Assets/AstarPathfindingProject/ExampleScenes/Example5_PointGraph/ListCubes.mat
  artifactKey: Guid(9c0721c9b4f3c4cb894656485acb9228) Importer(2089858483,b0f066a214c2f5e87bad3c948f4d605d)
Start importing Assets/AstarPathfindingProject/ExampleScenes/Example5_PointGraph/ListCubes.mat using Guid(9c0721c9b4f3c4cb894656485acb9228) Importer(2089858483,b0f066a214c2f5e87bad3c948f4d605d) (ScriptedImporter) -> (artifact id: 'de18e9fc78c59b4f57e4d5d024da0eca') in 0.0171743 seconds
Number of updated asset objects reloaded before import = 0Number of asset objects unloaded after import = 1

========================================================================
Received Import Request.
  Time since last request: 0.000148 seconds.
  path: Assets/AstarPathfindingProject/Generators/NodeClasses/GridNode.cs
  artifactKey: Guid(5291f1ec332d746138ac025aecb1e12d) Importer(2089858483,b0f066a214c2f5e87bad3c948f4d605d)
Start importing Assets/AstarPathfindingProject/Generators/NodeClasses/GridNode.cs using Guid(5291f1ec332d746138ac025aecb1e12d) Importer(2089858483,b0f066a214c2f5e87bad3c948f4d605d) (ScriptedImporter) -> (artifact id: '126d0f380bf66bce7d8bd4d8fd4e7be6') in 0.0090775 seconds
Number of updated asset objects reloaded before import = 0Number of asset objects unloaded after import = 0

========================================================================
Received Import Request.
  Time since last request: 0.000237 seconds.
  path: Assets/AstarPathfindingProject/ExampleScenes/Example12_Procedural/ProceduralPrefab2.prefab
  artifactKey: Guid(1c63e47cea3074ee89305fd4cefa91e8) Importer(2089858483,b0f066a214c2f5e87bad3c948f4d605d)
Start importing Assets/AstarPathfindingProject/ExampleScenes/Example12_Procedural/ProceduralPrefab2.prefab using Guid(1c63e47cea3074ee89305fd4cefa91e8) Importer(2089858483,b0f066a214c2f5e87bad3c948f4d605d) (ScriptedImporter) -> (artifact id: '6ff9052de5407a6feac89390100296f8') in 0.0124909 seconds
Number of updated asset objects reloaded before import = 0Number of asset objects unloaded after import = 20

========================================================================
Received Import Request.
  Time since last request: 0.000036 seconds.
  path: Assets/AstarPathfindingProject/ExampleScenes/Example5_PointGraph/blackText.mat
  artifactKey: Guid(87dee5d03323e4003a9785eface0284a) Importer(2089858483,b0f066a214c2f5e87bad3c948f4d605d)
Start importing Assets/AstarPathfindingProject/ExampleScenes/Example5_PointGraph/blackText.mat using Guid(87dee5d03323e4003a9785eface0284a) Importer(2089858483,b0f066a214c2f5e87bad3c948f4d605d) (ScriptedImporter) -> (artifact id: '02e740931abef7f491f2e283d410d15d') in 0.0103649 seconds
Number of updated asset objects reloaded before import = 0Number of asset objects unloaded after import = 1

========================================================================
Received Import Request.
  Time since last request: 0.000082 seconds.
  path: Assets/AstarPathfindingProject/Core/Misc/NodeLink2.cs
  artifactKey: Guid(bd2cfff5dfa8c4244aa00fea9675adb2) Importer(2089858483,b0f066a214c2f5e87bad3c948f4d605d)
Start importing Assets/AstarPathfindingProject/Core/Misc/NodeLink2.cs using Guid(bd2cfff5dfa8c4244aa00fea9675adb2) Importer(2089858483,b0f066a214c2f5e87bad3c948f4d605d) (ScriptedImporter) -> (artifact id: '0894b2ec361536fb4980581e4e3ca355') in 0.0075834 seconds
Number of updated asset objects reloaded before import = 0Number of asset objects unloaded after import = 0

========================================================================
Received Import Request.
  Time since last request: 0.000186 seconds.
  path: Assets/AstarPathfindingProject/Generators/NodeClasses/GridNodeBase.cs
  artifactKey: Guid(1b723ddfaa37b46eca23cd8d042ad3e9) Importer(2089858483,b0f066a214c2f5e87bad3c948f4d605d)
Start importing Assets/AstarPathfindingProject/Generators/NodeClasses/GridNodeBase.cs using Guid(1b723ddfaa37b46eca23cd8d042ad3e9) Importer(2089858483,b0f066a214c2f5e87bad3c948f4d605d) (ScriptedImporter) -> (artifact id: 'c242d7ac483ccd9df5852a947d5d37d7') in 0.0087881 seconds
Number of updated asset objects reloaded before import = 0Number of asset objects unloaded after import = 0

========================================================================
Received Import Request.
  Time since last request: 0.000198 seconds.
  path: Assets/AstarPathfindingProject/ExampleScenes/Materials/PathRedArea.mat
  artifactKey: Guid(deda211578c2d47f69bee1211faed775) Importer(2089858483,b0f066a214c2f5e87bad3c948f4d605d)
Start importing Assets/AstarPathfindingProject/ExampleScenes/Materials/PathRedArea.mat using Guid(deda211578c2d47f69bee1211faed775) Importer(2089858483,b0f066a214c2f5e87bad3c948f4d605d) (ScriptedImporter) -> (artifact id: 'ba2f9e35ac0f591700c7f9ab87f9aa2e') in 0.070607 seconds
Number of updated asset objects reloaded before import = 0Number of asset objects unloaded after import = 1

========================================================================
Received Import Request.
  Time since last request: 0.000202 seconds.
  path: Assets/AstarPathfindingProject/ExampleScenes/ExampleScripts/AstarSmoothFollow2.cs
  artifactKey: Guid(46fb00c7e6ad9485282a146ad398a2a5) Importer(2089858483,b0f066a214c2f5e87bad3c948f4d605d)
Start importing Assets/AstarPathfindingProject/ExampleScenes/ExampleScripts/AstarSmoothFollow2.cs using Guid(46fb00c7e6ad9485282a146ad398a2a5) Importer(2089858483,b0f066a214c2f5e87bad3c948f4d605d) (ScriptedImporter) -> (artifact id: '464f574c1a713d96837ea35a504cc421') in 0.0112217 seconds
Number of updated asset objects reloaded before import = 0Number of asset objects unloaded after import = 0

========================================================================
Received Import Request.
  Time since last request: 0.000359 seconds.
  path: Assets/AstarPathfindingProject/ExampleScenes/Materials/Ground.mat
  artifactKey: Guid(3219de2d574674beb889c87b844502b5) Importer(2089858483,b0f066a214c2f5e87bad3c948f4d605d)
Start importing Assets/AstarPathfindingProject/ExampleScenes/Materials/Ground.mat using Guid(3219de2d574674beb889c87b844502b5) Importer(2089858483,b0f066a214c2f5e87bad3c948f4d605d) (ScriptedImporter) -> (artifact id: '99b0cb9f86bbce8d5f01901823b16892') in 0.0117467 seconds
Number of updated asset objects reloaded before import = 0Number of asset objects unloaded after import = 1

========================================================================
Received Import Request.
  Time since last request: 0.000141 seconds.
  path: Assets/AstarPathfindingProject/Editor/EditorAssets/scene_box@2x.png
  artifactKey: Guid(f834e7df6f42446b59c83dca1e5bd098) Importer(2089858483,b0f066a214c2f5e87bad3c948f4d605d)
Start importing Assets/AstarPathfindingProject/Editor/EditorAssets/scene_box@2x.png using Guid(f834e7df6f42446b59c83dca1e5bd098) Importer(2089858483,b0f066a214c2f5e87bad3c948f4d605d) (ScriptedImporter) -> (artifact id: '28007bc2b128a09481ff759f7a2e8ee7') in 0.021243 seconds
Number of updated asset objects reloaded before import = 0Number of asset objects unloaded after import = 1

========================================================================
Received Import Request.
  Time since last request: 0.000140 seconds.
  path: Assets/AstarPathfindingProject/Core/Misc/ListPool.cs
  artifactKey: Guid(2b76b7593907b44d9a6ef1b186fee0a7) Importer(2089858483,b0f066a214c2f5e87bad3c948f4d605d)
Start importing Assets/AstarPathfindingProject/Core/Misc/ListPool.cs using Guid(2b76b7593907b44d9a6ef1b186fee0a7) Importer(2089858483,b0f066a214c2f5e87bad3c948f4d605d) (ScriptedImporter) -> (artifact id: '58cc3a1f498ff91381fb41f40a5fc320') in 0.008501 seconds
Number of updated asset objects reloaded before import = 0Number of asset objects unloaded after import = 0

========================================================================
Received Import Request.
  Time since last request: 0.000242 seconds.
  path: Assets/AstarPathfindingProject/Core/Misc/GraphUpdateProcessor.cs
  artifactKey: Guid(b1798d8e7c7d54972ae8522558cbd27c) Importer(2089858483,b0f066a214c2f5e87bad3c948f4d605d)
Start importing Assets/AstarPathfindingProject/Core/Misc/GraphUpdateProcessor.cs using Guid(b1798d8e7c7d54972ae8522558cbd27c) Importer(2089858483,b0f066a214c2f5e87bad3c948f4d605d) (ScriptedImporter) -> (artifact id: 'e97342122f98d143fe7cbaa4a0a86d68') in 0.0076817 seconds
Number of updated asset objects reloaded before import = 0Number of asset objects unloaded after import = 0

========================================================================
Received Import Request.
  Time since last request: 0.000292 seconds.
  path: Assets/AstarPathfindingProject/ExampleScenes/Example12_Procedural/TopDownOverlay.mat
  artifactKey: Guid(d3d92ca2f0e9e4bfb9c0fbe69453486a) Importer(2089858483,b0f066a214c2f5e87bad3c948f4d605d)
Start importing Assets/AstarPathfindingProject/ExampleScenes/Example12_Procedural/TopDownOverlay.mat using Guid(d3d92ca2f0e9e4bfb9c0fbe69453486a) Importer(2089858483,b0f066a214c2f5e87bad3c948f4d605d) (ScriptedImporter) -> (artifact id: 'd25614da998d09014dc671e9a9afb8c8') in 0.0131249 seconds
Number of updated asset objects reloaded before import = 0Number of asset objects unloaded after import = 1

========================================================================
Received Import Request.
  Time since last request: 0.000046 seconds.
  path: Assets/AstarPathfindingProject/ExampleScenes/Materials/GroundRTS.mat
  artifactKey: Guid(48404990b059d4ad881cae67992eb592) Importer(2089858483,b0f066a214c2f5e87bad3c948f4d605d)
Start importing Assets/AstarPathfindingProject/ExampleScenes/Materials/GroundRTS.mat using Guid(48404990b059d4ad881cae67992eb592) Importer(2089858483,b0f066a214c2f5e87bad3c948f4d605d) (ScriptedImporter) -> (artifact id: '076abcfa9d3c7a272969ef8b5f449a6b') in 0.0107411 seconds
Number of updated asset objects reloaded before import = 0Number of asset objects unloaded after import = 1

========================================================================
Received Import Request.
  Time since last request: 0.000112 seconds.
  path: Assets/AstarPathfindingProject/Core/Misc/PathReturnQueue.cs
  artifactKey: Guid(70ca370ae38794366be2fa32880f362e) Importer(2089858483,b0f066a214c2f5e87bad3c948f4d605d)
Start importing Assets/AstarPathfindingProject/Core/Misc/PathReturnQueue.cs using Guid(70ca370ae38794366be2fa32880f362e) Importer(2089858483,b0f066a214c2f5e87bad3c948f4d605d) (ScriptedImporter) -> (artifact id: 'c1dcb585e02dd0775f5a03aff1ac81fe') in 0.0083462 seconds
Number of updated asset objects reloaded before import = 0Number of asset objects unloaded after import = 0

========================================================================
Received Import Request.
  Time since last request: 0.000278 seconds.
  path: Assets/AstarPathfindingProject/Editor/GraphEditors/GridGeneratorEditor.cs
  artifactKey: Guid(22fe5ef0fc7b34922bb13d1961c9f444) Importer(2089858483,b0f066a214c2f5e87bad3c948f4d605d)
Start importing Assets/AstarPathfindingProject/Editor/GraphEditors/GridGeneratorEditor.cs using Guid(22fe5ef0fc7b34922bb13d1961c9f444) Importer(2089858483,b0f066a214c2f5e87bad3c948f4d605d) (ScriptedImporter) -> (artifact id: '7ee94a68bf3bf42dd3f5cf8924783a4e') in 0.0086708 seconds
Number of updated asset objects reloaded before import = 0Number of asset objects unloaded after import = 0

========================================================================
Received Import Request.
  Time since last request: 0.000172 seconds.
  path: Assets/AstarPathfindingProject/Core/Misc/WorkItemProcessor.cs
  artifactKey: Guid(4236764d0fc1041abaac13b858be5118) Importer(2089858483,b0f066a214c2f5e87bad3c948f4d605d)
Start importing Assets/AstarPathfindingProject/Core/Misc/WorkItemProcessor.cs using Guid(4236764d0fc1041abaac13b858be5118) Importer(2089858483,b0f066a214c2f5e87bad3c948f4d605d) (ScriptedImporter) -> (artifact id: '38127701d24b53b09cc7f720fdc6c806') in 0.0084806 seconds
Number of updated asset objects reloaded before import = 0Number of asset objects unloaded after import = 0

========================================================================
Received Import Request.
  Time since last request: 0.000201 seconds.
  path: Assets/AstarPathfindingProject/Core/Serialization/TinyJson.cs
  artifactKey: Guid(761fd44fdff0b40648c9b7ce7763a06f) Importer(2089858483,b0f066a214c2f5e87bad3c948f4d605d)
Start importing Assets/AstarPathfindingProject/Core/Serialization/TinyJson.cs using Guid(761fd44fdff0b40648c9b7ce7763a06f) Importer(2089858483,b0f066a214c2f5e87bad3c948f4d605d) (ScriptedImporter) -> (artifact id: 'e5b5394fbac24be93855db6057d8d386') in 0.0087208 seconds
Number of updated asset objects reloaded before import = 0Number of asset objects unloaded after import = 0

========================================================================
Received Import Request.
  Time since last request: 0.000263 seconds.
  path: Assets/AstarPathfindingProject/Core/Misc/NodeLink3.cs
  artifactKey: Guid(3850d0dc2bead45568e6b5bbcc011606) Importer(2089858483,b0f066a214c2f5e87bad3c948f4d605d)
Start importing Assets/AstarPathfindingProject/Core/Misc/NodeLink3.cs using Guid(3850d0dc2bead45568e6b5bbcc011606) Importer(2089858483,b0f066a214c2f5e87bad3c948f4d605d) (ScriptedImporter) -> (artifact id: 'd6a0c8716c325201286236d5e870d9a8') in 0.0086868 seconds
Number of updated asset objects reloaded before import = 0Number of asset objects unloaded after import = 0

========================================================================
Received Import Request.
  Time since last request: 0.000320 seconds.
  path: Assets/AstarPathfindingProject/ExampleScenes/Materials/PathBlueArea.mat
  artifactKey: Guid(6e0bae036cdbd42bfb17a675c07df5f9) Importer(2089858483,b0f066a214c2f5e87bad3c948f4d605d)
Start importing Assets/AstarPathfindingProject/ExampleScenes/Materials/PathBlueArea.mat using Guid(6e0bae036cdbd42bfb17a675c07df5f9) Importer(2089858483,b0f066a214c2f5e87bad3c948f4d605d) (ScriptedImporter) -> (artifact id: 'ce2af193ad26c8569c8e2c2aa41746b4') in 0.011051 seconds
Number of updated asset objects reloaded before import = 0Number of asset objects unloaded after import = 1

========================================================================
Received Import Request.
  Time since last request: 0.016518 seconds.
  path: Assets/AstarPathfindingProject/Generators/Utilities/BBTree.cs
  artifactKey: Guid(3a20480c673fd40a5bd2a4cc2206dbc4) Importer(2089858483,b0f066a214c2f5e87bad3c948f4d605d)
Start importing Assets/AstarPathfindingProject/Generators/Utilities/BBTree.cs using Guid(3a20480c673fd40a5bd2a4cc2206dbc4) Importer(2089858483,b0f066a214c2f5e87bad3c948f4d605d) (ScriptedImporter) -> (artifact id: 'bb00c986d5179d45b92297eae0fac3c5') in 0.0099566 seconds
Number of updated asset objects reloaded before import = 0Number of asset objects unloaded after import = 0

========================================================================
Received Import Request.
  Time since last request: 0.000091 seconds.
  path: Assets/TextMesh Pro/Examples & Extras/Scenes/12 - Link Example.unity
  artifactKey: Guid(9747140c28254be2adc582210dfb89b8) Importer(2089858483,b0f066a214c2f5e87bad3c948f4d605d)
Start importing Assets/TextMesh Pro/Examples & Extras/Scenes/12 - Link Example.unity using Guid(9747140c28254be2adc582210dfb89b8) Importer(2089858483,b0f066a214c2f5e87bad3c948f4d605d) (ScriptedImporter) -> (artifact id: '284f837a92aa827cffab025858dc0c9a') in 0.0112597 seconds
Number of updated asset objects reloaded before import = 0Number of asset objects unloaded after import = 1

========================================================================
Received Import Request.
  Time since last request: 0.000251 seconds.
  path: Assets/AstarPathfindingProject/Legacy/Editor/LegacyRichAIEditor.cs
  artifactKey: Guid(60b238a5bdb294eb48cfc8aff10ac9b5) Importer(2089858483,b0f066a214c2f5e87bad3c948f4d605d)
Start importing Assets/AstarPathfindingProject/Legacy/Editor/LegacyRichAIEditor.cs using Guid(60b238a5bdb294eb48cfc8aff10ac9b5) Importer(2089858483,b0f066a214c2f5e87bad3c948f4d605d) (ScriptedImporter) -> (artifact id: '64374154244ac6863565bfbe9fe59789') in 0.0107996 seconds
Number of updated asset objects reloaded before import = 0Number of asset objects unloaded after import = 0

========================================================================
Received Import Request.
  Time since last request: 0.000331 seconds.
  path: Assets/TextMesh Pro/Resources/Fonts & Materials/LiberationSans SDF - Outline.mat
  artifactKey: Guid(79459efec17a4d00a321bdcc27bbc385) Importer(2089858483,b0f066a214c2f5e87bad3c948f4d605d)
Start importing Assets/TextMesh Pro/Resources/Fonts & Materials/LiberationSans SDF - Outline.mat using Guid(79459efec17a4d00a321bdcc27bbc385) Importer(2089858483,b0f066a214c2f5e87bad3c948f4d605d) (ScriptedImporter) -> (artifact id: '0233d0fac021588635f2a8d880ce529a') in 0.0392608 seconds
Number of updated asset objects reloaded before import = 0Number of asset objects unloaded after import = 2

========================================================================
Received Import Request.
  Time since last request: 0.000045 seconds.
  path: Assets/TextMesh Pro/Examples & Extras/Scripts/VertexColorCycler.cs
  artifactKey: Guid(91b8ba3d52e041fab2d0e0f169855539) Importer(2089858483,b0f066a214c2f5e87bad3c948f4d605d)
Start importing Assets/TextMesh Pro/Examples & Extras/Scripts/VertexColorCycler.cs using Guid(91b8ba3d52e041fab2d0e0f169855539) Importer(2089858483,b0f066a214c2f5e87bad3c948f4d605d) (ScriptedImporter) -> (artifact id: '3ffb74bb8412058766ff58631296a23e') in 0.0086939 seconds
Number of updated asset objects reloaded before import = 0Number of asset objects unloaded after import = 0

========================================================================
Received Import Request.
  Time since last request: 0.000207 seconds.
  path: Assets/AstarPathfindingProject/Editor/EditorAssets/DarkSkin/colorInterpolationBox.png
  artifactKey: Guid(0790ee8db18ed49ed8369be285199835) Importer(2089858483,b0f066a214c2f5e87bad3c948f4d605d)
Start importing Assets/AstarPathfindingProject/Editor/EditorAssets/DarkSkin/colorInterpolationBox.png using Guid(0790ee8db18ed49ed8369be285199835) Importer(2089858483,b0f066a214c2f5e87bad3c948f4d605d) (ScriptedImporter) -> (artifact id: '08df3c8e717a540a0c3e3a78a6a4d806') in 0.0209273 seconds
Number of updated asset objects reloaded before import = 0Number of asset objects unloaded after import = 1

========================================================================
Received Import Request.
  Time since last request: 0.000242 seconds.
  path: Assets/AstarPathfindingProject/Editor/EditorAssets/DarkSkin/gizmoButton_off@2x.png
  artifactKey: Guid(3772050cdbd2a472789aa76d6de5b270) Importer(2089858483,b0f066a214c2f5e87bad3c948f4d605d)
Start importing Assets/AstarPathfindingProject/Editor/EditorAssets/DarkSkin/gizmoButton_off@2x.png using Guid(3772050cdbd2a472789aa76d6de5b270) Importer(2089858483,b0f066a214c2f5e87bad3c948f4d605d) (ScriptedImporter) -> (artifact id: 'e3379bc378f29922fec3f902ca6809dd') in 0.0203354 seconds
Number of updated asset objects reloaded before import = 0Number of asset objects unloaded after import = 1

========================================================================
Received Import Request.
  Time since last request: 0.000127 seconds.
  path: Assets/TextMesh Pro/Examples & Extras/Prefabs/Text Popup.prefab
  artifactKey: Guid(b06f0e6c1dfa4356ac918da1bb32c603) Importer(2089858483,b0f066a214c2f5e87bad3c948f4d605d)
Start importing Assets/TextMesh Pro/Examples & Extras/Prefabs/Text Popup.prefab using Guid(b06f0e6c1dfa4356ac918da1bb32c603) Importer(2089858483,b0f066a214c2f5e87bad3c948f4d605d) (ScriptedImporter) -> (artifact id: '5816d558af1b0a20d1da6e06ce64eedc') in 0.1282263 seconds
Number of updated asset objects reloaded before import = 0Number of asset objects unloaded after import = 21

========================================================================
Received Import Request.
  Time since last request: 0.000051 seconds.
  path: Assets/TextMesh Pro/Examples & Extras/Scripts/Benchmark02.cs
  artifactKey: Guid(e8538afcddc14efbb5d9e94b7ae50197) Importer(2089858483,b0f066a214c2f5e87bad3c948f4d605d)
Start importing Assets/TextMesh Pro/Examples & Extras/Scripts/Benchmark02.cs using Guid(e8538afcddc14efbb5d9e94b7ae50197) Importer(2089858483,b0f066a214c2f5e87bad3c948f4d605d) (ScriptedImporter) -> (artifact id: 'e9b533f6fc76a7663919c2bc1ce651f7') in 0.0070904 seconds
Number of updated asset objects reloaded before import = 0Number of asset objects unloaded after import = 0

========================================================================
Received Import Request.
  Time since last request: 0.000244 seconds.
  path: Assets/TextMesh Pro/Examples & Extras/Scenes/25 - Sunny Days Example.unity
  artifactKey: Guid(f9b4c22e15cff344ba9fc6542a58dd07) Importer(2089858483,b0f066a214c2f5e87bad3c948f4d605d)
Start importing Assets/TextMesh Pro/Examples & Extras/Scenes/25 - Sunny Days Example.unity using Guid(f9b4c22e15cff344ba9fc6542a58dd07) Importer(2089858483,b0f066a214c2f5e87bad3c948f4d605d) (ScriptedImporter) -> (artifact id: '811bc2b08026b821da11f9c6a5b8b7a8') in 0.0101141 seconds
Number of updated asset objects reloaded before import = 0Number of asset objects unloaded after import = 1

========================================================================
Received Import Request.
  Time since last request: 0.000091 seconds.
  path: Assets/TextMesh Pro/Examples & Extras/Scripts/WarpTextExample.cs
  artifactKey: Guid(790744c462254b7ba8038e6ed28b3db2) Importer(2089858483,b0f066a214c2f5e87bad3c948f4d605d)
Start importing Assets/TextMesh Pro/Examples & Extras/Scripts/WarpTextExample.cs using Guid(790744c462254b7ba8038e6ed28b3db2) Importer(2089858483,b0f066a214c2f5e87bad3c948f4d605d) (ScriptedImporter) -> (artifact id: '646dcd6a21e236a59b383f167283aef8') in 0.0087596 seconds
Number of updated asset objects reloaded before import = 0Number of asset objects unloaded after import = 0

========================================================================
Received Import Request.
  Time since last request: 0.000208 seconds.
  path: Assets/TextMesh Pro/Examples & Extras/Scripts/TMP_DigitValidator.cs
  artifactKey: Guid(1a7eb92a01ed499a987bde9def05fbce) Importer(2089858483,b0f066a214c2f5e87bad3c948f4d605d)
Start importing Assets/TextMesh Pro/Examples & Extras/Scripts/TMP_DigitValidator.cs using Guid(1a7eb92a01ed499a987bde9def05fbce) Importer(2089858483,b0f066a214c2f5e87bad3c948f4d605d) (ScriptedImporter) -> (artifact id: '58194378096fc9eea08459ece76cc3c7') in 0.0076899 seconds
Number of updated asset objects reloaded before import = 0Number of asset objects unloaded after import = 0

========================================================================
Received Import Request.
  Time since last request: 0.000164 seconds.
  path: Assets/TextMesh Pro/Examples & Extras/Prefabs/TextMeshPro - Prefab 2.prefab
  artifactKey: Guid(fdad9d952ae84cafb74c63f2e694d042) Importer(2089858483,b0f066a214c2f5e87bad3c948f4d605d)
Start importing Assets/TextMesh Pro/Examples & Extras/Prefabs/TextMeshPro - Prefab 2.prefab using Guid(fdad9d952ae84cafb74c63f2e694d042) Importer(2089858483,b0f066a214c2f5e87bad3c948f4d605d) (ScriptedImporter) -> (artifact id: 'c0b101a4f48e415d5ad4da41c96abef8') in 0.1919483 seconds
Number of updated asset objects reloaded before import = 0Number of asset objects unloaded after import = 16

========================================================================
Received Import Request.
  Time since last request: 0.000053 seconds.
  path: Assets/TextMesh Pro/Examples & Extras/Scenes/26 - Dropdown Placeholder Example.unity
  artifactKey: Guid(0851605490a599b46b6ac5cb681d93ea) Importer(2089858483,b0f066a214c2f5e87bad3c948f4d605d)
Start importing Assets/TextMesh Pro/Examples & Extras/Scenes/26 - Dropdown Placeholder Example.unity using Guid(0851605490a599b46b6ac5cb681d93ea) Importer(2089858483,b0f066a214c2f5e87bad3c948f4d605d) (ScriptedImporter) -> (artifact id: '7f5704ac85acbf48072df5e86fc99102') in 0.0102003 seconds
Number of updated asset objects reloaded before import = 0Number of asset objects unloaded after import = 1

========================================================================
Received Import Request.
  Time since last request: 0.000122 seconds.
  path: Assets/TextMesh Pro/Examples & Extras/Sprites/Default Sprites.png
  artifactKey: Guid(a0fc465d6cf04254a2938578735e2383) Importer(2089858483,b0f066a214c2f5e87bad3c948f4d605d)
Start importing Assets/TextMesh Pro/Examples & Extras/Sprites/Default Sprites.png using Guid(a0fc465d6cf04254a2938578735e2383) Importer(2089858483,b0f066a214c2f5e87bad3c948f4d605d) (ScriptedImporter) -> (artifact id: '0c9b008a3050e3c88a8f9010f5513ad5') in 0.0245414 seconds
Number of updated asset objects reloaded before import = 0Number of asset objects unloaded after import = 1

========================================================================
Received Import Request.
  Time since last request: 0.000149 seconds.
  path: Assets/AstarPathfindingProject/Editor/EditorAssets/DarkSkin/editButton_active@2x.png
  artifactKey: Guid(f6a4baf90a7bb4e4a92abe07f1a0a9d3) Importer(2089858483,b0f066a214c2f5e87bad3c948f4d605d)
Start importing Assets/AstarPathfindingProject/Editor/EditorAssets/DarkSkin/editButton_active@2x.png using Guid(f6a4baf90a7bb4e4a92abe07f1a0a9d3) Importer(2089858483,b0f066a214c2f5e87bad3c948f4d605d) (ScriptedImporter) -> (artifact id: '4babbfc13efb11977f635494907daf3f') in 0.0198048 seconds
Number of updated asset objects reloaded before import = 0Number of asset objects unloaded after import = 1

========================================================================
Received Import Request.
  Time since last request: 0.000192 seconds.
  path: Assets/TextMesh Pro/Examples & Extras/Resources/Fonts & Materials/Bangers SDF Glow.mat
  artifactKey: Guid(d75b8f41e959450c84ac6e967084d3e1) Importer(2089858483,b0f066a214c2f5e87bad3c948f4d605d)
Start importing Assets/TextMesh Pro/Examples & Extras/Resources/Fonts & Materials/Bangers SDF Glow.mat using Guid(d75b8f41e959450c84ac6e967084d3e1) Importer(2089858483,b0f066a214c2f5e87bad3c948f4d605d) (ScriptedImporter) -> (artifact id: 'e9c89b7c363fba962e252ce739825a1b') in 0.0159272 seconds
Number of updated asset objects reloaded before import = 0Number of asset objects unloaded after import = 3

========================================================================
Received Import Request.
  Time since last request: 0.000106 seconds.
  path: Assets/TextMesh Pro/Examples & Extras/Resources/Fonts & Materials/Bangers SDF - Drop Shadow.mat
  artifactKey: Guid(f2dcf029949142e28b974630369c8b4e) Importer(2089858483,b0f066a214c2f5e87bad3c948f4d605d)
Start importing Assets/TextMesh Pro/Examples & Extras/Resources/Fonts & Materials/Bangers SDF - Drop Shadow.mat using Guid(f2dcf029949142e28b974630369c8b4e) Importer(2089858483,b0f066a214c2f5e87bad3c948f4d605d) (ScriptedImporter) -> (artifact id: '94fc8a957f4e78f15d92abd0f548ccc2') in 0.0153942 seconds
Number of updated asset objects reloaded before import = 0Number of asset objects unloaded after import = 2

========================================================================
Received Import Request.
  Time since last request: 0.000038 seconds.
  path: Assets/AstarPathfindingProject/Editor/EditorAssets/LightSkin/gizmoButton_on@2x.png
  artifactKey: Guid(731ce0beec302410299a12fa1da2dc54) Importer(2089858483,b0f066a214c2f5e87bad3c948f4d605d)
Start importing Assets/AstarPathfindingProject/Editor/EditorAssets/LightSkin/gizmoButton_on@2x.png using Guid(731ce0beec302410299a12fa1da2dc54) Importer(2089858483,b0f066a214c2f5e87bad3c948f4d605d) (ScriptedImporter) -> (artifact id: '81fa5bf116b356841c9007db5183f437') in 0.0218304 seconds
Number of updated asset objects reloaded before import = 0Number of asset objects unloaded after import = 1

========================================================================
Received Import Request.
  Time since last request: 0.000123 seconds.
  path: Assets/AstarPathfindingProject/Editor/EditorAssets/LightSkin/gizmoButton_off@2x.png
  artifactKey: Guid(deb2afb942c3b42fbba8823da7f05894) Importer(2089858483,b0f066a214c2f5e87bad3c948f4d605d)
Start importing Assets/AstarPathfindingProject/Editor/EditorAssets/LightSkin/gizmoButton_off@2x.png using Guid(deb2afb942c3b42fbba8823da7f05894) Importer(2089858483,b0f066a214c2f5e87bad3c948f4d605d) (ScriptedImporter) -> (artifact id: '88e6fea4c235d6efab1c2bbfc66415bf') in 0.0167926 seconds
Number of updated asset objects reloaded before import = 0Number of asset objects unloaded after import = 1

========================================================================
Received Import Request.
  Time since last request: 0.000098 seconds.
  path: Assets/TextMesh Pro/Examples & Extras/Resources/Fonts & Materials/LiberationSans SDF - Overlay.mat
  artifactKey: Guid(9ad269c99dcf42b7aedefd83dd5a7b9d) Importer(2089858483,b0f066a214c2f5e87bad3c948f4d605d)
Start importing Assets/TextMesh Pro/Examples & Extras/Resources/Fonts & Materials/LiberationSans SDF - Overlay.mat using Guid(9ad269c99dcf42b7aedefd83dd5a7b9d) Importer(2089858483,b0f066a214c2f5e87bad3c948f4d605d) (ScriptedImporter) -> (artifact id: '2b081dd9369c999a3896763e126c9b3f') in 0.0306714 seconds
Number of updated asset objects reloaded before import = 0Number of asset objects unloaded after import = 2

========================================================================
Received Import Request.
  Time since last request: 0.000046 seconds.
  path: Assets/AstarPathfindingProject/Editor/EditorAssets/Materials/NavmeshOutline.mat
  artifactKey: Guid(91035448860ba4e708919485c73f7edc) Importer(2089858483,b0f066a214c2f5e87bad3c948f4d605d)
Start importing Assets/AstarPathfindingProject/Editor/EditorAssets/Materials/NavmeshOutline.mat using Guid(91035448860ba4e708919485c73f7edc) Importer(2089858483,b0f066a214c2f5e87bad3c948f4d605d) (ScriptedImporter) -> (artifact id: '85c0b9a1e341587285fbcba72a768770') in 0.0099986 seconds
Number of updated asset objects reloaded before import = 0Number of asset objects unloaded after import = 1

========================================================================
Received Import Request.
  Time since last request: 0.000107 seconds.
  path: Assets/AstarPathfindingProject/Editor/EditorAssets/LightSkin/pixelBox3@1x.png
  artifactKey: Guid(86cd0618b10f3494c831ac9215649110) Importer(2089858483,b0f066a214c2f5e87bad3c948f4d605d)
Start importing Assets/AstarPathfindingProject/Editor/EditorAssets/LightSkin/pixelBox3@1x.png using Guid(86cd0618b10f3494c831ac9215649110) Importer(2089858483,b0f066a214c2f5e87bad3c948f4d605d) (ScriptedImporter) -> (artifact id: 'a8d64a8b70ae63640b21c81dd7bee191') in 0.0209062 seconds
Number of updated asset objects reloaded before import = 0Number of asset objects unloaded after import = 1

========================================================================
Received Import Request.
  Time since last request: 0.000158 seconds.
  path: Assets/TextMesh Pro/Examples & Extras/Resources/Fonts & Materials/Roboto-Bold SDF - Drop Shadow.mat
  artifactKey: Guid(b246c4190f4e46ec9352fe15a7b09ce0) Importer(2089858483,b0f066a214c2f5e87bad3c948f4d605d)
Start importing Assets/TextMesh Pro/Examples & Extras/Resources/Fonts & Materials/Roboto-Bold SDF - Drop Shadow.mat using Guid(b246c4190f4e46ec9352fe15a7b09ce0) Importer(2089858483,b0f066a214c2f5e87bad3c948f4d605d) (ScriptedImporter) -> (artifact id: 'd92073f4ee8c83042e2e8647418357a5') in 0.0135777 seconds
Number of updated asset objects reloaded before import = 0Number of asset objects unloaded after import = 2

========================================================================
Received Import Request.
  Time since last request: 0.000123 seconds.
  path: Assets/TextMesh Pro/Examples & Extras/Scenes/05 - Style Tags.unity
  artifactKey: Guid(70615243e2be4a81afaab9bf5d273d65) Importer(2089858483,b0f066a214c2f5e87bad3c948f4d605d)
Start importing Assets/TextMesh Pro/Examples & Extras/Scenes/05 - Style Tags.unity using Guid(70615243e2be4a81afaab9bf5d273d65) Importer(2089858483,b0f066a214c2f5e87bad3c948f4d605d) (ScriptedImporter) -> (artifact id: 'd11f66e11c0478105e3837964da44fea') in 0.0105323 seconds
Number of updated asset objects reloaded before import = 0Number of asset objects unloaded after import = 1

========================================================================
Received Import Request.
  Time since last request: 0.000042 seconds.
  path: Assets/AstarPathfindingProject/Editor/EditorAssets/DarkSkin/hex_diameter@2x.png
  artifactKey: Guid(36094f49ffe31443eb5e8ea185115a1d) Importer(2089858483,b0f066a214c2f5e87bad3c948f4d605d)
Start importing Assets/AstarPathfindingProject/Editor/EditorAssets/DarkSkin/hex_diameter@2x.png using Guid(36094f49ffe31443eb5e8ea185115a1d) Importer(2089858483,b0f066a214c2f5e87bad3c948f4d605d) (ScriptedImporter) -> (artifact id: '44c6e6c977ef8fef8f37f0066ab7eee8') in 0.0226083 seconds
Number of updated asset objects reloaded before import = 0Number of asset objects unloaded after import = 1

========================================================================
Received Import Request.
  Time since last request: 0.000136 seconds.
  path: Assets/AstarPathfindingProject/Editor/EditorAssets/DarkSkin/headerBackground.png
  artifactKey: Guid(db5b85df63e094a1c96f11019bccc577) Importer(2089858483,b0f066a214c2f5e87bad3c948f4d605d)
Start importing Assets/AstarPathfindingProject/Editor/EditorAssets/DarkSkin/headerBackground.png using Guid(db5b85df63e094a1c96f11019bccc577) Importer(2089858483,b0f066a214c2f5e87bad3c948f4d605d) (ScriptedImporter) -> (artifact id: 'cf7e9f049c4a70e3c9c013b69dab30e9') in 0.015154 seconds
Number of updated asset objects reloaded before import = 0Number of asset objects unloaded after import = 1

========================================================================
Received Import Request.
  Time since last request: 0.000163 seconds.
  path: Assets/AstarPathfindingProject/ExampleScenes/Materials/Textures/Falloff.psd
  artifactKey: Guid(6f8825d71b24a41f79429012e915aab5) Importer(2089858483,b0f066a214c2f5e87bad3c948f4d605d)
Start importing Assets/AstarPathfindingProject/ExampleScenes/Materials/Textures/Falloff.psd using Guid(6f8825d71b24a41f79429012e915aab5) Importer(2089858483,b0f066a214c2f5e87bad3c948f4d605d) (ScriptedImporter) -> (artifact id: 'cd5624d59693f9d0429a5fb1b4460def') in 0.0214605 seconds
Number of updated asset objects reloaded before import = 0Number of asset objects unloaded after import = 1

========================================================================
Received Import Request.
  Time since last request: 0.000192 seconds.
  path: Assets/TextMesh Pro/Examples & Extras/Scenes/17 - Old Computer Terminal.unity
  artifactKey: Guid(3e2e4d7b0bed4cf9ab827e9f32448f69) Importer(2089858483,b0f066a214c2f5e87bad3c948f4d605d)
Start importing Assets/TextMesh Pro/Examples & Extras/Scenes/17 - Old Computer Terminal.unity using Guid(3e2e4d7b0bed4cf9ab827e9f32448f69) Importer(2089858483,b0f066a214c2f5e87bad3c948f4d605d) (ScriptedImporter) -> (artifact id: '3b90bd0f9467104f5839e7aa1374db42') in 0.0080915 seconds
Number of updated asset objects reloaded before import = 0Number of asset objects unloaded after import = 1

========================================================================
Received Import Request.
  Time since last request: 0.000230 seconds.
  path: Assets/AstarPathfindingProject/Editor/EditorAssets/LightSkin/hex_diameter@1x.png
  artifactKey: Guid(b1817d211ea3547f088cddf76f3e6647) Importer(2089858483,b0f066a214c2f5e87bad3c948f4d605d)
Start importing Assets/AstarPathfindingProject/Editor/EditorAssets/LightSkin/hex_diameter@1x.png using Guid(b1817d211ea3547f088cddf76f3e6647) Importer(2089858483,b0f066a214c2f5e87bad3c948f4d605d) (ScriptedImporter) -> (artifact id: 'cfdd9e5d1fbdeda1f26a9e77e35e8470') in 0.021581 seconds
Number of updated asset objects reloaded before import = 0Number of asset objects unloaded after import = 1

========================================================================
Received Import Request.
  Time since last request: 0.000195 seconds.
  path: Assets/TextMesh Pro/Examples & Extras/Scripts/SkewTextExample.cs
  artifactKey: Guid(d412675cfb3441efa3bf8dcd9b7624dc) Importer(2089858483,b0f066a214c2f5e87bad3c948f4d605d)
Start importing Assets/TextMesh Pro/Examples & Extras/Scripts/SkewTextExample.cs using Guid(d412675cfb3441efa3bf8dcd9b7624dc) Importer(2089858483,b0f066a214c2f5e87bad3c948f4d605d) (ScriptedImporter) -> (artifact id: '993b2b2746e9afa708de95893d9ec27d') in 0.0078327 seconds
Number of updated asset objects reloaded before import = 0Number of asset objects unloaded after import = 0

========================================================================
Received Import Request.
  Time since last request: 0.000145 seconds.
  path: Assets/Free_Trees/Meshes/Materials/Free_Tree.mat
  artifactKey: Guid(af65c0942482e46aeb256506726ff0f7) Importer(2089858483,b0f066a214c2f5e87bad3c948f4d605d)
Start importing Assets/Free_Trees/Meshes/Materials/Free_Tree.mat using Guid(af65c0942482e46aeb256506726ff0f7) Importer(2089858483,b0f066a214c2f5e87bad3c948f4d605d) (ScriptedImporter) -> (artifact id: '907f1ffdc8323aaaaccda37b6086fd44') in 0.012175 seconds
Number of updated asset objects reloaded before import = 0Number of asset objects unloaded after import = 3

========================================================================
Received Import Request.
  Time since last request: 0.000044 seconds.
  path: Assets/AstarPathfindingProject/Editor/EditorAssets/DarkSkin/lock_closed@2x.png
  artifactKey: Guid(6c38830c1556942fcb6ce893085d1daa) Importer(2089858483,b0f066a214c2f5e87bad3c948f4d605d)
Start importing Assets/AstarPathfindingProject/Editor/EditorAssets/DarkSkin/lock_closed@2x.png using Guid(6c38830c1556942fcb6ce893085d1daa) Importer(2089858483,b0f066a214c2f5e87bad3c948f4d605d) (ScriptedImporter) -> (artifact id: 'db6b316dadef5434dc9bc2706da91311') in 0.0188206 seconds
Number of updated asset objects reloaded before import = 0Number of asset objects unloaded after import = 1

========================================================================
Received Import Request.
  Time since last request: 0.000122 seconds.
  path: Assets/TextMesh Pro/Examples & Extras/Resources/Fonts & Materials/LiberationSans SDF - Soft Mask.mat
  artifactKey: Guid(42df1c7856584b6b8db9a509b6b10074) Importer(2089858483,b0f066a214c2f5e87bad3c948f4d605d)
Start importing Assets/TextMesh Pro/Examples & Extras/Resources/Fonts & Materials/LiberationSans SDF - Soft Mask.mat using Guid(42df1c7856584b6b8db9a509b6b10074) Importer(2089858483,b0f066a214c2f5e87bad3c948f4d605d) (ScriptedImporter) -> (artifact id: '7f19cd5a58d2b0db015b8fdd64f7b86e') in 0.0398101 seconds
Number of updated asset objects reloaded before import = 0Number of asset objects unloaded after import = 3

========================================================================
Received Import Request.
  Time since last request: 0.000171 seconds.
  path: Assets/AstarPathfindingProject/Editor/EditorAssets/images/gridPivotSelect_On.png
  artifactKey: Guid(3d11311e97436432e897a4bd0b5fbfac) Importer(2089858483,b0f066a214c2f5e87bad3c948f4d605d)
Start importing Assets/AstarPathfindingProject/Editor/EditorAssets/images/gridPivotSelect_On.png using Guid(3d11311e97436432e897a4bd0b5fbfac) Importer(2089858483,b0f066a214c2f5e87bad3c948f4d605d) (ScriptedImporter) -> (artifact id: 'c46f885784e706412065832751775823') in 0.0224761 seconds
Number of updated asset objects reloaded before import = 0Number of asset objects unloaded after import = 1

========================================================================
Received Import Request.
  Time since last request: 0.000194 seconds.
  path: Assets/TextMesh Pro/Examples & Extras/Resources/Fonts & Materials/Bangers SDF - Outline.mat
  artifactKey: Guid(f629c6e43dba4bf38cb74d8860150664) Importer(2089858483,b0f066a214c2f5e87bad3c948f4d605d)
Start importing Assets/TextMesh Pro/Examples & Extras/Resources/Fonts & Materials/Bangers SDF - Outline.mat using Guid(f629c6e43dba4bf38cb74d8860150664) Importer(2089858483,b0f066a214c2f5e87bad3c948f4d605d) (ScriptedImporter) -> (artifact id: '9e414c8c783bee431d116d605c3df0e2') in 0.013525 seconds
Number of updated asset objects reloaded before import = 0Number of asset objects unloaded after import = 2

========================================================================
Received Import Request.
  Time since last request: 0.000047 seconds.
  path: Assets/AstarPathfindingProject/Editor/EditorAssets/Materials/NavmeshOutline.shader
  artifactKey: Guid(6c78a6dd468954643a87ebf0014bc305) Importer(2089858483,b0f066a214c2f5e87bad3c948f4d605d)
Start importing Assets/AstarPathfindingProject/Editor/EditorAssets/Materials/NavmeshOutline.shader using Guid(6c78a6dd468954643a87ebf0014bc305) Importer(2089858483,b0f066a214c2f5e87bad3c948f4d605d) (ScriptedImporter) -> (artifact id: 'f7167fead56b2dd5e71c7f5dbc5b416e') in 0.0107161 seconds
Number of updated asset objects reloaded before import = 0Number of asset objects unloaded after import = 1

========================================================================
Received Import Request.
  Time since last request: 0.000214 seconds.
  path: Assets/TextMesh Pro/Examples & Extras/Resources/Color Gradient Presets/Blue to Purple - Vertical.asset
  artifactKey: Guid(479a66fa4b094512a62b0a8e553ad95a) Importer(2089858483,b0f066a214c2f5e87bad3c948f4d605d)
Start importing Assets/TextMesh Pro/Examples & Extras/Resources/Color Gradient Presets/Blue to Purple - Vertical.asset using Guid(479a66fa4b094512a62b0a8e553ad95a) Importer(2089858483,b0f066a214c2f5e87bad3c948f4d605d) (ScriptedImporter) -> (artifact id: '81b542d5091bd948d5e423a4eeefa35d') in 0.0134523 seconds
Number of updated asset objects reloaded before import = 0Number of asset objects unloaded after import = 1

========================================================================
Received Import Request.
  Time since last request: 0.000035 seconds.
  path: Assets/AstarPathfindingProject/Editor/EditorAssets/DarkSkin/images/gridPivotSelect_Normal.png
  artifactKey: Guid(37972c32346084c13bfddb8c3dbed143) Importer(2089858483,b0f066a214c2f5e87bad3c948f4d605d)
Start importing Assets/AstarPathfindingProject/Editor/EditorAssets/DarkSkin/images/gridPivotSelect_Normal.png using Guid(37972c32346084c13bfddb8c3dbed143) Importer(2089858483,b0f066a214c2f5e87bad3c948f4d605d) (ScriptedImporter) -> (artifact id: '67c5ef946b2e04653803a6dc04657164') in 0.0203188 seconds
Number of updated asset objects reloaded before import = 0Number of asset objects unloaded after import = 1

========================================================================
Received Import Request.
  Time since last request: 0.000197 seconds.
  path: Assets/AstarPathfindingProject/Editor/EditorAssets/LightSkin/editButton_active@1x.png
  artifactKey: Guid(3354fe2e1951d420fa49d8f4fec2954b) Importer(2089858483,b0f066a214c2f5e87bad3c948f4d605d)
Start importing Assets/AstarPathfindingProject/Editor/EditorAssets/LightSkin/editButton_active@1x.png using Guid(3354fe2e1951d420fa49d8f4fec2954b) Importer(2089858483,b0f066a214c2f5e87bad3c948f4d605d) (ScriptedImporter) -> (artifact id: '65567510d504cedf80d797b3e5d0a408') in 0.0182098 seconds
Number of updated asset objects reloaded before import = 0Number of asset objects unloaded after import = 1

========================================================================
Received Import Request.
  Time since last request: 0.000129 seconds.
  path: Assets/AstarPathfindingProject/Editor/EditorAssets/Materials/line_falloff_1px.png
  artifactKey: Guid(6267c94129d874d7bafe507aa753046a) Importer(2089858483,b0f066a214c2f5e87bad3c948f4d605d)
Start importing Assets/AstarPathfindingProject/Editor/EditorAssets/Materials/line_falloff_1px.png using Guid(6267c94129d874d7bafe507aa753046a) Importer(2089858483,b0f066a214c2f5e87bad3c948f4d605d) (ScriptedImporter) -> (artifact id: 'a63a186a1df2f8defeac30c3a2a730e3') in 0.0203312 seconds
Number of updated asset objects reloaded before import = 0Number of asset objects unloaded after import = 1

========================================================================
Received Import Request.
  Time since last request: 0.000138 seconds.
  path: Assets/AstarPathfindingProject/Editor/EditorAssets/LightSkin/deleteButton_active@2x.png
  artifactKey: Guid(19e49615b2c8540fd8a11acd2a26c335) Importer(2089858483,b0f066a214c2f5e87bad3c948f4d605d)
Start importing Assets/AstarPathfindingProject/Editor/EditorAssets/LightSkin/deleteButton_active@2x.png using Guid(19e49615b2c8540fd8a11acd2a26c335) Importer(2089858483,b0f066a214c2f5e87bad3c948f4d605d) (ScriptedImporter) -> (artifact id: 'fb005a33dfb7aa16e60fc0f0ad02ada2') in 0.0226085 seconds
Number of updated asset objects reloaded before import = 0Number of asset objects unloaded after import = 1

========================================================================
Received Import Request.
  Time since last request: 0.000090 seconds.
  path: Assets/AstarPathfindingProject/ExampleScenes/Prefabs/MineBot/Materials/mine_bot@awake-01 - Default.mat
  artifactKey: Guid(67af7822a09c145bea7714196d07f476) Importer(2089858483,b0f066a214c2f5e87bad3c948f4d605d)
Start importing Assets/AstarPathfindingProject/ExampleScenes/Prefabs/MineBot/Materials/mine_bot@awake-01 - Default.mat using Guid(67af7822a09c145bea7714196d07f476) Importer(2089858483,b0f066a214c2f5e87bad3c948f4d605d) (ScriptedImporter) -> (artifact id: '909502f7f8e86451d344eacb37c07378') in 0.0101973 seconds
Number of updated asset objects reloaded before import = 0Number of asset objects unloaded after import = 1

========================================================================
Received Import Request.
  Time since last request: 0.000262 seconds.
  path: Assets/AstarPathfindingProject/ExampleScenes/Prefabs/MineBot/Materials/mine_bot@forward 1-01 - Default.mat
  artifactKey: Guid(8484bd09122784e76947d262ed126b1c) Importer(2089858483,b0f066a214c2f5e87bad3c948f4d605d)
Start importing Assets/AstarPathfindingProject/ExampleScenes/Prefabs/MineBot/Materials/mine_bot@forward 1-01 - Default.mat using Guid(8484bd09122784e76947d262ed126b1c) Importer(2089858483,b0f066a214c2f5e87bad3c948f4d605d) (ScriptedImporter) -> (artifact id: 'ee32ae5d1f1974282d3c52d9b7b420a9') in 0.0975293 seconds
Number of updated asset objects reloaded before import = 0Number of asset objects unloaded after import = 1

========================================================================
Received Import Request.
  Time since last request: 0.000049 seconds.
  path: Assets/TextMesh Pro/Examples & Extras/Scenes/23 - Animating Vertex Attributes.unity
  artifactKey: Guid(54e994244b4b467e8583cf2da6dcc716) Importer(2089858483,b0f066a214c2f5e87bad3c948f4d605d)
Start importing Assets/TextMesh Pro/Examples & Extras/Scenes/23 - Animating Vertex Attributes.unity using Guid(54e994244b4b467e8583cf2da6dcc716) Importer(2089858483,b0f066a214c2f5e87bad3c948f4d605d) (ScriptedImporter) -> (artifact id: 'd2d9232262da138b705205789642d3b1') in 0.0098378 seconds
Number of updated asset objects reloaded before import = 0Number of asset objects unloaded after import = 1

========================================================================
Received Import Request.
  Time since last request: 0.000097 seconds.
  path: Assets/TextMesh Pro/Examples & Extras/Textures/Sunny Days - Seamless.jpg
  artifactKey: Guid(17c350171f7a3ca479f830547c66d187) Importer(2089858483,b0f066a214c2f5e87bad3c948f4d605d)
Start importing Assets/TextMesh Pro/Examples & Extras/Textures/Sunny Days - Seamless.jpg using Guid(17c350171f7a3ca479f830547c66d187) Importer(2089858483,b0f066a214c2f5e87bad3c948f4d605d) (ScriptedImporter) -> (artifact id: 'f004eda5b8ea68054d9824dfa8ff4ca6') in 0.0188049 seconds
Number of updated asset objects reloaded before import = 0Number of asset objects unloaded after import = 1

========================================================================
Received Import Request.
  Time since last request: 0.000191 seconds.
  path: Assets/AstarPathfindingProject/Editor/EditorAssets/images/upDownArrow_02.png
  artifactKey: Guid(0a9d941450e7c46cf8928d06762c2189) Importer(2089858483,b0f066a214c2f5e87bad3c948f4d605d)
Start importing Assets/AstarPathfindingProject/Editor/EditorAssets/images/upDownArrow_02.png using Guid(0a9d941450e7c46cf8928d06762c2189) Importer(2089858483,b0f066a214c2f5e87bad3c948f4d605d) (ScriptedImporter) -> (artifact id: '5b020f55fa5dd4cac196c99c41b3e60a') in 0.0202644 seconds
Number of updated asset objects reloaded before import = 0Number of asset objects unloaded after import = 1

========================================================================
Received Import Request.
  Time since last request: 0.000130 seconds.
  path: Assets/AstarPathfindingProject/Editor/EditorAssets/DarkSkin/deleteButton_active@2x.png
  artifactKey: Guid(b9d7d6d7befb34b9c889e6195746c452) Importer(2089858483,b0f066a214c2f5e87bad3c948f4d605d)
Start importing Assets/AstarPathfindingProject/Editor/EditorAssets/DarkSkin/deleteButton_active@2x.png using Guid(b9d7d6d7befb34b9c889e6195746c452) Importer(2089858483,b0f066a214c2f5e87bad3c948f4d605d) (ScriptedImporter) -> (artifact id: '88d42be6afe3c8dede08f98f84e8dacb') in 0.0208199 seconds
Number of updated asset objects reloaded before import = 0Number of asset objects unloaded after import = 1

========================================================================
Received Import Request.
  Time since last request: 0.000105 seconds.
  path: Assets/TextMesh Pro/Examples & Extras/Textures/Mask Zig-n-Zag.psd
  artifactKey: Guid(bb8dfcd263ad4eb383a33d74a720be6f) Importer(2089858483,b0f066a214c2f5e87bad3c948f4d605d)
Start importing Assets/TextMesh Pro/Examples & Extras/Textures/Mask Zig-n-Zag.psd using Guid(bb8dfcd263ad4eb383a33d74a720be6f) Importer(2089858483,b0f066a214c2f5e87bad3c948f4d605d) (ScriptedImporter) -> (artifact id: '6c1038495ee07fcde6c737b32fada1b4') in 0.022833 seconds
Number of updated asset objects reloaded before import = 0Number of asset objects unloaded after import = 1

========================================================================
Received Import Request.
  Time since last request: 0.000089 seconds.
  path: Assets/TextMesh Pro/Examples & Extras/Resources/Fonts & Materials/Bangers SDF.asset
  artifactKey: Guid(125cb55b44b24c4393181402bc6200e6) Importer(2089858483,b0f066a214c2f5e87bad3c948f4d605d)
Start importing Assets/TextMesh Pro/Examples & Extras/Resources/Fonts & Materials/Bangers SDF.asset using Guid(125cb55b44b24c4393181402bc6200e6) Importer(2089858483,b0f066a214c2f5e87bad3c948f4d605d) (ScriptedImporter) -> (artifact id: '83f567a56d9354934a20aa71d4cd806b') in 0.0314708 seconds
Number of updated asset objects reloaded before import = 0Number of asset objects unloaded after import = 5

========================================================================
Received Import Request.
  Time since last request: 0.000038 seconds.
  path: Assets/TextMesh Pro/Examples & Extras/Fonts/Electronic Highway Sign.TTF
  artifactKey: Guid(8a2b9e2a607dd2143b58c44bc32410b4) Importer(2089858483,b0f066a214c2f5e87bad3c948f4d605d)
Start importing Assets/TextMesh Pro/Examples & Extras/Fonts/Electronic Highway Sign.TTF using Guid(8a2b9e2a607dd2143b58c44bc32410b4) Importer(2089858483,b0f066a214c2f5e87bad3c948f4d605d) (ScriptedImporter) -> (artifact id: '40f61dd31044969905838c84bd3aa40d') in 0.0128349 seconds
Number of updated asset objects reloaded before import = 0Number of asset objects unloaded after import = 3

========================================================================
Received Import Request.
  Time since last request: 0.000036 seconds.
  path: Assets/TextMesh Pro/Examples & Extras/Scenes/04 - Word Wrapping.unity
  artifactKey: Guid(8f7137eacd7042d5b17ef0efe5e744f5) Importer(2089858483,b0f066a214c2f5e87bad3c948f4d605d)
Start importing Assets/TextMesh Pro/Examples & Extras/Scenes/04 - Word Wrapping.unity using Guid(8f7137eacd7042d5b17ef0efe5e744f5) Importer(2089858483,b0f066a214c2f5e87bad3c948f4d605d) (ScriptedImporter) -> (artifact id: '0e4294d9ad451016be4f5d7bcad8e830') in 0.0101336 seconds
Number of updated asset objects reloaded before import = 0Number of asset objects unloaded after import = 1

========================================================================
Received Import Request.
  Time since last request: 0.000298 seconds.
  path: Assets/AstarPathfindingProject/Editor/EditorAssets/images/ArrowDown.png
  artifactKey: Guid(12ea2fbedc5cc4bd191d795f44b2de75) Importer(2089858483,b0f066a214c2f5e87bad3c948f4d605d)
Start importing Assets/AstarPathfindingProject/Editor/EditorAssets/images/ArrowDown.png using Guid(12ea2fbedc5cc4bd191d795f44b2de75) Importer(2089858483,b0f066a214c2f5e87bad3c948f4d605d) (ScriptedImporter) -> (artifact id: '2dce9ac07b5bda99bcde200e28b7d064') in 0.0189448 seconds
Number of updated asset objects reloaded before import = 0Number of asset objects unloaded after import = 1

========================================================================
Received Import Request.
  Time since last request: 0.000317 seconds.
  path: Assets/AstarPathfindingProject/PackageTools/Editor/EnumFlagDrawer.cs
  artifactKey: Guid(616267fcc419f44ea929599afa5c6aa2) Importer(2089858483,b0f066a214c2f5e87bad3c948f4d605d)
Start importing Assets/AstarPathfindingProject/PackageTools/Editor/EnumFlagDrawer.cs using Guid(616267fcc419f44ea929599afa5c6aa2) Importer(2089858483,b0f066a214c2f5e87bad3c948f4d605d) (ScriptedImporter) -> (artifact id: '355425468f98986a2a6d4d847e6e7129') in 0.0070395 seconds
Number of updated asset objects reloaded before import = 0Number of asset objects unloaded after import = 0

========================================================================
Received Import Request.
  Time since last request: 0.000206 seconds.
  path: Assets/TextMesh Pro/Examples & Extras/Scenes/11 - The Style Tag.unity
  artifactKey: Guid(84ed36ad77dd4956b2ffe3769f759879) Importer(2089858483,b0f066a214c2f5e87bad3c948f4d605d)
Start importing Assets/TextMesh Pro/Examples & Extras/Scenes/11 - The Style Tag.unity using Guid(84ed36ad77dd4956b2ffe3769f759879) Importer(2089858483,b0f066a214c2f5e87bad3c948f4d605d) (ScriptedImporter) -> (artifact id: '24cf9fe5e851c7c0c2a17f696ec7ff19') in 0.0078151 seconds
Number of updated asset objects reloaded before import = 0Number of asset objects unloaded after import = 1

========================================================================
Received Import Request.
  Time since last request: 0.000151 seconds.
  path: Assets/TextMesh Pro/Examples & Extras/Scenes/06 - Extra Rich Text Examples.unity
  artifactKey: Guid(39a1fa96ad2a449b908fca29d4297a74) Importer(2089858483,b0f066a214c2f5e87bad3c948f4d605d)
Start importing Assets/TextMesh Pro/Examples & Extras/Scenes/06 - Extra Rich Text Examples.unity using Guid(39a1fa96ad2a449b908fca29d4297a74) Importer(2089858483,b0f066a214c2f5e87bad3c948f4d605d) (ScriptedImporter) -> (artifact id: '47cc46bcc72e974ee2486e7765821d84') in 0.0086974 seconds
Number of updated asset objects reloaded before import = 0Number of asset objects unloaded after import = 1

========================================================================
Received Import Request.
  Time since last request: 0.000221 seconds.
  path: Assets/AstarPathfindingProject/ExampleScenes/Prefabs/MineBot/mine_bot.controller
  artifactKey: Guid(75b096e6c847f4e22be41113329a0693) Importer(2089858483,b0f066a214c2f5e87bad3c948f4d605d)
Start importing Assets/AstarPathfindingProject/ExampleScenes/Prefabs/MineBot/mine_bot.controller using Guid(75b096e6c847f4e22be41113329a0693) Importer(2089858483,b0f066a214c2f5e87bad3c948f4d605d) (ScriptedImporter) -> (artifact id: 'bf9b4adfde98b7ac5b04093f50bf21e2') in 0.015447 seconds
Number of updated asset objects reloaded before import = 0Number of asset objects unloaded after import = 11

========================================================================
Received Import Request.
  Time since last request: 402.908928 seconds.
  path: Assets/AstarPathfindingProject/AstarPathfindingProject.asmdef
  artifactKey: Guid(efa45043feb7e4147a305b73b5cea642) Importer(815301076,1909f56bfc062723c751e8b465ee728b)
Start importing Assets/AstarPathfindingProject/AstarPathfindingProject.asmdef using Guid(efa45043feb7e4147a305b73b5cea642) Importer(815301076,1909f56bfc062723c751e8b465ee728b) (PreviewImporter) -> (artifact id: '1e6b0eaf4f51d869f177ba3ab60badc0') in 0.001093 seconds
Number of updated asset objects reloaded before import = 0Number of asset objects unloaded after import = 0

========================================================================
Received Import Request.
  Time since last request: 33.153087 seconds.
  path: Assets/AstarPathfindingProject/ExampleScenes/Example12_Procedural/cylinder.fbx
  artifactKey: Guid(436b69414b04047fca3929c70df57c4f) Importer(815301076,1909f56bfc062723c751e8b465ee728b)
Start importing Assets/AstarPathfindingProject/ExampleScenes/Example12_Procedural/cylinder.fbx using Guid(436b69414b04047fca3929c70df57c4f) Importer(815301076,1909f56bfc062723c751e8b465ee728b) (PreviewImporter) -> (artifact id: 'e550e6dbfaa08636ec6fe6b75f59f9c6') in 0.7546644 seconds
Number of updated asset objects reloaded before import = 0Number of asset objects unloaded after import = 10

========================================================================
Received Import Request.
  Time since last request: 0.000064 seconds.
  path: Assets/AstarPathfindingProject/ExampleScenes/Prefabs/MineBot/mine_bot@right.FBX
  artifactKey: Guid(f8136785e54fd1d459d2a3a0849fe770) Importer(815301076,1909f56bfc062723c751e8b465ee728b)
Start importing Assets/AstarPathfindingProject/ExampleScenes/Prefabs/MineBot/mine_bot@right.FBX using Guid(f8136785e54fd1d459d2a3a0849fe770) Importer(815301076,1909f56bfc062723c751e8b465ee728b) (PreviewImporter) -> (artifact id: '193197cbf52cd5632fc872b94d8a5a30') in 0.3085699 seconds
Number of updated asset objects reloaded before import = 0Number of asset objects unloaded after import = 58

========================================================================
Received Import Request.
  Time since last request: 0.000057 seconds.
  path: Assets/AstarPathfindingProject/ExampleScenes/Prefabs/SomeBox.prefab
  artifactKey: Guid(b1a1bb6d1bcc546df826488cc72438c3) Importer(815301076,1909f56bfc062723c751e8b465ee728b)
Start importing Assets/AstarPathfindingProject/ExampleScenes/Prefabs/SomeBox.prefab using Guid(b1a1bb6d1bcc546df826488cc72438c3) Importer(815301076,1909f56bfc062723c751e8b465ee728b) (PreviewImporter) -> (artifact id: 'a69ba404b94f0df074497ab66bab9b8c') in 0.0166955 seconds
Number of updated asset objects reloaded before import = 0Number of asset objects unloaded after import = 9

========================================================================
Received Import Request.
  Time since last request: 0.000041 seconds.
  path: Assets/Prefabs/Enemy_orange.prefab
  artifactKey: Guid(6c54b3bc01a770b459f27c4d848b0be0) Importer(815301076,1909f56bfc062723c751e8b465ee728b)
Start importing Assets/Prefabs/Enemy_orange.prefab using Guid(6c54b3bc01a770b459f27c4d848b0be0) Importer(815301076,1909f56bfc062723c751e8b465ee728b) (PreviewImporter) -> (artifact id: '65ebfdd094a8175ab7e78f75562a8379') in 0.0691556 seconds
Number of updated asset objects reloaded before import = 0Number of asset objects unloaded after import = 36

========================================================================
Received Import Request.
  Time since last request: 0.000053 seconds.
  path: Assets/Prefabs/Poplar_Tree.prefab
  artifactKey: Guid(826b6a0b570e8460990010fa615b5a2a) Importer(815301076,1909f56bfc062723c751e8b465ee728b)
Start importing Assets/Prefabs/Poplar_Tree.prefab using Guid(826b6a0b570e8460990010fa615b5a2a) Importer(815301076,1909f56bfc062723c751e8b465ee728b) (PreviewImporter) -> (artifact id: '5bb0a16d2c03339645a487513b38f5ed') in 0.1190542 seconds
Number of updated asset objects reloaded before import = 0Number of asset objects unloaded after import = 10

========================================================================
Received Import Request.
  Time since last request: 0.000041 seconds.
  path: Assets/Prefabs/Character (92).prefab
  artifactKey: Guid(3a8b732b869882f45be1f166e655306d) Importer(815301076,1909f56bfc062723c751e8b465ee728b)
Start importing Assets/Prefabs/Character (92).prefab using Guid(3a8b732b869882f45be1f166e655306d) Importer(815301076,1909f56bfc062723c751e8b465ee728b) (PreviewImporter) -> (artifact id: '2e278089d2f2ac04949d08f88dfe55a8') in 0.0839354 seconds
Number of updated asset objects reloaded before import = 0Number of asset objects unloaded after import = 36

========================================================================
Received Import Request.
  Time since last request: 0.000082 seconds.
  path: Assets/Prefabs/Character (2).prefab
  artifactKey: Guid(e1e877f02eaab95409670932b37c5e41) Importer(815301076,1909f56bfc062723c751e8b465ee728b)
Start importing Assets/Prefabs/Character (2).prefab using Guid(e1e877f02eaab95409670932b37c5e41) Importer(815301076,1909f56bfc062723c751e8b465ee728b) (PreviewImporter) -> (artifact id: 'f98c7c162e888d1341a1eed7fe9f15cb') in 0.0744191 seconds
Number of updated asset objects reloaded before import = 0Number of asset objects unloaded after import = 35

========================================================================
Received Import Request.
  Time since last request: 0.000040 seconds.
  path: Assets/Prefabs/Character (86).prefab
  artifactKey: Guid(978c988d91ce9c744abbdd49c485a140) Importer(815301076,1909f56bfc062723c751e8b465ee728b)
Start importing Assets/Prefabs/Character (86).prefab using Guid(978c988d91ce9c744abbdd49c485a140) Importer(815301076,1909f56bfc062723c751e8b465ee728b) (PreviewImporter) -> (artifact id: 'a41644a76467cfa0909d52ed581b7ac4') in 0.0642923 seconds
Number of updated asset objects reloaded before import = 0Number of asset objects unloaded after import = 43

========================================================================
Received Import Request.
  Time since last request: 0.000049 seconds.
  path: Assets/Prefabs/Green Bat.prefab
  artifactKey: Guid(28528c8ce5869ea41bbfcbb5e73e00d8) Importer(815301076,1909f56bfc062723c751e8b465ee728b)
Start importing Assets/Prefabs/Green Bat.prefab using Guid(28528c8ce5869ea41bbfcbb5e73e00d8) Importer(815301076,1909f56bfc062723c751e8b465ee728b) (PreviewImporter) -> (artifact id: 'e86b68432d2e5e720811d76800be272a') in 0.0385264 seconds
Number of updated asset objects reloaded before import = 0Number of asset objects unloaded after import = 22

========================================================================
Received Import Request.
  Time since last request: 0.000038 seconds.
  path: Assets/AstarPathfindingProject/ExampleScenes/Example12_Procedural/ProceduralPrefab1.prefab
  artifactKey: Guid(b11992e5e8afb4e63a1ccab9daf6f07c) Importer(815301076,1909f56bfc062723c751e8b465ee728b)
Start importing Assets/AstarPathfindingProject/ExampleScenes/Example12_Procedural/ProceduralPrefab1.prefab using Guid(b11992e5e8afb4e63a1ccab9daf6f07c) Importer(815301076,1909f56bfc062723c751e8b465ee728b) (PreviewImporter) -> (artifact id: 'c0797830f1bbc17df99fa69aa56becba') in 0.0127566 seconds
Number of updated asset objects reloaded before import = 0Number of asset objects unloaded after import = 11

========================================================================
Received Import Request.
  Time since last request: 0.000053 seconds.
  path: Assets/Prefabs/Character (32).prefab
  artifactKey: Guid(148c8d9fce058624ab9be31d210a69cc) Importer(815301076,1909f56bfc062723c751e8b465ee728b)
Start importing Assets/Prefabs/Character (32).prefab using Guid(148c8d9fce058624ab9be31d210a69cc) Importer(815301076,1909f56bfc062723c751e8b465ee728b) (PreviewImporter) -> (artifact id: '8c5295f102181fa087fc86d58b8a6ae2') in 0.0649687 seconds
Number of updated asset objects reloaded before import = 0Number of asset objects unloaded after import = 34

========================================================================
Received Import Request.
  Time since last request: 0.000042 seconds.
  path: Assets/Prefabs/Warlock.prefab
  artifactKey: Guid(18edeaf785148804b857b1b45b548b5e) Importer(815301076,1909f56bfc062723c751e8b465ee728b)
Start importing Assets/Prefabs/Warlock.prefab using Guid(18edeaf785148804b857b1b45b548b5e) Importer(815301076,1909f56bfc062723c751e8b465ee728b) (PreviewImporter) -> (artifact id: 'd2f98fb3270283aa43b25affa6ce24cc') in 0.0239347 seconds
Number of updated asset objects reloaded before import = 0Number of asset objects unloaded after import = 29

========================================================================
Received Import Request.
  Time since last request: 0.000044 seconds.
  path: Assets/Prefabs/Character (49).prefab
  artifactKey: Guid(e57e4a9993bf7e746a30701597e5637e) Importer(815301076,1909f56bfc062723c751e8b465ee728b)
Start importing Assets/Prefabs/Character (49).prefab using Guid(e57e4a9993bf7e746a30701597e5637e) Importer(815301076,1909f56bfc062723c751e8b465ee728b) (PreviewImporter) -> (artifact id: 'c3ef48812118c61d8a796913b8f0f334') in 0.0656669 seconds
Number of updated asset objects reloaded before import = 0Number of asset objects unloaded after import = 24

========================================================================
Received Import Request.
  Time since last request: 0.000043 seconds.
  path: Assets/AstarPathfindingProject/ExampleScenes/Example12_Procedural/ProceduralPrefab2.prefab
  artifactKey: Guid(1c63e47cea3074ee89305fd4cefa91e8) Importer(815301076,1909f56bfc062723c751e8b465ee728b)
Start importing Assets/AstarPathfindingProject/ExampleScenes/Example12_Procedural/ProceduralPrefab2.prefab using Guid(1c63e47cea3074ee89305fd4cefa91e8) Importer(815301076,1909f56bfc062723c751e8b465ee728b) (PreviewImporter) -> (artifact id: 'b11710a410352c5939207a9362d689e5') in 0.0147279 seconds
Number of updated asset objects reloaded before import = 0Number of asset objects unloaded after import = 22

========================================================================
Received Import Request.
  Time since last request: 0.000058 seconds.
  path: Assets/Prefabs/Character (71).prefab
  artifactKey: Guid(c6cab51adfe6094498f6aca1862b0c32) Importer(815301076,1909f56bfc062723c751e8b465ee728b)
Start importing Assets/Prefabs/Character (71).prefab using Guid(c6cab51adfe6094498f6aca1862b0c32) Importer(815301076,1909f56bfc062723c751e8b465ee728b) (PreviewImporter) -> (artifact id: 'fffe48a7a72afbb72e19ce0a13f84d99') in 0.0751644 seconds
Number of updated asset objects reloaded before import = 0Number of asset objects unloaded after import = 30

========================================================================
Received Import Request.
  Time since last request: 0.000045 seconds.
  path: Assets/AstarPathfindingProject/ExampleScenes/Example6_Navmesh/navmesh.obj
  artifactKey: Guid(6ac6694dd977643948f7ae7305e370ba) Importer(815301076,1909f56bfc062723c751e8b465ee728b)
Start importing Assets/AstarPathfindingProject/ExampleScenes/Example6_Navmesh/navmesh.obj using Guid(6ac6694dd977643948f7ae7305e370ba) Importer(815301076,1909f56bfc062723c751e8b465ee728b) (PreviewImporter) -> (artifact id: 'c8374141eeb8bc8201372252c18fffc2') in 0.0450986 seconds
Number of updated asset objects reloaded before import = 0Number of asset objects unloaded after import = 11

========================================================================
Received Import Request.
  Time since last request: 0.000051 seconds.
  path: Assets/Free_Trees/Meshes/Fir_Tree.fbx
  artifactKey: Guid(d7ad634caa1c049d49b730cc6d29c683) Importer(815301076,1909f56bfc062723c751e8b465ee728b)
Start importing Assets/Free_Trees/Meshes/Fir_Tree.fbx using Guid(d7ad634caa1c049d49b730cc6d29c683) Importer(815301076,1909f56bfc062723c751e8b465ee728b) (PreviewImporter) -> (artifact id: '6e1747e836256a64ba24afcf86d15a8b') in 0.0223777 seconds
Number of updated asset objects reloaded before import = 0Number of asset objects unloaded after import = 8

========================================================================
Received Import Request.
  Time since last request: 0.000045 seconds.
  path: Assets/TextMesh Pro/Examples & Extras/Prefabs/TextMeshPro - Prefab 2.prefab
  artifactKey: Guid(fdad9d952ae84cafb74c63f2e694d042) Importer(815301076,1909f56bfc062723c751e8b465ee728b)
Start importing Assets/TextMesh Pro/Examples & Extras/Prefabs/TextMeshPro - Prefab 2.prefab using Guid(fdad9d952ae84cafb74c63f2e694d042) Importer(815301076,1909f56bfc062723c751e8b465ee728b) (PreviewImporter) -> (artifact id: '890686c247980e569b5d0dab265b89f7') in 0.0364116 seconds
Number of updated asset objects reloaded before import = 0Number of asset objects unloaded after import = 16

========================================================================
Received Import Request.
  Time since last request: 0.000053 seconds.
  path: Assets/AstarPathfindingProject/ExampleScenes/Prefabs/DynamicObstacle.prefab
  artifactKey: Guid(4267c4f7628024c018e8bd0acd298526) Importer(815301076,1909f56bfc062723c751e8b465ee728b)
Start importing Assets/AstarPathfindingProject/ExampleScenes/Prefabs/DynamicObstacle.prefab using Guid(4267c4f7628024c018e8bd0acd298526) Importer(815301076,1909f56bfc062723c751e8b465ee728b) (PreviewImporter) -> (artifact id: '84a694d00856e5ec6effa9cea3d27c94') in 0.0169414 seconds
Number of updated asset objects reloaded before import = 0Number of asset objects unloaded after import = 13

========================================================================
Received Import Request.
  Time since last request: 0.000037 seconds.
  path: Assets/Prefabs/Enemy1.prefab
  artifactKey: Guid(612edc91057cde045bf9a45fbbe10bc5) Importer(815301076,1909f56bfc062723c751e8b465ee728b)
Start importing Assets/Prefabs/Enemy1.prefab using Guid(612edc91057cde045bf9a45fbbe10bc5) Importer(815301076,1909f56bfc062723c751e8b465ee728b) (PreviewImporter) -> (artifact id: 'afaf88fd92cc52f269c13677e0baf42a') in 0.0236566 seconds
Number of updated asset objects reloaded before import = 0Number of asset objects unloaded after import = 41

========================================================================
Received Import Request.
  Time since last request: 0.000044 seconds.
  path: Assets/AstarPathfindingProject/ExampleScenes/Prefabs/MineBot/mine_bot@awake.FBX
  artifactKey: Guid(7e212db0aa2c00b448aa511ece336f20) Importer(815301076,1909f56bfc062723c751e8b465ee728b)
Start importing Assets/AstarPathfindingProject/ExampleScenes/Prefabs/MineBot/mine_bot@awake.FBX using Guid(7e212db0aa2c00b448aa511ece336f20) Importer(815301076,1909f56bfc062723c751e8b465ee728b) (PreviewImporter) -> (artifact id: 'a6ed9117e8b810fbc2f725fccca040b0') in 0.1109182 seconds
Number of updated asset objects reloaded before import = 0Number of asset objects unloaded after import = 56

========================================================================
Received Import Request.
  Time since last request: 0.000043 seconds.
  path: Assets/AstarPathfindingProject/ExampleScenes/Prefabs/TargetReachedEffect.prefab
  artifactKey: Guid(441e67a4721e749f0bca9581956f2729) Importer(815301076,1909f56bfc062723c751e8b465ee728b)
Start importing Assets/AstarPathfindingProject/ExampleScenes/Prefabs/TargetReachedEffect.prefab using Guid(441e67a4721e749f0bca9581956f2729) Importer(815301076,1909f56bfc062723c751e8b465ee728b) (PreviewImporter) -> (artifact id: '8cbafc98bb07dc8344ca9312bfbd70a7') in 0.0032847 seconds
Number of updated asset objects reloaded before import = 0Number of asset objects unloaded after import = 4

========================================================================
Received Import Request.
  Time since last request: 0.000186 seconds.
  path: Assets/AstarPathfindingProject/ExampleScenes/Example12_Procedural/ProceduralPrefab4.prefab
  artifactKey: Guid(df2342a101fc54b44811414aaee023ba) Importer(815301076,1909f56bfc062723c751e8b465ee728b)
Start importing Assets/AstarPathfindingProject/ExampleScenes/Example12_Procedural/ProceduralPrefab4.prefab using Guid(df2342a101fc54b44811414aaee023ba) Importer(815301076,1909f56bfc062723c751e8b465ee728b) (PreviewImporter) -> (artifact id: 'c7939cfdc1fd50e5d5cfb6f41bde1e50') in 0.0176881 seconds
Number of updated asset objects reloaded before import = 0Number of asset objects unloaded after import = 29

========================================================================
Received Import Request.
  Time since last request: 0.000051 seconds.
  path: Assets/Free_Trees/Meshes/Poplar_Tree.fbx
  artifactKey: Guid(186ad8f063dbf430da4d56ebc0cb14e0) Importer(815301076,1909f56bfc062723c751e8b465ee728b)
Start importing Assets/Free_Trees/Meshes/Poplar_Tree.fbx using Guid(186ad8f063dbf430da4d56ebc0cb14e0) Importer(815301076,1909f56bfc062723c751e8b465ee728b) (PreviewImporter) -> (artifact id: '5a083db9e1871a67e55ffbf87179a9ff') in 0.022893 seconds
Number of updated asset objects reloaded before import = 0Number of asset objects unloaded after import = 8

========================================================================
Received Import Request.
  Time since last request: 0.000039 seconds.
  path: Assets/TextMesh Pro/Examples & Extras/Prefabs/Text Popup.prefab
  artifactKey: Guid(b06f0e6c1dfa4356ac918da1bb32c603) Importer(815301076,1909f56bfc062723c751e8b465ee728b)
Start importing Assets/TextMesh Pro/Examples & Extras/Prefabs/Text Popup.prefab using Guid(b06f0e6c1dfa4356ac918da1bb32c603) Importer(815301076,1909f56bfc062723c751e8b465ee728b) (PreviewImporter) -> (artifact id: '1d087d8a770ed242b30212a381701e11') in 0.0335804 seconds
Number of updated asset objects reloaded before import = 0Number of asset objects unloaded after import = 21

========================================================================
Received Import Request.
  Time since last request: 0.000055 seconds.
  path: Assets/Prefabs/Character (96).prefab
  artifactKey: Guid(4a720944a115d9447a4996ddaa03525b) Importer(815301076,1909f56bfc062723c751e8b465ee728b)
Start importing Assets/Prefabs/Character (96).prefab using Guid(4a720944a115d9447a4996ddaa03525b) Importer(815301076,1909f56bfc062723c751e8b465ee728b) (PreviewImporter) -> (artifact id: 'ae7a798ac54c22c33354c9802ffaab66') in 0.0709849 seconds
Number of updated asset objects reloaded before import = 0Number of asset objects unloaded after import = 29

========================================================================
Received Import Request.
  Time since last request: 0.000051 seconds.
  path: Assets/Prefabs/Character (29).prefab
  artifactKey: Guid(98e526bbee640a94eae22e541e12448f) Importer(815301076,1909f56bfc062723c751e8b465ee728b)
Start importing Assets/Prefabs/Character (29).prefab using Guid(98e526bbee640a94eae22e541e12448f) Importer(815301076,1909f56bfc062723c751e8b465ee728b) (PreviewImporter) -> (artifact id: 'b1720a98d92f9f442e4a6d77befb152d') in 0.0669238 seconds
Number of updated asset objects reloaded before import = 0Number of asset objects unloaded after import = 27

========================================================================
Received Import Request.
  Time since last request: 0.000041 seconds.
  path: Assets/Prefabs/Mountains.prefab
  artifactKey: Guid(e64e1995603f3c34ca98e03d81cfbb4f) Importer(815301076,1909f56bfc062723c751e8b465ee728b)
Start importing Assets/Prefabs/Mountains.prefab using Guid(e64e1995603f3c34ca98e03d81cfbb4f) Importer(815301076,1909f56bfc062723c751e8b465ee728b) (PreviewImporter) -> (artifact id: 'e3a8505fc0da1de212c31f9e123259ce') in 0.0247805 seconds
Number of updated asset objects reloaded before import = 0Number of asset objects unloaded after import = 66

========================================================================
Received Import Request.
  Time since last request: 0.000064 seconds.
  path: Assets/Prefabs/Fir_Tree.prefab
  artifactKey: Guid(19682540d8a014522a319b1cf788aee2) Importer(815301076,1909f56bfc062723c751e8b465ee728b)
Start importing Assets/Prefabs/Fir_Tree.prefab using Guid(19682540d8a014522a319b1cf788aee2) Importer(815301076,1909f56bfc062723c751e8b465ee728b) (PreviewImporter) -> (artifact id: '094a4e10f840df03567fd0e91475f382') in 0.0172425 seconds
Number of updated asset objects reloaded before import = 0Number of asset objects unloaded after import = 10

========================================================================
Received Import Request.
  Time since last request: 0.000063 seconds.
  path: Assets/Prefabs/Blood.prefab
  artifactKey: Guid(4fcbc12c51169b6478c6b7f8d3fa238a) Importer(815301076,1909f56bfc062723c751e8b465ee728b)
Start importing Assets/Prefabs/Blood.prefab using Guid(4fcbc12c51169b6478c6b7f8d3fa238a) Importer(815301076,1909f56bfc062723c751e8b465ee728b) (PreviewImporter) -> (artifact id: '409097ce31ba72dc66780d80cfa103ed') in 0.0141265 seconds
Number of updated asset objects reloaded before import = 0Number of asset objects unloaded after import = 8

========================================================================
Received Import Request.
  Time since last request: 0.000044 seconds.
  path: Assets/Prefabs/Shot Effect.prefab
  artifactKey: Guid(303a2e9c30ff561499e216a516c5c48c) Importer(815301076,1909f56bfc062723c751e8b465ee728b)
Start importing Assets/Prefabs/Shot Effect.prefab using Guid(303a2e9c30ff561499e216a516c5c48c) Importer(815301076,1909f56bfc062723c751e8b465ee728b) (PreviewImporter) -> (artifact id: 'f0a447ebd4d65d8cbc39809715b16f11') in 0.0037862 seconds
Number of updated asset objects reloaded before import = 0Number of asset objects unloaded after import = 6

========================================================================
Received Import Request.
  Time since last request: 0.000045 seconds.
  path: Assets/Prefabs/Palm_Tree.prefab
  artifactKey: Guid(c6b7fb383a3534b039692b5485b6e739) Importer(815301076,1909f56bfc062723c751e8b465ee728b)
Start importing Assets/Prefabs/Palm_Tree.prefab using Guid(c6b7fb383a3534b039692b5485b6e739) Importer(815301076,1909f56bfc062723c751e8b465ee728b) (PreviewImporter) -> (artifact id: '98f384223f89ddea0b3a998af10e6603') in 0.0157273 seconds
Number of updated asset objects reloaded before import = 0Number of asset objects unloaded after import = 10

========================================================================
Received Import Request.
  Time since last request: 0.000049 seconds.
  path: Assets/AstarPathfindingProject/ExampleScenes/Prefabs/MineBot/mine_bot@back.FBX
  artifactKey: Guid(a13fed205b1fa3942abfab7ba21463ec) Importer(815301076,1909f56bfc062723c751e8b465ee728b)
Start importing Assets/AstarPathfindingProject/ExampleScenes/Prefabs/MineBot/mine_bot@back.FBX using Guid(a13fed205b1fa3942abfab7ba21463ec) Importer(815301076,1909f56bfc062723c751e8b465ee728b) (PreviewImporter) -> (artifact id: '82a8faeed395297f76b89bc242db90a2') in 0.1292983 seconds
Number of updated asset objects reloaded before import = 0Number of asset objects unloaded after import = 58

========================================================================
Received Import Request.
  Time since last request: 0.000068 seconds.
  path: Assets/AstarPathfindingProject/ExampleScenes/Prefabs/MineBot/mine_bot@forward.FBX
  artifactKey: Guid(1da85f72a7a82bc4eabdbd8f0683bde2) Importer(815301076,1909f56bfc062723c751e8b465ee728b)
Start importing Assets/AstarPathfindingProject/ExampleScenes/Prefabs/MineBot/mine_bot@forward.FBX using Guid(1da85f72a7a82bc4eabdbd8f0683bde2) Importer(815301076,1909f56bfc062723c751e8b465ee728b) (PreviewImporter) -> (artifact id: '6f43fd9eb865b11fd743cbbb3a08e75c') in 0.1252196 seconds
Number of updated asset objects reloaded before import = 0Number of asset objects unloaded after import = 57

========================================================================
Received Import Request.
  Time since last request: 24.003928 seconds.
  path: Assets/Free_Trees/Meshes/Materials/No Name.mat
  artifactKey: Guid(98189d553b7404d8290e447fb600ac6f) Importer(815301076,1909f56bfc062723c751e8b465ee728b)
Start importing Assets/Free_Trees/Meshes/Materials/No Name.mat using Guid(98189d553b7404d8290e447fb600ac6f) Importer(815301076,1909f56bfc062723c751e8b465ee728b) (PreviewImporter) -> (artifact id: 'a9b46d65d8ab4abe2c32ae7697be7d77') in 0.0478791 seconds
Number of updated asset objects reloaded before import = 0Number of asset objects unloaded after import = 1

========================================================================
Received Import Request.
  Time since last request: 6.642793 seconds.
  path: Assets/Sounds/Enemy Damage.wav
  artifactKey: Guid(7dd04f2e3d6e73b4eb932f2f2f04df90) Importer(815301076,1909f56bfc062723c751e8b465ee728b)
Start importing Assets/Sounds/Enemy Damage.wav using Guid(7dd04f2e3d6e73b4eb932f2f2f04df90) Importer(815301076,1909f56bfc062723c751e8b465ee728b) (PreviewImporter) -> (artifact id: 'ddd91ffd40d948ce63b8fafc574c65d9') in 0.0682167 seconds
Number of updated asset objects reloaded before import = 0Number of asset objects unloaded after import = 2

========================================================================
Received Import Request.
  Time since last request: 0.000040 seconds.
  path: Assets/Sounds/Water Truck - Trevor Garrod.mp3
  artifactKey: Guid(11021551cea200b4db273d2779f4d788) Importer(815301076,1909f56bfc062723c751e8b465ee728b)
Start importing Assets/Sounds/Water Truck - Trevor Garrod.mp3 using Guid(11021551cea200b4db273d2779f4d788) Importer(815301076,1909f56bfc062723c751e8b465ee728b) (PreviewImporter) -> (artifact id: '9981e0b4423d5c968e0eaa55550d7bf3') in 0.0145819 seconds
Number of updated asset objects reloaded before import = 0Number of asset objects unloaded after import = 2

========================================================================
Received Import Request.
  Time since last request: 0.456196 seconds.
  path: Assets/Sprites/bg2.png
  artifactKey: Guid(0c1e32ba831250b4fa5aa04499b61094) Importer(815301076,1909f56bfc062723c751e8b465ee728b)
Start importing Assets/Sprites/bg2.png using Guid(0c1e32ba831250b4fa5aa04499b61094) Importer(815301076,1909f56bfc062723c751e8b465ee728b) (PreviewImporter) -> (artifact id: 'e4ecc5784c7c932cbf85aef59689e4d6') in 0.0519291 seconds
Number of updated asset objects reloaded before import = 0Number of asset objects unloaded after import = 3

========================================================================
Received Import Request.
  Time since last request: 0.000039 seconds.
  path: Assets/Sprites/circle.png
  artifactKey: Guid(b0c3e267907ca7642a5d5777dc3a8289) Importer(815301076,1909f56bfc062723c751e8b465ee728b)
Start importing Assets/Sprites/circle.png using Guid(b0c3e267907ca7642a5d5777dc3a8289) Importer(815301076,1909f56bfc062723c751e8b465ee728b) (PreviewImporter) -> (artifact id: '8ce2eb9c4e3e4f481a181641fbd82d22') in 0.0192346 seconds
Number of updated asset objects reloaded before import = 0Number of asset objects unloaded after import = 3

========================================================================
Received Import Request.
  Time since last request: 0.000046 seconds.
  path: Assets/Sprites/rocks.com.png
  artifactKey: Guid(823663291f77b934bad219ff00d52195) Importer(815301076,1909f56bfc062723c751e8b465ee728b)
Start importing Assets/Sprites/rocks.com.png using Guid(823663291f77b934bad219ff00d52195) Importer(815301076,1909f56bfc062723c751e8b465ee728b) (PreviewImporter) -> (artifact id: '9272034a326b1dc7cc632b2bcce70a40') in 0.1050858 seconds
Number of updated asset objects reloaded before import = 0Number of asset objects unloaded after import = 10

========================================================================
Received Import Request.
  Time since last request: 0.000033 seconds.
  path: Assets/Sprites/levelSelection.png
  artifactKey: Guid(bb089dba5b42fae47b19d96359ece463) Importer(815301076,1909f56bfc062723c751e8b465ee728b)
Start importing Assets/Sprites/levelSelection.png using Guid(bb089dba5b42fae47b19d96359ece463) Importer(815301076,1909f56bfc062723c751e8b465ee728b) (PreviewImporter) -> (artifact id: 'a3b694b8b2982b60d4bcee926e6a8f7d') in 0.0315096 seconds
Number of updated asset objects reloaded before import = 0Number of asset objects unloaded after import = 3

========================================================================
Received Import Request.
  Time since last request: 0.000074 seconds.
  path: Assets/Sprites/weapons.png
  artifactKey: Guid(73586e7059261ba4683b8611c1a619b3) Importer(815301076,1909f56bfc062723c751e8b465ee728b)
Start importing Assets/Sprites/weapons.png using Guid(73586e7059261ba4683b8611c1a619b3) Importer(815301076,1909f56bfc062723c751e8b465ee728b) (PreviewImporter) -> (artifact id: 'c13f716ba01d12cb34fdfd371476490e') in 0.0660463 seconds
Number of updated asset objects reloaded before import = 0Number of asset objects unloaded after import = 6

========================================================================
Received Import Request.
  Time since last request: 0.000089 seconds.
  path: Assets/Sprites/light.png
  artifactKey: Guid(edc2ed0dd1f04834babc191377c78d14) Importer(815301076,1909f56bfc062723c751e8b465ee728b)
Start importing Assets/Sprites/light.png using Guid(edc2ed0dd1f04834babc191377c78d14) Importer(815301076,1909f56bfc062723c751e8b465ee728b) (PreviewImporter) -> (artifact id: 'a807e83bf4dbfeda4dd7249b27d31089') in 0.0239831 seconds
Number of updated asset objects reloaded before import = 0Number of asset objects unloaded after import = 3

========================================================================
Received Import Request.
  Time since last request: 0.000035 seconds.
  path: Assets/Sprites/levelSign.png
  artifactKey: Guid(bdb5bf45ead9a72449a6e597f92ead2d) Importer(815301076,1909f56bfc062723c751e8b465ee728b)
Start importing Assets/Sprites/levelSign.png using Guid(bdb5bf45ead9a72449a6e597f92ead2d) Importer(815301076,1909f56bfc062723c751e8b465ee728b) (PreviewImporter) -> (artifact id: '0383f92c715b953459dd4f050813d8af') in 0.0528713 seconds
Number of updated asset objects reloaded before import = 0Number of asset objects unloaded after import = 6

========================================================================
Received Import Request.
  Time since last request: 0.000062 seconds.
  path: Assets/Sprites/Flake.png
  artifactKey: Guid(a671f74c92245684d85dab5cb1232e1c) Importer(815301076,1909f56bfc062723c751e8b465ee728b)
Start importing Assets/Sprites/Flake.png using Guid(a671f74c92245684d85dab5cb1232e1c) Importer(815301076,1909f56bfc062723c751e8b465ee728b) (PreviewImporter) -> (artifact id: 'e7119c84d73904de412522bf6f89ddcf') in 0.0161351 seconds
Number of updated asset objects reloaded before import = 0Number of asset objects unloaded after import = 2

========================================================================
Received Import Request.
  Time since last request: 0.000040 seconds.
  path: Assets/Sprites/levelSelect.png
  artifactKey: Guid(585dbd861c96e6d499d5205aa36f970b) Importer(815301076,1909f56bfc062723c751e8b465ee728b)
Start importing Assets/Sprites/levelSelect.png using Guid(585dbd861c96e6d499d5205aa36f970b) Importer(815301076,1909f56bfc062723c751e8b465ee728b) (PreviewImporter) -> (artifact id: '68daa7b53bdf9b6774945027211d19a9') in 0.0508902 seconds
Number of updated asset objects reloaded before import = 0Number of asset objects unloaded after import = 6

========================================================================
Received Import Request.
  Time since last request: 0.000042 seconds.
  path: Assets/Sprites/Square.png
  artifactKey: Guid(38ab2b1c0974ef94e95ad44a4d6ab541) Importer(815301076,1909f56bfc062723c751e8b465ee728b)
Start importing Assets/Sprites/Square.png using Guid(38ab2b1c0974ef94e95ad44a4d6ab541) Importer(815301076,1909f56bfc062723c751e8b465ee728b) (PreviewImporter) -> (artifact id: 'affb4df214571722df9ec4b97602e8bf') in 0.0359996 seconds
Number of updated asset objects reloaded before import = 0Number of asset objects unloaded after import = 3

========================================================================
Received Import Request.
  Time since last request: 0.000047 seconds.
  path: Assets/Sprites/fireball.png
  artifactKey: Guid(2f699c2fe11c1e349a0a270600ce1934) Importer(815301076,1909f56bfc062723c751e8b465ee728b)
Start importing Assets/Sprites/fireball.png using Guid(2f699c2fe11c1e349a0a270600ce1934) Importer(815301076,1909f56bfc062723c751e8b465ee728b) (PreviewImporter) -> (artifact id: '40ca48bb4e35e41e5a6bf1aa187a22ba') in 0.0182747 seconds
Number of updated asset objects reloaded before import = 0Number of asset objects unloaded after import = 3

========================================================================
Received Import Request.
  Time since last request: 0.000046 seconds.
  path: Assets/Sprites/enemy1.png
  artifactKey: Guid(11c8e2e08a836384186a983cc3ce84a5) Importer(815301076,1909f56bfc062723c751e8b465ee728b)
Start importing Assets/Sprites/enemy1.png using Guid(11c8e2e08a836384186a983cc3ce84a5) Importer(815301076,1909f56bfc062723c751e8b465ee728b) (PreviewImporter) -> (artifact id: 'a4bac7aab7e473578b3d4b5968c90754') in 0.040612 seconds
Number of updated asset objects reloaded before import = 0Number of asset objects unloaded after import = 6

========================================================================
Received Import Request.
  Time since last request: 0.000036 seconds.
  path: Assets/Sprites/greenBat.png
  artifactKey: Guid(7b7e4c0ebf77ccd4089870e5e31c7b74) Importer(815301076,1909f56bfc062723c751e8b465ee728b)
Start importing Assets/Sprites/greenBat.png using Guid(7b7e4c0ebf77ccd4089870e5e31c7b74) Importer(815301076,1909f56bfc062723c751e8b465ee728b) (PreviewImporter) -> (artifact id: 'becd0e43942a1f859bdae89fd2035418') in 0.0256277 seconds
Number of updated asset objects reloaded before import = 0Number of asset objects unloaded after import = 4

========================================================================
Received Import Request.
  Time since last request: 0.000041 seconds.
  path: Assets/Sprites/platforms5.png
  artifactKey: Guid(fb7a8e00671cc924d910360f9c9a9d6b) Importer(815301076,1909f56bfc062723c751e8b465ee728b)
Start importing Assets/Sprites/platforms5.png using Guid(fb7a8e00671cc924d910360f9c9a9d6b) Importer(815301076,1909f56bfc062723c751e8b465ee728b) (PreviewImporter) -> (artifact id: 'd9341ecdc80efa9456e6754fe3f25fb9') in 0.0422685 seconds
Number of updated asset objects reloaded before import = 0Number of asset objects unloaded after import = 5

Editor requested this worker to shutdown with reason: Scaling down because of idle timeout
AssetImportWorker is now disconnected from the server
Process exiting
Exiting without the bug reporter. Application will terminate with return code 0